name,wins,losses,height,weight,reach,stance,age,SLpM,sig_str_acc,SApM,str_def,td_avg,td_acc,td_def,sub_avg,imputed_reach,gender
Amanda Ribas,12.0,5.0,160.02,56.7,167.64,Orthodox,30.0,4.63,0.4,3.4,0.61,2.07,0.51,0.85,0.7,167.64,female
Rose Namajunas,13.0,6.0,165.1,56.7,165.1,Orthodox,31.0,3.69,0.41,3.51,0.63,1.38,0.47,0.59,0.5,165.1,female
Karl Williams,10.0,1.0,190.5,106.59,200.66,Orthodox,34.0,2.87,0.52,1.7,0.6,4.75,0.5,1.0,0.2,200.66,male
Justin Tafa,7.0,4.0,182.88,119.75,187.96,Southpaw,30.0,4.09,0.54,5.02,0.47,0.0,0.0,0.5,0.0,187.96,male
Edmen Shahbazyan,13.0,4.0,187.96,83.91,190.5,Orthodox,26.0,3.6,0.52,4.09,0.45,2.24,0.38,0.63,0.6,190.5,female
AJ Dobson,7.0,3.0,185.42,83.91,193.04,Orthodox,32.0,4.29,0.46,5.31,0.46,1.67,0.75,0.65,0.3,193.04,female
Payton Talbott,8.0,0.0,177.8,61.23,177.8,Switch,25.0,8.05,0.54,3.58,0.51,0.0,0.0,0.9,0.5,177.8,andy
Cameron Saaiman,9.0,2.0,172.72,61.23,170.18,Southpaw,23.0,5.32,0.46,4.18,0.51,0.91,0.28,0.47,0.7,170.18,male
Billy Quarantillo,18.0,6.0,177.8,65.77,177.8,Orthodox,35.0,7.36,0.56,5.57,0.43,1.24,0.23,0.61,1.1,177.8,male
Youssef Zalal,14.0,5.0,177.8,65.77,182.88,Switch,27.0,2.88,0.49,1.73,0.65,2.28,0.34,0.6,1.3,182.88,male
Fernando Padilla,16.0,5.0,185.42,65.77,193.04,Orthodox,27.0,6.48,0.42,5.25,0.53,0.0,0.0,1.0,0.8,193.04,male
Luis Pajuelo,8.0,2.0,177.8,65.77,175.26,Orthodox,29.0,6.03,0.57,8.2,0.52,0.0,0.0,0.66,0.0,175.26,male
Kurt Holobaugh,21.0,8.0,180.34,70.31,177.8,Orthodox,37.0,4.37,0.43,4.07,0.48,0.71,0.36,0.46,0.9,177.8,male
Trey Ogden,17.0,6.0,180.34,70.31,182.88,Orthodox,34.0,3.38,0.47,3.59,0.58,1.64,0.23,1.0,0.6,182.88,male
Ricardo Ramos,16.0,6.0,175.26,65.77,182.88,Orthodox,28.0,3.21,0.37,3.74,0.57,3.02,0.6,0.72,0.7,182.88,male
Julian Erosa,29.0,12.0,185.42,65.77,187.96,Southpaw,34.0,6.14,0.48,6.29,0.47,1.63,0.46,0.58,0.8,187.96,male
Miles Johns,14.0,2.0,170.18,61.23,167.64,Orthodox,29.0,3.28,0.47,2.55,0.68,1.15,0.22,0.85,0.0,167.64,male
Cody Gibson,20.0,10.0,177.8,61.23,180.34,Orthodox,36.0,4.0,0.43,4.08,0.57,1.28,0.28,0.68,0.2,180.34,male
Jarno Errens,14.0,5.0,180.34,65.77,185.42,Orthodox,29.0,3.44,0.46,3.36,0.63,0.0,0.0,0.28,0.3,185.42,male
Steven Nguyen,9.0,2.0,180.34,65.77,185.42,Switch,30.0,7.15,0.4,7.36,0.6,0.28,1.0,0.84,0.0,185.42,male
Montserrat Rendon,6.0,1.0,172.72,61.23,172.72,Orthodox,35.0,3.13,0.28,3.9,0.54,3.0,0.54,1.0,0.0,172.72,female
Daria Zhelezniakova,9.0,1.0,175.26,61.23,172.72,Missing,28.0,3.8,0.38,1.67,0.82,0.0,0.0,0.5,0.0,172.72,female
Igor Severino,8.0,1.0,170.18,56.7,175.26,Orthodox,20.0,7.17,0.52,4.33,0.47,9.69,0.71,0.5,0.0,175.26,male
Andre Lima,8.0,0.0,170.18,56.7,170.18,Orthodox,25.0,3.98,0.6,2.67,0.6,1.31,0.66,0.61,1.3,170.18,male
Mohammed Usman,11.0,3.0,187.96,108.41,200.66,Orthodox,34.0,3.18,0.37,4.21,0.52,0.89,0.18,0.0,0.0,200.66,male
Mick Parkin,9.0,0.0,193.04,120.2,200.66,Orthodox,28.0,4.54,0.51,3.94,0.59,1.6,0.41,0.5,0.3,200.66,male
Tai Tuivasa,15.0,7.0,187.96,119.75,190.5,Southpaw,31.0,3.96,0.49,5.05,0.43,0.0,0.0,0.57,0.0,190.5,male
Marcin Tybura,25.0,8.0,190.5,112.94,198.12,Orthodox,38.0,3.6,0.48,3.35,0.55,1.43,0.33,0.79,0.1,198.12,male
Ovince Saint Preux,27.0,17.0,190.5,92.99,203.2,Southpaw,40.0,3.03,0.47,3.32,0.47,1.1,0.36,0.67,0.5,203.2,female
Kennedy Nzechukwu,12.0,5.0,195.58,92.99,210.82,Southpaw,31.0,5.13,0.45,4.9,0.5,0.6,0.45,0.8,0.2,210.82,female
Christian Rodriguez,11.0,1.0,170.18,65.77,180.34,Orthodox,26.0,3.45,0.48,2.28,0.57,1.14,0.54,0.66,1.1,180.34,male
Isaac Dulgarian,6.0,1.0,170.18,65.77,180.34,Orthodox,27.0,2.88,0.58,2.53,0.39,6.06,0.47,0.0,1.5,180.34,male
Pannie Kianzad,17.0,8.0,170.18,61.23,167.64,Orthodox,32.0,4.74,0.49,3.67,0.53,0.46,0.33,0.66,0.1,167.64,female
Macy Chiasson,10.0,3.0,180.34,61.23,182.88,Orthodox,32.0,3.53,0.44,2.53,0.46,2.38,0.37,0.62,0.5,182.88,female
Gerald Meerschaert,36.0,17.0,185.42,83.91,195.58,Southpaw,36.0,3.18,0.45,3.37,0.53,2.17,0.38,0.34,1.6,195.58,male
Bryan Barberena,18.0,12.0,182.88,83.91,182.88,Southpaw,34.0,5.35,0.48,4.59,0.44,0.13,0.22,0.5,0.3,182.88,male
Natan Levy,8.0,2.0,175.26,70.31,180.34,Southpaw,32.0,3.7,0.52,3.19,0.58,5.03,0.58,0.41,0.5,180.34,male
Mike Davis,11.0,2.0,182.88,70.31,182.88,Orthodox,31.0,5.35,0.52,5.76,0.55,2.77,0.53,0.64,0.4,182.88,male
Josiane Nunes,10.0,2.0,157.48,61.23,170.18,Southpaw,30.0,5.99,0.44,5.25,0.53,0.0,0.0,0.58,0.0,170.18,female
Chelsea Chandler,6.0,2.0,172.72,61.23,172.72,Southpaw,33.0,3.45,0.45,3.09,0.49,1.31,0.6,0.33,0.0,172.72,female
Jafel Filho,16.0,3.0,170.18,56.7,172.72,Orthodox,30.0,2.36,0.41,2.0,0.47,1.77,0.33,0.55,2.6,172.72,female
Ode Osbourne,12.0,7.0,170.18,56.7,185.42,Southpaw,32.0,3.46,0.38,4.44,0.44,1.27,0.27,0.64,0.2,185.42,male
Josh Culibao,11.0,3.0,177.8,65.77,185.42,Orthodox,29.0,3.2,0.42,3.24,0.56,0.0,0.0,0.67,0.3,185.42,male
Danny Silva,9.0,1.0,180.34,65.77,177.8,Switch,27.0,8.3,0.58,9.47,0.59,3.0,0.5,1.0,0.5,177.8,male
Jaqueline Amorim,8.0,1.0,160.02,52.16,172.72,Orthodox,28.0,3.33,0.52,1.85,0.62,1.48,0.23,0.0,5.4,172.72,female
Cory McKenna,8.0,3.0,160.02,52.16,147.32,Orthodox,24.0,3.0,0.4,3.19,0.48,2.22,0.58,0.71,0.4,147.32,male
Thiago Moises,18.0,7.0,175.26,70.31,177.8,Orthodox,29.0,2.47,0.4,4.19,0.55,1.64,0.44,0.56,1.3,177.8,female
Mitch Ramirez,8.0,2.0,180.34,70.31,180.34,Orthodox,31.0,2.37,0.42,3.34,0.36,0.91,1.0,0.0,0.0,180.34,male
Charalampos Grigoriou,8.0,4.0,170.18,61.23,170.18,Orthodox,31.0,2.13,0.4,5.56,0.46,3.75,0.8,1.0,0.0,170.18,male
Chad Anheliger,13.0,7.0,167.64,61.23,162.56,Orthodox,37.0,3.6,0.45,3.11,0.53,0.82,0.3,0.42,0.6,162.56,male
Sean O'Malley,18.0,1.0,180.34,61.23,182.88,Switch,29.0,7.63,0.61,3.52,0.62,0.35,0.42,0.62,0.3,182.88,male
Marlon Vera,23.0,9.0,172.72,61.23,177.8,Switch,31.0,4.31,0.49,5.48,0.5,0.53,0.39,0.7,0.9,177.8,male
Dustin Poirier,30.0,8.0,175.26,70.31,182.88,Southpaw,35.0,5.45,0.51,4.36,0.53,1.33,0.36,0.63,1.4,182.88,male
Benoit Saint Denis,13.0,2.0,180.34,70.31,185.42,Southpaw,28.0,5.7,0.54,4.98,0.42,4.76,0.37,0.69,1.5,185.42,female
Kevin Holland,25.0,11.0,190.5,77.11,205.74,Orthodox,31.0,4.24,0.49,3.19,0.5,0.85,0.38,0.54,0.6,205.74,male
Michael Page,22.0,2.0,190.5,77.11,200.66,Switch,36.0,3.14,0.69,1.6,0.55,0.77,0.25,0.66,0.0,200.66,male
Gilbert Burns,22.0,7.0,177.8,77.11,180.34,Orthodox,37.0,3.29,0.48,3.42,0.54,2.24,0.38,0.5,0.5,180.34,male
Jack Della Maddalena,17.0,2.0,180.34,77.11,185.42,Switch,27.0,6.74,0.53,4.27,0.66,0.21,0.16,0.7,0.2,185.42,male
Petr Yan,17.0,5.0,170.18,61.23,170.18,Switch,31.0,5.14,0.53,4.36,0.58,1.73,0.51,0.85,0.1,170.18,male
Song Yadong,21.0,8.0,172.72,61.23,170.18,Orthodox,26.0,4.49,0.43,3.96,0.55,0.66,0.4,0.72,0.2,170.18,andy
Curtis Blaydes,18.0,4.0,193.04,120.2,203.2,Orthodox,33.0,3.53,0.5,1.83,0.59,5.72,0.53,0.31,0.0,203.2,male
Jailton Almeida,20.0,3.0,190.5,92.99,200.66,Orthodox,32.0,2.54,0.64,0.74,0.4,6.88,0.59,0.75,2.2,200.66,female
Katlyn Cerminara,18.0,6.0,175.26,56.7,172.72,Orthodox,35.0,4.58,0.34,4.48,0.62,0.31,0.15,0.5,0.3,172.72,female
Maycee Barber,14.0,2.0,165.1,56.7,165.1,Switch,25.0,4.7,0.53,2.9,0.54,1.44,0.43,0.53,0.1,165.1,female
Mateusz Gamrot,24.0,2.0,177.8,70.31,177.8,Southpaw,33.0,3.09,0.51,3.07,0.59,5.28,0.35,0.9,0.1,177.8,male
Rafael Dos Anjos,32.0,16.0,172.72,70.31,177.8,Southpaw,39.0,3.48,0.47,3.21,0.6,1.95,0.35,0.55,0.6,177.8,male
Pedro Munhoz,20.0,9.0,167.64,61.23,165.1,Orthodox,37.0,5.32,0.43,6.23,0.56,0.51,0.18,0.82,0.5,165.1,male
Kyler Phillips,12.0,2.0,172.72,61.23,182.88,Orthodox,28.0,5.72,0.45,3.38,0.61,2.41,0.46,0.75,0.5,182.88,male
Ion Cutelaba,17.0,10.0,185.42,92.99,190.5,Southpaw,30.0,4.44,0.43,3.43,0.47,4.17,0.57,0.76,0.0,190.5,male
Philipe Lins,18.0,5.0,187.96,92.99,198.12,Orthodox,38.0,3.8,0.49,3.59,0.46,1.65,0.33,1.0,0.0,198.12,female
Michel Pereira,30.0,11.0,185.42,83.91,185.42,Orthodox,30.0,5.15,0.54,3.71,0.58,1.55,0.55,0.94,0.7,185.42,male
Michal Oleksiejczuk,19.0,7.0,182.88,83.91,187.96,Southpaw,29.0,5.06,0.5,4.26,0.61,0.75,0.44,0.48,0.0,187.96,male
Robelis Despaigne,5.0,0.0,200.66,120.2,213.36,Orthodox,35.0,23.33,0.77,6.67,0.6,0.0,0.0,0.0,0.0,213.36,female
Josh Parisian,15.0,8.0,193.04,120.2,200.66,Orthodox,34.0,4.55,0.48,4.88,0.41,0.98,0.33,0.46,0.2,200.66,male
CJ Vergara,12.0,5.0,167.64,56.7,172.72,Orthodox,32.0,5.24,0.57,4.62,0.52,0.0,0.0,0.6,0.2,172.72,female
Asu Almabayev,19.0,2.0,162.56,56.7,165.1,Orthodox,30.0,3.02,0.59,1.42,0.53,7.12,0.57,0.0,1.3,165.1,female
Joanne Wood,17.0,8.0,167.64,56.7,165.1,Orthodox,38.0,7.1,0.51,4.89,0.51,1.52,0.55,0.58,0.3,165.1,female
Maryna Moroz,11.0,6.0,170.18,56.7,170.18,Orthodox,32.0,4.42,0.33,4.89,0.51,0.7,0.24,0.42,0.6,170.18,female
Jairzinho Rozenstruik,14.0,5.0,187.96,109.77,198.12,Orthodox,36.0,3.44,0.49,2.78,0.47,0.0,0.0,0.75,0.0,198.12,female
Shamil Gaziev,12.0,1.0,193.04,120.2,198.12,Orthodox,34.0,2.63,0.44,4.73,0.42,0.53,0.14,1.0,0.5,198.12,male
Vitor Petrino,11.0,0.0,187.96,92.99,195.58,Orthodox,26.0,2.74,0.45,2.49,0.45,3.86,0.68,0.71,0.8,195.58,female
Tyson Pedro,10.0,5.0,190.5,92.99,200.66,Orthodox,32.0,2.9,0.59,2.39,0.56,0.76,0.3,0.5,0.8,200.66,male
Alex Perez,24.0,8.0,167.64,56.7,165.1,Orthodox,32.0,4.12,0.46,3.14,0.59,2.26,0.44,0.82,1.0,165.1,male
Muhammad Mokaev,12.0,0.0,170.18,56.7,177.8,Orthodox,23.0,1.53,0.48,1.36,0.57,5.75,0.41,0.0,1.0,177.8,male
Umar Nurmagomedov,17.0,0.0,172.72,61.23,175.26,Orthodox,28.0,4.75,0.69,0.56,0.76,4.51,0.56,1.0,0.6,175.26,male
Bekzat Almakhan,11.0,2.0,170.18,61.23,172.72,Orthodox,26.0,0.2,0.18,4.53,0.3,0.0,0.0,0.0,0.0,172.72,female
Matt Schnell,16.0,8.0,172.72,56.7,177.8,Orthodox,34.0,4.23,0.38,4.56,0.55,0.59,0.44,0.5,1.0,177.8,male
Steve Erceg,12.0,1.0,172.72,56.7,172.72,Orthodox,28.0,4.57,0.48,3.64,0.55,1.69,0.3,0.77,0.8,172.72,male
Eryk Anders,16.0,8.0,185.42,83.91,190.5,Southpaw,36.0,3.41,0.47,4.17,0.5,1.79,0.26,0.79,0.1,190.5,male
Jamie Pickett,13.0,11.0,187.96,83.91,203.2,Orthodox,35.0,2.65,0.47,3.62,0.5,1.26,0.4,0.67,0.1,203.2,female
Vinicius Oliveira,20.0,3.0,175.26,61.23,177.8,Switch,28.0,5.42,0.47,2.94,0.5,1.69,0.5,0.4,0.0,177.8,male
Benardo Sopaj,11.0,3.0,167.64,61.23,167.64,Orthodox,23.0,3.06,0.52,4.56,0.53,3.06,0.75,0.5,0.0,167.64,female
Aiemann Zahabi,11.0,2.0,172.72,61.23,172.72,Orthodox,36.0,3.43,0.43,3.61,0.71,0.2,0.16,0.79,0.0,172.72,female
Javid Basharat,14.0,1.0,175.26,61.23,175.26,Orthodox,28.0,5.42,0.53,2.97,0.62,1.7,0.4,0.85,0.2,175.26,male
Christian Leroy Duncan,10.0,1.0,187.96,83.91,200.66,Switch,28.0,5.96,0.62,3.82,0.5,0.45,0.14,0.5,0.0,200.66,male
Claudio Ribeiro,11.0,5.0,185.42,83.91,195.58,Orthodox,31.0,3.59,0.51,4.9,0.3,0.56,0.5,0.66,0.0,195.58,male
Ludovit Klein,21.0,4.0,170.18,70.31,182.88,Southpaw,29.0,3.96,0.55,3.74,0.53,1.77,0.47,0.83,0.0,182.88,female
AJ Cunningham,11.0,4.0,177.8,70.31,180.34,Orthodox,29.0,7.66,0.29,11.9,0.48,0.0,0.0,0.33,0.0,180.34,female
Abdul-Kareem Al-Selwady,15.0,4.0,172.72,70.31,175.26,Orthodox,28.0,4.14,0.34,3.6,0.59,2.32,0.3,0.2,0.0,175.26,female
Loik Radzhabov,18.0,5.0,180.34,70.31,175.26,Orthodox,33.0,2.93,0.42,4.73,0.45,6.73,0.57,0.55,0.0,175.26,female
Brandon Moreno,21.0,8.0,170.18,56.7,177.8,Orthodox,30.0,3.87,0.44,3.63,0.59,1.74,0.46,0.63,0.5,177.8,male
Brandon Royval,16.0,7.0,175.26,56.7,172.72,Southpaw,31.0,4.33,0.36,3.42,0.46,0.47,0.6,0.4,1.1,172.72,male
Yair Rodriguez,16.0,5.0,180.34,65.77,180.34,Orthodox,31.0,4.65,0.46,3.99,0.52,0.69,0.27,0.58,0.7,180.34,male
Brian Ortega,16.0,3.0,172.72,65.77,175.26,Switch,33.0,4.07,0.38,6.54,0.49,1.17,0.27,0.57,1.2,175.26,male
Daniel Zellhuber,15.0,1.0,185.42,70.31,195.58,Switch,24.0,5.86,0.41,5.06,0.56,0.22,0.33,0.94,0.2,195.58,male
Francisco Prado,12.0,2.0,177.8,70.31,175.26,Orthodox,21.0,4.58,0.41,5.66,0.52,0.0,0.0,0.25,0.4,175.26,male
Yazmin Jauregui,11.0,1.0,160.02,52.16,162.56,Orthodox,25.0,6.26,0.38,5.12,0.55,0.0,0.0,1.0,0.0,162.56,female
Sam Hughes,8.0,6.0,165.1,52.16,162.56,Orthodox,31.0,4.03,0.45,4.51,0.56,0.96,0.3,0.57,0.0,162.56,male
Manuel Torres,15.0,2.0,177.8,70.31,185.42,Switch,29.0,8.14,0.58,3.15,0.56,3.26,0.66,0.88,1.6,185.42,male
Chris Duncan,11.0,2.0,177.8,70.31,180.34,Orthodox,30.0,4.88,0.46,3.65,0.49,3.85,0.38,0.33,0.0,180.34,male
Cristian Quinonez,18.0,5.0,172.72,61.23,177.8,Orthodox,27.0,4.19,0.4,4.55,0.55,1.37,0.37,0.84,0.0,177.8,male
Raoni Barcelos,18.0,5.0,170.18,61.23,170.18,Orthodox,36.0,5.22,0.51,4.79,0.61,1.86,0.32,0.85,0.6,170.18,female
Jesus Aguilar,10.0,2.0,162.56,56.7,157.48,Orthodox,28.0,1.49,0.5,1.11,0.59,1.9,0.33,0.4,1.4,157.48,male
Mateus Mendonca,10.0,3.0,167.64,56.7,180.34,Orthodox,25.0,1.66,0.4,4.14,0.3,2.54,0.27,0.55,0.4,180.34,male
Edgar Chairez,11.0,5.0,170.18,56.7,180.34,Orthodox,28.0,2.69,0.48,4.1,0.43,0.0,0.0,0.41,1.7,180.34,male
Daniel Lacerda,11.0,6.0,167.64,56.7,177.8,Switch,27.0,3.95,0.45,8.28,0.34,2.32,0.5,0.0,1.2,177.8,male
Claudio Puelles,13.0,4.0,177.8,70.31,182.88,Southpaw,27.0,1.56,0.49,2.78,0.46,3.17,0.36,0.6,1.2,182.88,male
Fares Ziam,15.0,4.0,185.42,70.31,190.5,Orthodox,27.0,2.7,0.48,1.72,0.65,0.81,0.23,0.67,0.2,190.5,male
Ronaldo Rodriguez,17.0,2.0,167.64,56.7,165.1,Orthodox,24.0,2.0,0.41,3.56,0.47,1.2,0.5,0.63,1.8,165.1,male
Denys Bondar,14.0,5.0,167.64,56.7,175.26,Orthodox,31.0,4.59,0.5,5.16,0.56,3.99,0.58,0.62,0.0,175.26,male
Victor Altamirano,12.0,4.0,172.72,56.7,177.8,Switch,33.0,4.55,0.57,3.7,0.54,3.43,0.39,0.63,0.0,177.8,male
Felipe dos Santos,8.0,1.0,170.18,56.7,177.8,Orthodox,23.0,4.53,0.34,5.07,0.4,0.0,0.0,0.16,0.5,177.8,male
Erik Silva,9.0,3.0,175.26,65.77,180.34,Orthodox,37.0,2.07,0.7,1.57,0.4,3.76,0.8,0.62,0.0,180.34,male
Muhammad Naimov,11.0,2.0,175.26,65.77,177.8,Orthodox,29.0,3.33,0.46,4.57,0.41,1.94,0.33,0.57,0.0,177.8,male
Alexander Volkanovski,26.0,4.0,167.64,65.77,180.34,Orthodox,35.0,6.16,0.56,3.44,0.58,1.78,0.37,0.7,0.2,180.34,male
Ilia Topuria,15.0,0.0,170.18,65.77,175.26,Orthodox,27.0,4.4,0.46,3.35,0.65,1.92,0.56,0.92,1.3,175.26,male
Robert Whittaker,26.0,7.0,182.88,83.91,185.42,Orthodox,33.0,4.57,0.42,3.45,0.59,0.81,0.38,0.82,0.0,185.42,male
Paulo Costa,14.0,3.0,185.42,83.91,182.88,Orthodox,32.0,6.2,0.58,6.38,0.47,0.45,0.75,0.8,0.0,182.88,male
Geoff Neal,15.0,6.0,180.34,77.11,190.5,Southpaw,33.0,4.97,0.5,5.47,0.57,0.46,0.44,0.87,0.1,190.5,male
Ian Machado Garry,14.0,0.0,190.5,77.11,187.96,Orthodox,26.0,6.27,0.55,3.49,0.53,0.55,0.75,0.69,0.0,187.96,male
Merab Dvalishvili,17.0,4.0,167.64,61.23,172.72,Orthodox,33.0,4.5,0.41,2.37,0.57,6.43,0.36,0.8,0.3,172.72,male
Henry Cejudo,16.0,4.0,162.56,61.23,162.56,Orthodox,37.0,3.77,0.46,3.29,0.6,1.99,0.32,0.75,0.2,162.56,male
Anthony Hernandez,12.0,2.0,182.88,83.91,190.5,Orthodox,30.0,4.3,0.59,3.46,0.45,6.62,0.49,0.63,3.0,190.5,male
Roman Kopylov,12.0,3.0,182.88,83.91,190.5,Southpaw,32.0,4.66,0.54,4.1,0.6,0.42,0.5,0.87,0.0,190.5,male
Amanda Lemos,14.0,3.0,162.56,52.16,165.1,Southpaw,36.0,3.43,0.54,4.21,0.44,0.98,0.63,0.57,0.7,165.1,female
Mackenzie Dern,13.0,5.0,162.56,52.16,160.02,Orthodox,31.0,3.31,0.4,4.09,0.51,0.79,0.15,0.28,1.3,160.02,female
Marcos Rogerio de Lima,22.0,10.0,185.42,114.76,190.5,Orthodox,38.0,3.7,0.57,2.9,0.51,1.4,0.45,0.59,0.5,190.5,male
Junior Tafa,5.0,2.0,190.5,108.86,190.5,Orthodox,27.0,1.81,0.4,1.86,0.5,0.0,0.0,0.81,0.0,190.5,female
Rinya Nakamura,9.0,0.0,170.18,61.23,172.72,Southpaw,29.0,3.53,0.54,1.38,0.67,3.72,0.9,1.0,1.6,172.72,female
Carlos Vera,11.0,4.0,167.64,61.23,175.26,Orthodox,36.0,0.8,0.48,2.53,0.45,0.0,0.0,0.0,0.0,175.26,male
Zhang Mingyang,17.0,6.0,187.96,92.99,190.5,Orthodox,25.0,9.23,0.57,6.39,0.57,0.0,0.0,0.0,0.0,190.5,andy
Brendson Ribeiro,15.0,6.0,190.5,92.99,205.74,Orthodox,27.0,8.41,0.46,6.77,0.56,0.0,0.0,0.0,0.0,205.74,female
Josh Quinlan,6.0,2.0,182.88,77.11,182.88,Orthodox,31.0,3.59,0.42,6.91,0.49,0.51,0.11,0.6,0.0,182.88,male
Danny Barlow,8.0,0.0,187.96,77.11,200.66,Southpaw,28.0,8.8,0.52,3.65,0.57,0.0,0.0,1.0,0.0,200.66,male
Oban Elliott,10.0,2.0,182.88,77.11,182.88,Orthodox,26.0,4.27,0.53,2.17,0.61,3.5,0.5,0.0,0.0,182.88,female
Val Woodburn,7.0,2.0,172.72,77.11,187.96,Orthodox,30.0,1.6,0.35,4.93,0.36,1.92,1.0,0.5,0.0,187.96,female
Andrea Lee,13.0,9.0,167.64,56.7,175.26,Orthodox,35.0,4.69,0.46,3.76,0.62,1.85,0.58,0.55,0.6,175.26,female
Miranda Maverick,15.0,5.0,160.02,56.7,165.1,Southpaw,26.0,3.8,0.47,2.6,0.59,2.49,0.46,0.4,0.4,165.1,female
Jack Hermansson,24.0,8.0,185.42,83.91,195.58,Orthodox,35.0,5.09,0.44,3.69,0.56,1.53,0.3,0.8,0.4,195.58,male
Joe Pyfer,12.0,3.0,187.96,83.91,190.5,Orthodox,27.0,3.66,0.4,3.58,0.51,1.49,0.41,0.5,0.9,190.5,male
Dan Ige,18.0,7.0,170.18,65.77,180.34,Orthodox,32.0,3.76,0.45,3.52,0.57,1.06,0.26,0.58,0.3,180.34,male
Andre Fili,23.0,11.0,180.34,65.77,187.96,Orthodox,33.0,3.85,0.37,4.11,0.51,2.16,0.47,0.69,0.3,187.96,male
Robert Bryczek,17.0,6.0,182.88,83.91,190.5,Orthodox,33.0,2.13,0.24,4.47,0.6,0.0,0.0,1.0,0.0,190.5,male
Ihor Potieria,20.0,5.0,190.5,83.91,190.5,Southpaw,27.0,5.19,0.5,5.01,0.51,0.0,0.0,0.57,0.0,190.5,male
Brad Tavares,20.0,10.0,185.42,83.91,187.96,Orthodox,36.0,3.38,0.43,3.15,0.55,0.78,0.26,0.81,0.0,187.96,male
Gregory Rodrigues,15.0,5.0,190.5,83.91,190.5,Orthodox,32.0,6.08,0.55,5.3,0.51,2.46,0.45,1.0,0.5,190.5,male
Michael Johnson,23.0,19.0,177.8,70.31,185.42,Southpaw,37.0,4.27,0.39,3.83,0.57,0.62,0.41,0.81,0.0,185.42,male
Darrius Flowers,12.0,7.0,175.26,70.31,180.34,Orthodox,29.0,2.94,0.54,5.16,0.43,0.63,0.2,0.6,0.0,180.34,male
Rodolfo Vieira,10.0,2.0,182.88,83.91,185.42,Orthodox,34.0,3.19,0.54,4.6,0.49,4.18,0.3,1.0,1.6,185.42,male
Armen Petrosyan,9.0,3.0,190.5,83.91,180.34,Orthodox,33.0,5.69,0.52,2.9,0.56,0.22,0.33,0.31,0.0,180.34,male
Trevin Giles,16.0,6.0,182.88,77.11,187.96,Orthodox,31.0,3.27,0.55,2.22,0.58,1.19,0.5,0.71,0.3,187.96,female
Carlos Prates,18.0,6.0,185.42,77.11,198.12,Switch,30.0,4.38,0.56,5.95,0.37,0.0,0.0,0.66,0.0,198.12,male
Bolaji Oki,9.0,1.0,177.8,70.31,185.42,Orthodox,28.0,5.18,0.43,2.53,0.64,0.84,1.0,0.83,0.0,185.42,female
Timmy Cuamba,8.0,2.0,175.26,70.31,180.34,Orthodox,25.0,2.53,0.34,4.23,0.57,0.5,0.16,0.71,0.0,180.34,male
Loma Lookboonmee,9.0,3.0,154.94,52.16,154.94,Orthodox,28.0,4.1,0.57,2.48,0.53,1.9,0.5,0.72,0.1,154.94,female
Bruna Brasil,9.0,4.0,167.64,52.16,165.1,Orthodox,30.0,2.94,0.62,3.92,0.51,1.59,0.62,0.53,0.0,165.1,female
Devin Clark,14.0,9.0,182.88,92.99,190.5,Orthodox,33.0,3.03,0.54,3.24,0.44,2.17,0.32,0.58,0.1,190.5,male
Marcin Prachnio,17.0,7.0,190.5,92.99,187.96,Orthodox,35.0,5.61,0.55,3.3,0.54,0.17,0.2,0.58,0.0,187.96,male
Max Griffin,20.0,10.0,180.34,77.11,193.04,Orthodox,38.0,3.92,0.49,3.81,0.57,1.45,0.41,0.68,0.3,193.04,male
Jeremiah Wells,12.0,4.0,175.26,77.11,187.96,Switch,37.0,2.41,0.43,1.31,0.48,3.08,0.44,0.8,0.8,187.96,male
Zac Pauga,7.0,3.0,187.96,92.99,193.04,Orthodox,36.0,4.46,0.62,2.73,0.58,0.38,0.07,1.0,0.0,193.04,female
Bogdan Guskov,15.0,3.0,190.5,92.99,193.04,Orthodox,31.0,2.43,0.33,5.81,0.4,0.0,0.0,0.66,0.0,193.04,male
Fernie Garcia,10.0,5.0,170.18,61.23,170.18,Orthodox,31.0,2.04,0.34,3.79,0.48,0.28,0.5,0.5,0.6,170.18,female
Hyder Amil,9.0,0.0,175.26,65.77,177.8,Switch,33.0,4.73,0.54,2.16,0.61,0.68,0.33,0.78,2.0,177.8,female
Roman Dolidze,12.0,3.0,187.96,83.91,193.04,Orthodox,35.0,2.62,0.39,3.36,0.51,1.3,0.4,0.33,1.3,193.04,male
Nassourdine Imavov,13.0,4.0,190.5,83.91,190.5,Orthodox,29.0,4.53,0.54,3.26,0.61,0.87,0.31,0.76,1.5,190.5,female
Renato Moicano,18.0,5.0,180.34,70.31,182.88,Orthodox,34.0,4.41,0.47,3.8,0.6,1.8,0.47,0.72,0.6,182.88,male
Drew Dober,27.0,13.0,172.72,70.31,177.8,Southpaw,35.0,4.34,0.4,4.23,0.51,0.71,0.18,0.56,0.1,177.8,male
Randy Brown,18.0,5.0,190.5,77.11,198.12,Orthodox,33.0,4.37,0.46,3.33,0.54,0.78,0.39,0.74,0.5,198.12,male
Muslim Salikhov,19.0,5.0,180.34,77.11,177.8,Orthodox,39.0,3.36,0.51,2.94,0.62,1.27,0.4,0.73,0.0,177.8,female
Viviane Araujo,12.0,6.0,162.56,56.7,172.72,Orthodox,37.0,4.11,0.47,4.96,0.56,1.76,0.4,0.78,0.6,172.72,female
Natalia Silva,17.0,5.0,162.56,56.7,165.1,Southpaw,27.0,4.53,0.44,2.1,0.65,0.5,0.28,0.91,0.0,165.1,female
Gilbert Urbina,7.0,4.0,190.5,77.11,190.5,Orthodox,27.0,5.61,0.57,4.61,0.44,3.01,0.44,0.0,0.8,190.5,male
Charles Radtke,9.0,3.0,175.26,77.11,182.88,Orthodox,33.0,3.29,0.52,3.03,0.54,0.76,0.16,1.0,0.0,182.88,male
Molly McCann,14.0,6.0,162.56,52.16,157.48,Orthodox,33.0,5.79,0.49,4.94,0.63,1.82,0.38,0.43,0.6,157.48,female
Diana Belbita,15.0,9.0,170.18,52.16,172.72,Orthodox,27.0,6.54,0.42,6.55,0.51,0.91,0.62,0.65,0.0,172.72,female
Azat Maksum,17.0,1.0,170.18,56.7,177.8,Southpaw,29.0,2.8,0.23,5.23,0.55,2.0,0.22,0.66,0.5,177.8,male
Charles Johnson,14.0,6.0,175.26,56.7,177.8,Switch,33.0,4.45,0.55,3.15,0.59,0.48,0.23,0.63,0.6,177.8,male
Themba Gorimbo,12.0,4.0,185.42,77.11,195.58,Orthodox,33.0,2.3,0.6,1.67,0.46,3.39,0.45,0.66,0.0,195.58,female
Pete Rodriguez,5.0,2.0,175.26,77.11,180.34,Switch,27.0,9.28,0.43,12.83,0.42,0.0,0.0,1.0,0.0,180.34,male
JeongYeong Lee,11.0,1.0,177.8,65.77,185.42,Orthodox,28.0,2.81,0.53,1.57,0.59,0.96,0.66,0.76,0.5,185.42,female
Blake Bilder,8.0,2.0,172.72,65.77,172.72,Switch,33.0,3.81,0.48,4.15,0.53,0.31,0.07,0.71,0.6,172.72,male
Luana Carolina,10.0,4.0,167.64,56.7,175.26,Orthodox,30.0,4.63,0.49,3.63,0.49,0.38,0.42,0.76,0.6,175.26,female
Julija Stoliarenko,11.0,9.0,170.18,56.7,167.64,Orthodox,30.0,2.49,0.39,4.54,0.46,0.93,0.27,0.54,1.7,167.64,female
Landon Quinones,7.0,3.0,175.26,70.31,177.8,Southpaw,28.0,6.77,0.4,7.7,0.55,0.5,0.33,1.0,0.0,177.8,male
MarQuel Mederos,9.0,1.0,177.8,70.31,175.26,Orthodox,27.0,4.39,0.45,3.29,0.63,0.0,0.0,0.9,0.0,175.26,female
Thomas Petersen,8.0,2.0,185.42,119.75,187.96,Southpaw,28.0,3.79,0.68,3.79,0.46,2.84,0.44,1.0,0.7,187.96,male
Jamal Pogues,11.0,4.0,190.5,92.99,195.58,Orthodox,28.0,3.36,0.44,4.17,0.5,2.4,0.48,0.77,0.0,195.58,male
Sean Strickland,28.0,6.0,185.42,83.91,193.04,Orthodox,33.0,5.91,0.41,4.33,0.62,0.85,0.64,0.77,0.2,193.04,male
Dricus Du Plessis,21.0,2.0,185.42,83.91,193.04,Switch,30.0,6.49,0.5,4.77,0.55,3.0,0.51,0.4,0.8,193.04,female
Raquel Pennington,16.0,9.0,170.18,61.23,170.18,Orthodox,35.0,4.14,0.52,3.29,0.6,0.9,0.27,0.63,0.7,170.18,female
Mayra Bueno Silva,10.0,3.0,167.64,61.23,167.64,Orthodox,32.0,3.84,0.57,4.86,0.53,0.68,0.38,0.68,1.6,167.64,female
Neil Magny,29.0,12.0,190.5,77.11,203.2,Orthodox,36.0,3.47,0.46,2.42,0.52,2.17,0.4,0.54,0.3,203.2,male
Mike Malott,10.0,2.0,185.42,77.11,185.42,Orthodox,32.0,3.83,0.46,3.33,0.52,3.04,0.6,0.16,1.0,185.42,male
Chris Curtis,31.0,10.0,177.8,83.91,190.5,Orthodox,36.0,5.96,0.51,6.58,0.53,0.0,0.0,0.92,0.0,190.5,male
Marc-Andre Barriault,16.0,7.0,185.42,83.91,187.96,Orthodox,34.0,6.19,0.47,5.67,0.52,0.22,0.25,0.67,0.1,187.96,female
Arnold Allen,19.0,3.0,172.72,65.77,177.8,Southpaw,30.0,3.39,0.4,2.91,0.61,1.02,0.5,0.75,0.4,177.8,male
Movsar Evloev,18.0,0.0,170.18,65.77,182.88,Orthodox,30.0,4.43,0.48,2.89,0.61,4.75,0.46,0.71,0.2,182.88,female
Brad Katona,15.0,3.0,167.64,61.23,162.56,Orthodox,32.0,4.71,0.49,4.98,0.48,1.5,0.27,0.52,0.0,162.56,male
Garrett Armfield,10.0,3.0,167.64,61.23,177.8,Orthodox,27.0,6.22,0.53,3.93,0.58,0.0,0.0,0.64,0.0,177.8,male
Charles Jourdain,15.0,7.0,175.26,65.77,175.26,Switch,28.0,5.56,0.48,4.31,0.57,0.09,0.1,0.48,0.6,175.26,male
Sean Woodson,11.0,1.0,187.96,65.77,198.12,Orthodox,31.0,5.4,0.46,4.0,0.58,0.76,0.62,0.84,0.5,198.12,male
Serhiy Sidey,10.0,2.0,180.34,61.23,182.88,Switch,27.0,5.16,0.35,4.19,0.56,0.0,0.0,0.0,0.0,182.88,male
Ramon Taveras,10.0,2.0,172.72,61.23,177.8,Southpaw,30.0,4.63,0.45,5.41,0.65,0.0,0.0,1.0,0.0,177.8,male
Gillian Robertson,13.0,8.0,165.1,52.16,160.02,Orthodox,28.0,2.61,0.46,3.12,0.56,2.53,0.43,0.43,1.0,160.02,female
Polyana Viana,13.0,7.0,165.1,52.16,170.18,Orthodox,31.0,2.99,0.4,2.65,0.53,0.82,0.33,0.38,1.9,170.18,female
Yohan Lainesse,9.0,3.0,185.42,77.11,193.04,Orthodox,31.0,2.22,0.41,3.38,0.58,0.94,0.28,0.72,0.5,193.04,female
Sam Patterson,11.0,2.0,190.5,70.31,198.12,Orthodox,27.0,2.54,0.38,3.41,0.49,1.19,1.0,0.33,3.6,198.12,male
Jasmine Jasudavicius,10.0,3.0,170.18,56.7,172.72,Orthodox,35.0,3.95,0.45,4.03,0.51,2.16,0.37,0.8,0.4,172.72,female
Priscila Cachoeira,12.0,6.0,170.18,56.7,165.1,Orthodox,35.0,3.76,0.44,7.03,0.43,0.15,0.33,0.65,0.0,165.1,female
Malcolm Gordon,14.0,8.0,170.18,56.7,180.34,Switch,33.0,2.5,0.45,2.0,0.43,1.72,0.35,0.26,1.0,180.34,male
Jimmy Flick,17.0,7.0,170.18,56.7,172.72,Orthodox,33.0,1.7,0.5,5.2,0.4,1.79,0.26,0.0,5.4,172.72,male
Magomed Ankalaev,19.0,1.0,190.5,92.99,190.5,Orthodox,31.0,3.64,0.53,2.25,0.59,1.02,0.31,0.86,0.0,190.5,male
Johnny Walker,21.0,8.0,198.12,92.99,208.28,Orthodox,31.0,3.81,0.53,2.83,0.44,0.46,1.0,0.57,0.9,208.28,male
Jim Miller,37.0,17.0,172.72,70.31,180.34,Southpaw,40.0,2.96,0.42,3.18,0.58,1.58,0.44,0.48,1.7,180.34,male
Gabriel Benitez,23.0,12.0,172.72,70.31,180.34,Southpaw,35.0,4.92,0.41,4.26,0.62,0.24,0.5,0.55,1.0,180.34,male
Ricky Simon,20.0,5.0,167.64,61.23,175.26,Orthodox,31.0,3.01,0.43,3.61,0.61,5.49,0.46,0.76,0.4,175.26,male
Mario Bautista,14.0,2.0,175.26,61.23,175.26,Switch,30.0,5.69,0.48,3.99,0.53,2.25,0.44,0.66,1.0,175.26,male
Phil Hawes,12.0,6.0,182.88,83.91,195.58,Orthodox,35.0,5.33,0.59,3.72,0.55,2.11,0.34,0.9,0.2,195.58,male
Brunno Ferreira,11.0,1.0,177.8,83.91,182.88,Orthodox,31.0,5.0,0.5,4.17,0.48,1.25,0.16,0.66,0.0,182.88,female
Andrei Arlovski,34.0,23.0,190.5,108.86,195.58,Orthodox,45.0,3.78,0.45,3.2,0.57,0.38,0.36,0.76,0.2,195.58,male
Waldo Cortes-Acosta,11.0,1.0,193.04,117.93,198.12,Orthodox,32.0,6.13,0.47,4.02,0.52,0.0,0.0,0.6,0.0,198.12,male
Matthew Semelsberger,11.0,7.0,185.42,77.11,190.5,Switch,31.0,3.78,0.43,4.21,0.54,1.02,0.57,0.45,0.4,190.5,male
Preston Parsons,11.0,4.0,180.34,77.11,180.34,Orthodox,28.0,3.83,0.55,3.18,0.51,4.3,0.43,0.8,3.1,180.34,male
Marcus McGhee,9.0,1.0,172.72,61.23,175.26,Orthodox,33.0,5.43,0.51,2.52,0.71,0.84,0.33,1.0,0.8,175.26,male
Gaston Bolanos,7.0,4.0,170.18,61.23,175.26,Orthodox,31.0,3.88,0.43,3.49,0.49,0.0,0.0,0.5,0.0,175.26,male
Farid Basharat,12.0,0.0,172.72,61.23,180.34,Orthodox,26.0,4.47,0.58,2.44,0.57,3.96,0.41,0.83,0.6,180.34,male
Taylor Lapilus,19.0,4.0,167.64,61.23,185.42,Southpaw,31.0,3.91,0.46,2.37,0.61,0.37,0.4,0.77,0.4,185.42,male
Westin Wilson,16.0,9.0,185.42,65.77,185.42,Southpaw,35.0,2.11,0.34,6.62,0.28,0.0,0.0,0.0,4.2,185.42,female
Jean Silva,12.0,2.0,170.18,65.77,175.26,Orthodox,27.0,5.83,0.52,4.27,0.57,1.56,0.5,1.0,0.0,175.26,male
Nikolas Motta,14.0,5.0,175.26,70.31,177.8,Orthodox,31.0,3.08,0.33,4.78,0.51,0.0,0.0,0.82,0.0,177.8,male
Tom Nolan,6.0,1.0,190.5,70.31,185.42,Southpaw,24.0,10.27,0.56,9.45,0.47,0.0,0.0,0.0,0.0,185.42,male
Joshua Van,10.0,1.0,165.1,56.7,165.1,Orthodox,22.0,9.08,0.53,5.77,0.6,1.14,0.42,0.78,0.0,165.1,male
Felipe Bunes,13.0,7.0,170.18,56.7,175.26,Orthodox,34.0,5.25,0.54,8.72,0.41,3.15,0.33,0.0,0.0,175.26,male
Leon Edwards,22.0,3.0,187.96,77.11,187.96,Southpaw,32.0,2.75,0.53,2.34,0.54,1.25,0.34,0.7,0.4,187.96,male
Colby Covington,17.0,4.0,180.34,77.11,182.88,Orthodox,36.0,3.88,0.38,2.98,0.55,3.79,0.44,0.67,0.2,182.88,male
Alexandre Pantoja,27.0,5.0,165.1,56.7,170.18,Orthodox,33.0,4.32,0.49,3.9,0.5,2.2,0.48,0.67,1.0,170.18,male
Shavkat Rakhmonov,18.0,0.0,185.42,77.11,195.58,Orthodox,29.0,4.12,0.61,2.41,0.51,1.49,0.29,1.0,1.8,195.58,female
Stephen Thompson,17.0,7.0,182.88,77.11,190.5,Orthodox,41.0,4.11,0.46,3.03,0.54,0.26,0.41,0.65,0.0,190.5,male
Tony Ferguson,26.0,10.0,180.34,70.31,193.04,Orthodox,40.0,4.94,0.45,4.41,0.55,0.39,0.35,0.67,0.9,193.04,male
Paddy Pimblett,21.0,3.0,177.8,70.31,185.42,Orthodox,29.0,5.13,0.52,3.7,0.41,0.98,0.25,0.56,1.6,185.42,male
Josh Emmett,19.0,4.0,167.64,65.77,177.8,Orthodox,39.0,4.04,0.36,4.61,0.61,0.91,0.37,0.46,0.1,177.8,male
Bryce Mitchell,16.0,3.0,177.8,65.77,177.8,Southpaw,29.0,2.3,0.58,1.63,0.58,3.45,0.41,0.33,1.6,177.8,male
Alonzo Menifield,15.0,3.0,182.88,92.99,193.04,Orthodox,36.0,3.92,0.57,3.51,0.49,0.67,0.33,0.75,0.3,193.04,male
Dustin Jacoby,19.0,8.0,190.5,92.99,193.04,Orthodox,35.0,5.53,0.47,4.07,0.57,0.36,0.25,0.6,0.0,193.04,male
Irene Aldana,15.0,7.0,175.26,61.23,172.72,Orthodox,36.0,5.24,0.4,6.33,0.57,0.16,0.5,0.76,0.2,172.72,female
Karol Rosa,17.0,6.0,165.1,61.23,170.18,Orthodox,29.0,6.34,0.56,4.78,0.49,1.22,0.45,0.68,0.0,170.18,male
Cody Garbrandt,14.0,5.0,172.72,61.23,165.1,Orthodox,32.0,3.06,0.4,3.91,0.6,1.1,0.34,0.8,0.0,165.1,male
Brian Kelleher,24.0,15.0,167.64,61.23,167.64,Switch,37.0,3.39,0.41,4.64,0.54,1.74,0.41,0.6,0.7,167.64,male
Casey O'Neill,9.0,2.0,167.64,56.7,175.26,Orthodox,26.0,8.41,0.54,6.3,0.56,1.77,0.38,0.66,0.7,175.26,andy
Ariane Lipski,17.0,8.0,167.64,56.7,170.18,Orthodox,30.0,4.27,0.4,4.23,0.52,0.64,0.55,0.79,0.4,170.18,female
Tagir Ulanbekov,15.0,2.0,170.18,56.7,177.8,Southpaw,32.0,3.22,0.45,3.3,0.51,3.71,0.46,0.61,2.1,177.8,female
Cody Durden,16.0,5.0,170.18,56.7,170.18,Southpaw,32.0,3.16,0.51,2.89,0.51,4.84,0.5,0.66,0.3,170.18,male
Lucas Almeida,14.0,3.0,180.34,65.77,180.34,Orthodox,33.0,5.05,0.47,5.32,0.45,0.0,0.0,0.4,0.0,180.34,male
Martin Buday,13.0,2.0,193.04,120.2,195.58,Orthodox,32.0,5.17,0.52,5.7,0.54,0.26,0.25,1.0,0.3,195.58,male
Chris Gutierrez,20.0,6.0,175.26,61.23,170.18,Orthodox,32.0,4.8,0.58,2.79,0.63,0.28,0.3,0.69,0.1,170.18,male
Anthony Smith,37.0,19.0,193.04,92.99,193.04,Orthodox,35.0,3.21,0.48,4.47,0.46,0.49,0.26,0.48,0.6,193.04,male
Khalil Rountree Jr.,14.0,5.0,185.42,92.99,193.04,Southpaw,34.0,3.84,0.39,4.18,0.5,0.0,0.0,0.58,0.1,193.04,male
Nasrat Haqparast,16.0,5.0,177.8,70.31,182.88,Southpaw,28.0,5.78,0.44,5.25,0.64,0.31,0.2,0.78,0.0,182.88,female
Jamie Mullarkey,17.0,7.0,182.88,70.31,187.96,Orthodox,29.0,4.46,0.46,4.49,0.54,2.42,0.34,0.76,0.1,187.96,female
Tim Elliott,21.0,13.0,170.18,56.7,167.64,Southpaw,37.0,3.39,0.44,2.66,0.56,3.73,0.47,0.59,1.0,167.64,male
Sumudaerji,16.0,6.0,172.72,56.7,182.88,Southpaw,28.0,4.64,0.54,2.73,0.61,0.29,1.0,0.66,0.6,182.88,female
JunYong Park,17.0,6.0,177.8,83.91,185.42,Orthodox,33.0,4.53,0.5,3.3,0.53,1.83,0.5,0.57,1.1,185.42,female
Andre Muniz,24.0,6.0,185.42,83.91,198.12,Southpaw,34.0,1.97,0.5,1.99,0.54,4.23,0.5,0.35,1.2,198.12,male
Song Kenan,20.0,8.0,182.88,77.11,180.34,Orthodox,34.0,4.36,0.46,6.38,0.5,0.34,0.5,0.61,0.0,180.34,andy
Kevin Jousset,10.0,2.0,187.96,77.11,190.5,Orthodox,30.0,8.23,0.55,5.1,0.53,1.51,0.66,1.0,0.8,190.5,male
HyunSung Park,9.0,0.0,170.18,56.7,167.64,Orthodox,28.0,4.15,0.44,3.43,0.59,1.54,0.27,1.0,2.6,167.64,female
Shannon Ross,13.0,9.0,167.64,56.7,167.64,Switch,34.0,5.96,0.39,7.39,0.55,0.0,0.0,1.0,0.0,167.64,female
Steve Garcia,15.0,5.0,182.88,70.31,190.5,Southpaw,31.0,4.85,0.56,2.4,0.46,1.31,0.44,0.88,0.7,190.5,male
Melquizael Costa,20.0,7.0,177.8,70.31,180.34,Southpaw,27.0,4.29,0.46,2.99,0.59,2.49,0.27,0.42,0.5,180.34,female
Luana Santos,7.0,1.0,167.64,61.23,170.18,Orthodox,23.0,6.21,0.55,3.64,0.64,1.61,0.5,0.66,0.0,170.18,female
Stephanie Egger,8.0,5.0,167.64,61.23,172.72,Orthodox,35.0,2.2,0.46,2.48,0.52,2.48,0.42,0.5,0.6,172.72,female
Tatsuro Taira,15.0,0.0,170.18,56.7,177.8,Orthodox,24.0,3.51,0.71,1.15,0.47,2.12,0.41,0.71,2.4,177.8,female
Carlos Hernandez,9.0,3.0,172.72,56.7,170.18,Orthodox,30.0,4.95,0.46,4.54,0.46,1.11,0.15,0.65,0.3,170.18,male
Rayanne Amanda,14.0,7.0,157.48,52.16,157.48,Orthodox,28.0,3.73,0.36,4.63,0.65,0.5,0.2,0.88,0.0,157.48,female
Talita Alencar,5.0,0.0,154.94,52.16,147.32,Orthodox,33.0,2.37,0.28,4.8,0.48,2.5,0.15,0.5,0.0,147.32,female
Beneil Dariush,22.0,6.0,177.8,70.31,182.88,Southpaw,34.0,3.78,0.48,2.65,0.57,1.9,0.34,0.8,0.9,182.88,female
Arman Tsarukyan,21.0,3.0,170.18,70.31,182.88,Orthodox,27.0,3.85,0.48,1.91,0.54,3.4,0.36,0.75,0.0,182.88,male
Jalin Turner,14.0,7.0,190.5,70.31,195.58,Southpaw,28.0,6.02,0.48,4.63,0.41,0.88,0.55,0.75,1.2,195.58,female
Bobby Green,31.0,15.0,177.8,70.31,180.34,Orthodox,37.0,6.14,0.52,3.74,0.62,1.2,0.37,0.74,0.3,180.34,male
Rob Font,20.0,8.0,172.72,61.23,180.34,Orthodox,36.0,5.53,0.45,3.65,0.56,0.89,0.35,0.46,0.3,180.34,male
Deiveson Figueiredo,22.0,3.0,165.1,61.23,172.72,Orthodox,36.0,3.08,0.55,3.46,0.51,1.65,0.44,0.58,1.6,172.72,female
Sean Brady,16.0,1.0,177.8,77.11,182.88,Orthodox,31.0,3.77,0.53,3.55,0.61,3.29,0.57,0.87,1.2,182.88,male
Kelvin Gastelum,18.0,9.0,175.26,77.11,180.34,Southpaw,32.0,3.55,0.41,3.23,0.58,0.96,0.3,0.59,0.1,180.34,male
Clay Guida,38.0,21.0,170.18,70.31,177.8,Orthodox,42.0,2.64,0.33,3.01,0.61,3.13,0.36,0.67,0.6,177.8,male
Joaquim Silva,13.0,5.0,172.72,70.31,175.26,Southpaw,35.0,3.61,0.41,4.51,0.54,0.45,0.6,0.64,0.7,175.26,male
Punahele Soriano,9.0,4.0,180.34,83.91,182.88,Southpaw,31.0,3.96,0.45,4.55,0.48,0.79,0.4,0.33,0.0,182.88,female
Dustin Stoltzfus,15.0,5.0,182.88,83.91,190.5,Orthodox,32.0,3.49,0.44,3.29,0.48,2.4,0.4,0.46,0.7,190.5,male
Miesha Tate,20.0,9.0,167.64,61.23,165.1,Orthodox,37.0,2.62,0.45,2.98,0.51,2.02,0.31,0.55,1.3,165.1,female
Julia Avila,9.0,3.0,170.18,61.23,172.72,Orthodox,35.0,2.59,0.43,2.86,0.5,0.54,0.33,0.5,0.3,172.72,female
Zach Reese,6.0,1.0,193.04,83.91,195.58,Switch,30.0,3.93,0.66,6.56,0.28,0.0,0.0,0.0,9.8,195.58,male
Cody Brundage,10.0,5.0,182.88,83.91,182.88,Orthodox,29.0,1.8,0.55,2.51,0.43,2.69,0.52,0.73,1.1,182.88,male
Drakkar Klose,14.0,2.0,175.26,70.31,177.8,Orthodox,36.0,4.33,0.55,3.4,0.52,1.78,0.3,0.68,0.0,177.8,female
Joe Solecki,13.0,4.0,175.26,70.31,177.8,Orthodox,30.0,2.21,0.56,1.53,0.52,2.65,0.5,0.5,1.5,177.8,male
Rodolfo Bellato,12.0,2.0,190.5,92.99,195.58,Orthodox,28.0,6.47,0.61,5.9,0.44,1.09,0.25,1.0,0.5,195.58,male
Wellington Turman,18.0,8.0,182.88,77.11,182.88,Orthodox,27.0,3.23,0.51,4.17,0.45,1.55,0.2,0.42,0.8,182.88,female
Jared Gooden,23.0,9.0,182.88,77.11,195.58,Orthodox,30.0,5.08,0.49,6.68,0.48,0.67,1.0,0.65,0.2,195.58,male
Veronica Hardy,8.0,4.0,162.56,56.7,162.56,Southpaw,28.0,3.27,0.45,4.1,0.46,1.27,0.41,0.57,0.4,162.56,female
Jamey-Lyn Horth,6.0,1.0,170.18,56.7,167.64,Orthodox,33.0,3.97,0.62,3.53,0.57,0.5,0.25,0.7,0.0,167.64,female
Brendan Allen,23.0,5.0,187.96,83.91,190.5,Orthodox,28.0,3.87,0.54,3.6,0.46,1.36,0.47,0.58,1.7,190.5,male
Paul Craig,17.0,7.0,190.5,83.91,193.04,Orthodox,36.0,2.42,0.46,2.86,0.45,1.76,0.22,0.37,1.6,193.04,male
Michael Morales,16.0,0.0,182.88,77.11,200.66,Orthodox,24.0,5.28,0.46,3.6,0.52,1.24,0.41,0.91,0.0,200.66,male
Jake Matthews,19.0,7.0,180.34,77.11,185.42,Orthodox,29.0,3.3,0.45,2.56,0.6,1.59,0.4,0.62,0.6,185.42,male
Chase Hooper,13.0,3.0,185.42,70.31,187.96,Southpaw,24.0,4.86,0.51,3.59,0.36,1.42,0.22,0.55,2.2,187.96,male
Jordan Leavitt,11.0,3.0,175.26,70.31,180.34,Southpaw,28.0,2.55,0.61,1.84,0.57,2.19,0.25,0.3,1.1,180.34,male
Nick Aguirre,7.0,2.0,175.26,61.23,187.96,Southpaw,28.0,0.73,0.33,2.89,0.45,1.16,0.2,0.33,0.6,187.96,male
Luana Pinheiro,11.0,2.0,157.48,52.16,157.48,Orthodox,31.0,3.89,0.41,4.38,0.62,2.36,0.4,0.66,0.3,157.48,female
Uros Medic,9.0,2.0,185.42,77.11,180.34,Southpaw,30.0,5.64,0.6,3.18,0.58,0.4,1.0,0.46,0.0,180.34,female
Myktybek Orolbai,12.0,1.0,177.8,70.31,187.96,Orthodox,26.0,0.87,0.4,1.52,0.48,11.41,0.7,0.0,1.6,187.96,female
Jonathan Pearce,14.0,5.0,182.88,65.77,180.34,Switch,31.0,5.6,0.56,3.35,0.55,5.29,0.53,0.56,0.8,180.34,male
Joanderson Brito,16.0,3.0,172.72,65.77,182.88,Orthodox,29.0,3.32,0.51,2.62,0.47,3.4,0.75,0.5,0.8,182.88,female
Jose Johnson,16.0,8.0,182.88,56.7,180.34,Orthodox,28.0,2.8,0.6,1.73,0.55,0.62,0.5,0.36,0.6,180.34,male
Denis Tiuliulin,10.0,9.0,185.42,83.91,195.58,Orthodox,35.0,4.5,0.41,6.15,0.36,0.0,0.0,0.73,0.0,195.58,male
Caio Machado,8.0,2.0,193.04,113.4,198.12,Southpaw,29.0,6.57,0.64,1.87,0.64,0.0,0.0,0.82,0.0,198.12,male
Jeka Saragih,14.0,3.0,172.72,65.77,175.26,Orthodox,29.0,2.76,0.5,2.84,0.4,2.37,1.0,0.66,0.6,175.26,female
Lucas Alexander,8.0,4.0,180.34,65.77,185.42,Orthodox,28.0,5.23,0.55,1.83,0.71,0.0,0.0,0.57,0.0,185.42,male
Lucie Pudilova,14.0,9.0,172.72,61.23,170.18,Orthodox,29.0,3.68,0.37,3.83,0.51,0.55,0.27,0.66,0.7,170.18,female
Ailin Perez,9.0,2.0,165.1,61.23,167.64,Switch,29.0,2.96,0.55,1.18,0.57,4.89,0.5,0.75,0.0,167.64,female
Rafael Estevam,12.0,0.0,172.72,56.7,175.26,Orthodox,27.0,2.94,0.64,3.35,0.34,3.35,0.19,0.0,0.7,175.26,male
Jiri Prochazka,29.0,4.0,190.5,92.99,203.2,Orthodox,31.0,5.31,0.55,5.17,0.4,0.61,0.5,0.68,0.3,203.2,female
Alex Pereira,9.0,2.0,193.04,92.99,200.66,Orthodox,36.0,5.0,0.62,3.65,0.5,0.19,1.0,0.7,0.4,200.66,male
Sergei Pavlovich,18.0,2.0,190.5,116.57,213.36,Southpaw,31.0,8.21,0.48,4.61,0.55,0.0,0.0,0.75,0.0,213.36,male
Tom Aspinall,14.0,3.0,195.58,116.12,198.12,Orthodox,30.0,7.72,0.66,2.77,0.66,3.46,1.0,1.0,1.7,198.12,male
Jessica Andrade,25.0,12.0,154.94,52.16,157.48,Orthodox,32.0,6.67,0.5,5.36,0.54,2.45,0.54,0.72,0.4,157.48,female
Matt Frevola,11.0,4.0,175.26,70.31,180.34,Orthodox,33.0,3.71,0.42,3.57,0.59,2.59,0.4,0.42,0.9,180.34,male
Diego Lopes,23.0,6.0,180.34,65.77,182.88,Orthodox,29.0,2.47,0.53,4.91,0.37,0.0,0.0,0.42,5.3,182.88,male
Pat Sabatini,18.0,5.0,172.72,65.77,177.8,Orthodox,33.0,2.02,0.59,1.54,0.49,3.73,0.42,0.5,1.9,177.8,andy
Alessandro Costa,13.0,4.0,162.56,56.7,170.18,Orthodox,28.0,3.75,0.46,3.61,0.56,0.31,0.16,0.9,0.0,170.18,male
Tabatha Ricci,9.0,2.0,154.94,52.16,154.94,Orthodox,29.0,4.41,0.37,4.86,0.59,3.39,0.41,0.71,0.2,154.94,female
Loopy Godinez,12.0,3.0,157.48,52.16,154.94,Orthodox,30.0,4.31,0.49,3.76,0.62,3.39,0.46,0.86,1.1,154.94,female
Mateusz Rebecki,18.0,1.0,170.18,70.31,167.64,Southpaw,31.0,5.31,0.53,2.01,0.63,4.16,0.72,0.66,1.6,167.64,male
Roosevelt Roberts,12.0,5.0,187.96,70.31,185.42,Orthodox,30.0,3.05,0.44,3.12,0.52,1.39,0.29,0.52,0.9,185.42,male
Jared Gordon,20.0,6.0,175.26,70.31,172.72,Orthodox,35.0,5.39,0.57,3.4,0.57,1.95,0.4,0.62,0.0,172.72,male
Mark Madsen,12.0,2.0,172.72,70.31,182.88,Orthodox,39.0,3.56,0.49,3.97,0.52,2.86,0.66,0.62,0.0,182.88,male
John Castaneda,21.0,6.0,167.64,61.23,180.34,Switch,32.0,4.79,0.5,4.99,0.56,1.92,0.37,0.71,0.2,180.34,male
Kyung Ho Kang,19.0,10.0,175.26,61.23,185.42,Orthodox,36.0,3.35,0.48,3.33,0.55,1.87,0.57,0.68,0.8,185.42,female
Kevin Borjas,9.0,2.0,165.1,56.7,172.72,Orthodox,26.0,5.4,0.41,6.63,0.49,0.0,0.0,0.56,0.0,172.72,male
Dennis Buzukja,11.0,4.0,175.26,65.77,177.8,Switch,26.0,3.3,0.43,4.93,0.4,0.98,0.3,0.73,0.3,177.8,male
Jamall Emmers,20.0,7.0,177.8,65.77,187.96,Orthodox,34.0,5.1,0.48,3.79,0.57,1.96,0.4,0.9,0.2,187.96,female
Derrick Lewis,27.0,12.0,190.5,117.93,200.66,Orthodox,39.0,2.43,0.5,2.48,0.4,0.53,0.26,0.53,0.0,200.66,male
Gabriel Bonfim,15.0,1.0,185.42,77.11,182.88,Orthodox,26.0,4.87,0.4,5.25,0.59,4.75,0.71,1.0,3.8,182.88,male
Nicolas Dalby,23.0,4.0,180.34,77.11,187.96,Orthodox,39.0,4.03,0.43,3.43,0.52,1.11,0.3,0.6,0.1,187.96,male
Rodrigo Nascimento,11.0,1.0,187.96,111.58,203.2,Orthodox,31.0,4.31,0.48,4.76,0.43,1.2,0.33,0.77,0.7,203.2,male
Don'Tale Mayes,10.0,6.0,198.12,117.93,205.74,Orthodox,32.0,3.6,0.44,3.84,0.46,0.79,0.43,0.6,0.0,205.74,female
Caio Borralho,15.0,1.0,177.8,83.91,190.5,Southpaw,31.0,2.73,0.58,1.98,0.6,2.16,0.63,0.57,0.5,190.5,male
Abus Magomedov,25.0,6.0,187.96,83.91,198.12,Orthodox,33.0,3.73,0.42,5.36,0.54,0.61,0.5,1.0,0.0,198.12,female
Elves Brener,16.0,3.0,177.8,70.31,182.88,Orthodox,26.0,4.64,0.46,5.05,0.55,0.93,0.2,0.85,0.0,182.88,female
Kaynan Kruschewsky,15.0,2.0,182.88,70.31,185.42,Orthodox,32.0,5.08,0.39,4.79,0.47,2.18,1.0,0.0,2.2,185.42,female
Modestas Bukauskas,15.0,6.0,190.5,92.99,198.12,Switch,30.0,3.28,0.41,3.87,0.5,0.0,0.0,0.71,0.0,198.12,male
Angela Hill,16.0,13.0,160.02,52.16,162.56,Orthodox,39.0,5.44,0.5,4.94,0.61,0.73,0.34,0.75,0.1,162.56,female
Denise Gomes,8.0,3.0,157.48,52.16,160.02,Orthodox,24.0,4.81,0.48,3.66,0.49,1.13,0.33,0.47,0.8,160.02,female
Eduarda Moura,10.0,0.0,167.64,52.16,167.64,Orthodox,30.0,5.61,0.67,0.45,0.8,5.34,1.0,0.0,1.3,167.64,female
Montserrat Conejo Ruiz,10.0,4.0,152.4,52.16,154.94,Southpaw,31.0,0.79,0.27,4.96,0.37,2.05,0.83,0.33,0.8,154.94,female
Kaue Fernandes,8.0,2.0,175.26,70.31,185.42,Orthodox,29.0,1.53,0.54,0.87,0.59,1.0,1.0,0.62,0.0,185.42,female
Marc Diakiese,17.0,7.0,177.8,70.31,185.42,Orthodox,31.0,2.54,0.4,2.64,0.52,3.29,0.43,0.66,0.0,185.42,male
Islam Makhachev,25.0,1.0,177.8,70.31,177.8,Southpaw,32.0,2.46,0.6,1.27,0.61,3.17,0.6,0.9,1.0,177.8,male
Kamaru Usman,20.0,4.0,182.88,77.11,193.04,Switch,36.0,4.36,0.52,2.74,0.54,2.82,0.45,0.89,0.1,193.04,female
Khamzat Chimaev,13.0,0.0,187.96,83.91,190.5,Orthodox,29.0,5.72,0.58,3.46,0.42,3.99,0.46,1.0,2.7,190.5,female
Ikram Aliskerov,15.0,1.0,182.88,83.91,193.04,Southpaw,31.0,8.24,0.65,7.15,0.36,2.33,0.33,0.0,2.3,193.04,andy
Warlley Alves,15.0,7.0,180.34,83.91,182.88,Orthodox,33.0,3.25,0.48,4.21,0.5,1.35,0.5,0.8,0.9,182.88,female
Said Nurmagomedov,18.0,3.0,172.72,61.23,177.8,Orthodox,31.0,3.55,0.47,2.13,0.57,1.01,0.16,0.66,1.4,177.8,male
Muin Gafurov,18.0,6.0,170.18,61.23,172.72,Southpaw,27.0,2.98,0.41,2.95,0.48,2.4,0.26,0.62,0.0,172.72,male
Mohammad Yahya,12.0,4.0,175.26,65.77,185.42,Switch,29.0,2.87,0.46,4.07,0.37,1.0,1.0,0.42,1.0,185.42,male
Trevor Peek,9.0,1.0,175.26,70.31,177.8,Switch,29.0,5.09,0.56,4.37,0.44,1.76,0.5,0.51,0.0,177.8,male
Abu Azaitar,14.0,4.0,175.26,83.91,193.04,Orthodox,38.0,4.38,0.43,4.32,0.51,1.0,0.37,0.42,0.0,193.04,male
Sedriques Dumas,9.0,1.0,187.96,83.91,200.66,Orthodox,28.0,1.88,0.49,2.01,0.56,0.77,0.5,0.4,0.4,200.66,female
Mike Breeden,11.0,6.0,177.8,70.31,177.8,Orthodox,34.0,5.75,0.45,7.28,0.42,0.98,0.3,0.67,0.0,177.8,male
Anshul Jubli,7.0,1.0,182.88,70.31,175.26,Switch,29.0,6.48,0.46,5.61,0.51,0.82,0.18,0.63,0.4,175.26,female
Nathaniel Wood,20.0,6.0,167.64,65.77,175.26,Orthodox,30.0,5.91,0.5,4.22,0.56,1.74,0.48,0.7,0.5,175.26,male
Viktoriia Dudakova,8.0,0.0,165.1,56.7,170.18,Orthodox,25.0,3.14,0.52,2.45,0.5,2.45,0.41,0.5,0.0,170.18,female
Jinh Yu Frey,11.0,10.0,160.02,52.16,165.1,Southpaw,38.0,2.97,0.43,4.23,0.52,1.02,0.36,0.9,0.3,165.1,female
Shara Magomedov,12.0,0.0,187.96,83.91,185.42,Orthodox,29.0,7.53,0.73,4.33,0.28,0.0,0.0,0.57,0.0,185.42,female
Bruno Silva,23.0,10.0,182.88,83.91,187.96,Orthodox,34.0,4.43,0.51,5.33,0.43,1.09,0.27,0.73,0.0,187.96,male
Sodiq Yusuff,13.0,3.0,175.26,65.77,180.34,Orthodox,30.0,5.72,0.49,4.33,0.54,0.28,0.2,0.62,0.4,180.34,female
Edson Barboza,24.0,11.0,180.34,65.77,190.5,Orthodox,38.0,4.18,0.45,4.34,0.57,0.48,0.5,0.75,0.1,190.5,male
Jennifer Maia,21.0,10.0,162.56,56.7,162.56,Orthodox,35.0,4.35,0.38,4.52,0.55,0.42,0.27,0.58,0.1,162.56,female
Jonathan Martinez,19.0,4.0,172.72,61.23,177.8,Southpaw,29.0,4.64,0.5,3.76,0.58,0.44,0.41,0.69,0.1,177.8,male
Adrian Yanez,16.0,5.0,170.18,61.23,177.8,Orthodox,30.0,6.15,0.39,5.73,0.57,0.0,0.0,1.0,0.0,177.8,male
Andre Petroski,10.0,3.0,182.88,83.91,185.42,Switch,32.0,3.61,0.51,3.03,0.51,4.48,0.54,0.71,2.5,185.42,male
Darren Elkins,28.0,11.0,177.8,65.77,180.34,Orthodox,39.0,3.44,0.38,3.27,0.52,2.85,0.35,0.56,1.1,180.34,male
TJ Brown,17.0,11.0,175.26,65.77,182.88,Switch,33.0,3.37,0.44,2.89,0.49,3.41,0.57,0.36,1.3,182.88,female
Tainara Lisboa,7.0,2.0,170.18,61.23,170.18,Orthodox,33.0,2.05,0.5,1.4,0.54,2.05,0.4,0.7,0.5,170.18,female
Ravena Oliveira,7.0,2.0,165.1,61.23,165.1,Orthodox,27.0,1.0,0.48,1.2,0.48,2.0,0.66,0.62,0.0,165.1,female
Terrance McKinney,15.0,6.0,177.8,70.31,185.42,Switch,29.0,4.46,0.52,2.51,0.44,3.52,0.36,0.85,1.0,185.42,male
Brendon Marotte,8.0,2.0,175.26,65.77,177.8,Orthodox,28.0,3.0,1.0,42.0,0.33,0.0,0.0,0.0,0.0,177.8,male
Irina Alekseeva,5.0,2.0,172.72,61.23,170.18,Orthodox,33.0,3.84,0.43,3.55,0.48,0.87,0.2,1.0,0.9,170.18,female
Melissa Dixon,6.0,0.0,170.18,61.23,172.72,Orthodox,32.0,3.47,0.54,3.2,0.55,0.0,0.0,0.75,0.0,172.72,female
Alatengheili,16.0,9.0,165.1,61.23,167.64,Orthodox,32.0,2.88,0.33,5.03,0.58,1.82,0.4,0.72,0.0,167.64,female
Ashley Yoder,8.0,9.0,170.18,52.16,175.26,Southpaw,36.0,3.42,0.39,4.13,0.47,1.09,0.27,0.66,0.6,175.26,female
Emily Ducote,13.0,8.0,157.48,52.16,160.02,Orthodox,30.0,6.93,0.48,7.98,0.56,0.25,0.14,0.92,0.0,160.02,female
Grant Dawson,20.0,2.0,177.8,70.31,182.88,Switch,30.0,2.97,0.51,2.27,0.45,3.68,0.36,0.4,1.5,182.88,male
Abdul Razak Alhassan,12.0,6.0,177.8,83.91,185.42,Orthodox,38.0,3.37,0.48,3.99,0.55,0.89,0.38,0.5,0.2,185.42,male
Alex Morono,23.0,9.0,180.34,77.11,182.88,Orthodox,33.0,5.02,0.41,4.17,0.58,0.34,0.22,0.5,0.3,182.88,male
Joaquin Buckley,17.0,6.0,177.8,77.11,193.04,Southpaw,29.0,3.87,0.33,3.31,0.57,1.51,0.36,0.65,0.0,193.04,female
Ricky Glenn,22.0,8.0,182.88,70.31,177.8,Southpaw,34.0,3.94,0.43,4.1,0.51,0.55,0.13,0.68,0.4,177.8,male
Alexander Hernandez,14.0,7.0,175.26,65.77,182.88,Orthodox,31.0,4.63,0.41,4.9,0.56,1.2,0.31,0.6,0.1,182.88,male
Bill Algeo,18.0,7.0,182.88,65.77,185.42,Switch,34.0,6.11,0.52,4.41,0.47,0.89,0.46,0.56,0.1,185.42,male
Karolina Kowalkiewicz,16.0,7.0,160.02,52.16,162.56,Orthodox,38.0,5.92,0.43,5.55,0.59,0.36,0.26,0.74,0.2,162.56,female
Nate Maness,15.0,3.0,177.8,56.7,182.88,Orthodox,32.0,2.33,0.48,4.29,0.4,0.87,0.75,0.78,0.3,182.88,female
Vanessa Demopoulos,10.0,5.0,157.48,52.16,149.86,Orthodox,35.0,3.44,0.43,5.06,0.43,0.49,0.13,0.3,0.7,149.86,female
Kanako Murata,12.0,3.0,154.94,52.16,157.48,Orthodox,30.0,2.15,0.56,2.4,0.53,3.38,0.56,1.0,0.8,157.48,female
Aoriqileng,25.0,10.0,170.18,61.23,175.26,Orthodox,30.0,5.31,0.5,6.03,0.47,1.45,0.46,0.58,0.0,175.26,female
Johnny Munoz,12.0,4.0,175.26,61.23,180.34,Orthodox,31.0,2.44,0.36,2.66,0.55,2.4,0.25,0.45,1.8,180.34,male
Montana De La Rosa,12.0,9.0,170.18,56.7,172.72,Orthodox,29.0,2.7,0.36,3.21,0.44,1.71,0.31,0.64,0.8,172.72,female
JJ Aldrich,13.0,6.0,165.1,56.7,170.18,Southpaw,31.0,4.05,0.46,4.53,0.6,0.71,0.25,0.66,0.0,170.18,female
Rafael Fiziev,12.0,3.0,172.72,70.31,180.34,Switch,31.0,4.9,0.51,4.97,0.49,0.29,0.4,0.89,0.0,180.34,male
Marina Rodriguez,17.0,3.0,167.64,52.16,165.1,Orthodox,36.0,4.77,0.48,2.89,0.56,0.25,0.42,0.66,0.2,165.1,female
Michelle Waterson-Gomez,18.0,12.0,160.02,52.16,157.48,Orthodox,38.0,3.56,0.46,4.19,0.49,1.42,0.32,0.7,0.7,157.48,female
Bryan Battle,11.0,2.0,185.42,77.11,195.58,Orthodox,29.0,4.52,0.51,3.74,0.44,1.12,0.28,0.47,0.6,195.58,male
AJ Fletcher,10.0,3.0,177.8,77.11,170.18,Switch,27.0,3.36,0.49,4.61,0.46,1.54,0.35,0.33,0.9,170.18,female
Tim Means,33.0,15.0,187.96,77.11,190.5,Orthodox,40.0,5.1,0.49,3.65,0.6,1.16,0.42,0.65,0.2,190.5,male
Andre Fialho,16.0,8.0,182.88,77.11,187.96,Orthodox,29.0,3.3,0.41,6.26,0.45,0.25,1.0,0.66,0.0,187.96,male
Jacob Malkoun,7.0,3.0,175.26,83.91,185.42,Orthodox,28.0,3.89,0.56,2.49,0.5,7.2,0.44,0.0,0.5,185.42,male
Jake Collier,13.0,10.0,190.5,104.33,198.12,Orthodox,35.0,5.8,0.44,5.08,0.5,0.71,0.33,0.67,0.6,198.12,male
Mizuki,15.0,6.0,160.02,52.16,165.1,Orthodox,29.0,4.56,0.5,5.62,0.48,0.33,0.14,0.85,0.0,165.1,female
Hannah Goldy,6.0,4.0,162.56,52.16,154.94,Orthodox,31.0,5.19,0.47,4.67,0.5,0.66,0.12,0.54,0.2,154.94,female
Tamires Vidal,7.0,2.0,167.64,61.23,172.72,Orthodox,25.0,4.25,0.55,4.53,0.58,0.0,0.0,0.4,0.8,172.72,female
Raul Rosas Jr.,8.0,1.0,175.26,61.23,170.18,Switch,19.0,1.28,0.44,1.52,0.46,3.57,0.33,0.0,1.8,170.18,male
Terrence Mitchell,14.0,4.0,177.8,61.23,187.96,Orthodox,34.0,2.21,0.34,8.85,0.41,3.69,0.5,0.0,0.0,187.96,male
Christos Giagos,20.0,11.0,177.8,70.31,180.34,Orthodox,34.0,2.98,0.42,2.95,0.51,2.93,0.37,0.52,0.4,180.34,male
Kyle Nelson,15.0,5.0,180.34,65.77,180.34,Switch,32.0,3.46,0.44,4.56,0.52,1.15,0.2,0.73,0.7,180.34,female
Elise Reed,7.0,4.0,160.02,52.16,160.02,Orthodox,31.0,2.66,0.49,3.06,0.52,0.58,0.6,0.42,0.0,160.02,female
Josh Fremd,11.0,5.0,193.04,83.91,193.04,Orthodox,30.0,2.93,0.43,2.63,0.47,0.84,0.25,0.31,1.4,193.04,male
Tracy Cortez,11.0,1.0,165.1,56.7,165.1,Orthodox,30.0,4.11,0.53,2.79,0.6,2.33,0.46,0.75,0.3,165.1,female
Alex Reyes,13.0,4.0,180.34,70.31,185.42,Orthodox,37.0,4.04,0.39,10.91,0.4,0.0,0.0,0.0,0.0,185.42,male
Charlie Campbell,8.0,2.0,182.88,70.31,182.88,Orthodox,28.0,11.03,0.54,5.42,0.6,0.0,0.0,1.0,0.0,182.88,male
Josefine Knutsson,7.0,0.0,160.02,52.16,152.4,Orthodox,28.0,3.73,0.52,1.33,0.64,2.67,0.72,1.0,0.0,152.4,female
Marnic Mann,6.0,2.0,152.4,52.16,162.56,Southpaw,31.0,1.1,0.42,4.93,0.31,1.83,0.3,0.16,0.0,162.56,female
Israel Adesanya,24.0,3.0,193.04,83.91,203.2,Switch,34.0,3.93,0.48,3.11,0.56,0.05,0.14,0.77,0.1,203.2,male
Alexander Volkov,37.0,10.0,200.66,113.4,203.2,Orthodox,35.0,5.1,0.57,3.0,0.54,0.49,0.63,0.73,0.2,203.2,male
Manel Kape,19.0,6.0,165.1,56.7,172.72,Southpaw,30.0,5.12,0.54,4.51,0.59,0.65,0.37,0.77,0.4,172.72,male
Austen Lane,12.0,4.0,198.12,111.13,203.2,Orthodox,36.0,4.48,0.47,2.85,0.48,0.0,0.0,0.0,0.0,203.2,male
Anton Turkalj,8.0,3.0,193.04,92.99,198.12,Orthodox,27.0,1.72,0.53,2.48,0.49,6.55,0.51,0.16,0.0,198.12,male
Carlos Ulberg,10.0,1.0,193.04,92.99,195.58,Orthodox,33.0,7.29,0.59,3.59,0.52,0.95,0.75,0.75,0.3,195.58,male
Da Woon Jung,15.0,5.0,193.04,92.99,198.12,Orthodox,30.0,3.49,0.43,3.89,0.51,1.9,0.5,0.77,0.2,198.12,andy
Jack Jenkins,12.0,3.0,170.18,65.77,172.72,Switch,30.0,4.43,0.61,3.07,0.59,2.56,0.69,0.75,0.0,172.72,male
Chepe Mariscal,15.0,6.0,170.18,65.77,175.26,Orthodox,31.0,4.67,0.53,3.95,0.52,3.22,0.38,1.0,0.6,175.26,female
John Makdessi,18.0,9.0,172.72,70.31,172.72,Orthodox,38.0,5.52,0.49,4.15,0.68,0.0,0.0,0.86,0.0,172.72,male
Blood Diamond,3.0,3.0,180.34,77.11,193.04,Switch,35.0,3.12,0.55,2.17,0.48,0.0,0.0,0.73,0.0,193.04,female
Shane Young,13.0,8.0,172.72,65.77,182.88,Orthodox,30.0,5.19,0.4,5.46,0.52,0.63,0.18,0.64,0.0,182.88,male
Gabriel Miranda,17.0,6.0,180.34,65.77,180.34,Orthodox,34.0,3.52,0.51,6.88,0.39,4.8,0.4,0.0,2.4,180.34,male
Kiefer Crosbie,10.0,4.0,180.34,77.11,177.8,Switch,33.0,8.1,0.66,6.02,0.5,0.0,0.0,0.0,0.0,177.8,female
Ciryl Gane,12.0,2.0,193.04,111.13,205.74,Orthodox,33.0,5.49,0.6,2.19,0.63,0.58,0.21,0.5,0.5,205.74,female
Serghei Spivac,16.0,4.0,190.5,117.93,198.12,Orthodox,29.0,3.54,0.49,3.79,0.49,4.56,0.64,0.7,0.5,198.12,male
Manon Fiorot,11.0,1.0,170.18,56.7,165.1,Orthodox,34.0,6.05,0.39,3.31,0.69,1.36,0.46,0.91,0.0,165.1,female
Volkan Oezdemir,19.0,7.0,187.96,92.99,190.5,Orthodox,34.0,4.59,0.47,3.92,0.55,0.57,0.33,0.8,0.1,190.5,male
William Gomis,13.0,2.0,182.88,65.77,185.42,Southpaw,26.0,2.62,0.46,1.49,0.75,1.06,0.6,0.81,0.7,185.42,male
Yanis Ghemmouri,12.0,2.0,175.26,61.23,175.26,Orthodox,29.0,2.27,0.38,4.22,0.4,0.0,0.0,0.0,0.0,175.26,female
Morgan Charriere,19.0,9.0,172.72,65.77,175.26,Orthodox,28.0,6.75,0.53,2.34,0.78,0.0,0.0,0.0,0.0,175.26,male
Manolo Zecchini,11.0,4.0,172.72,65.77,172.72,Orthodox,27.0,2.34,0.21,6.75,0.46,0.0,0.0,0.0,0.0,172.72,male
Caolan Loughran,8.0,1.0,167.64,61.23,172.72,Orthodox,27.0,3.2,0.36,5.6,0.48,2.0,0.18,0.0,0.0,172.72,male
Ange Loosa,10.0,3.0,177.8,77.11,187.96,Orthodox,31.0,6.09,0.46,6.67,0.52,2.05,0.42,0.9,0.2,187.96,male
Rhys McKee,13.0,5.0,187.96,77.11,198.12,Orthodox,28.0,6.06,0.48,9.47,0.44,0.0,0.0,0.33,0.0,198.12,male
Nora Cornolle,7.0,1.0,170.18,61.23,170.18,Orthodox,34.0,2.67,0.51,1.2,0.57,0.0,0.0,0.37,0.0,170.18,female
Joselyne Edwards,13.0,5.0,172.72,61.23,177.8,Orthodox,28.0,4.71,0.52,3.36,0.5,1.0,0.33,0.64,0.3,177.8,female
Kleydson Rodrigues,8.0,3.0,165.1,61.23,170.18,Orthodox,28.0,5.48,0.62,2.75,0.48,0.85,0.25,0.63,0.8,170.18,female
Zarah Fairn,6.0,6.0,172.72,61.23,182.88,Orthodox,40.0,4.55,0.31,7.4,0.45,0.0,0.0,0.6,0.0,182.88,female
Jacqueline Cavalcanti,6.0,1.0,172.72,61.23,177.8,Orthodox,26.0,8.4,0.57,2.6,0.84,0.0,0.0,1.0,0.0,177.8,female
Max Holloway,25.0,7.0,180.34,65.77,175.26,Orthodox,32.0,7.17,0.47,4.75,0.59,0.27,0.53,0.84,0.3,175.26,male
Chan Sung Jung,17.0,8.0,170.18,65.77,182.88,Orthodox,37.0,3.93,0.41,4.52,0.52,0.7,0.44,0.72,0.6,182.88,male
Ryan Spann,21.0,9.0,195.58,92.99,200.66,Orthodox,32.0,3.42,0.4,3.91,0.45,1.29,0.35,0.47,1.5,200.66,male
Giga Chikadze,15.0,3.0,182.88,65.77,187.96,Orthodox,35.0,4.08,0.43,3.44,0.62,0.23,0.33,0.69,0.2,187.96,male
Alex Caceres,21.0,14.0,177.8,65.77,185.42,Southpaw,35.0,4.16,0.5,2.93,0.63,0.56,0.68,0.64,0.7,185.42,male
Erin Blanchfield,12.0,1.0,162.56,56.7,167.64,Orthodox,24.0,5.58,0.52,3.32,0.62,2.86,0.36,0.83,1.2,167.64,female
Taila Santos,19.0,3.0,167.64,56.7,172.72,Orthodox,30.0,3.39,0.48,2.64,0.58,2.0,0.76,0.86,1.1,172.72,female
Parker Porter,14.0,9.0,182.88,120.2,190.5,Orthodox,38.0,6.55,0.5,6.32,0.51,1.35,0.26,0.66,0.5,190.5,male
Lukasz Brzeski,8.0,4.0,193.04,107.05,198.12,Orthodox,31.0,5.08,0.48,3.46,0.57,0.64,0.5,0.42,0.6,198.12,female
Toshiomi Kazama,10.0,4.0,170.18,61.23,175.26,Orthodox,26.0,2.22,0.54,3.94,0.45,1.51,0.13,0.66,0.0,175.26,female
Chidi Njokuani,22.0,10.0,190.5,77.11,203.2,Orthodox,35.0,4.04,0.6,3.19,0.53,0.0,0.0,0.67,0.3,203.2,female
Rolando Bedoya,14.0,3.0,180.34,77.11,187.96,Orthodox,27.0,8.7,0.55,6.83,0.52,0.0,0.0,0.0,0.0,187.96,male
Billy Goff,9.0,2.0,177.8,77.11,182.88,Switch,25.0,10.22,0.46,4.3,0.64,4.04,0.4,1.0,0.0,182.88,male
Yusaku Kinoshita,6.0,3.0,182.88,77.11,180.34,Southpaw,23.0,4.65,0.5,5.12,0.51,0.0,0.0,0.5,0.0,180.34,male
Liang Na,19.0,7.0,165.1,56.7,170.18,Orthodox,27.0,1.93,0.4,4.48,0.27,5.1,0.6,0.0,0.8,170.18,andy
SeungWoo Choi,11.0,6.0,182.88,65.77,187.96,Orthodox,31.0,3.48,0.38,3.02,0.47,0.87,0.54,0.69,0.0,187.96,female
Aljamain Sterling,23.0,4.0,170.18,65.77,180.34,Orthodox,34.0,4.73,0.52,2.41,0.58,1.97,0.24,0.45,0.8,180.34,female
Zhang Weili,24.0,3.0,162.56,52.16,160.02,Switch,34.0,5.94,0.51,3.44,0.53,2.29,0.42,0.66,0.4,160.02,andy
Da'Mon Blackshear,14.0,6.0,177.8,61.23,182.88,Switch,29.0,4.28,0.47,4.09,0.48,2.34,0.37,0.66,0.8,182.88,female
Chris Weidman,15.0,7.0,187.96,83.91,198.12,Orthodox,39.0,2.98,0.43,3.27,0.5,3.6,0.43,0.65,0.8,198.12,male
Austin Hubbard,16.0,7.0,177.8,70.31,180.34,Orthodox,32.0,3.83,0.46,3.37,0.56,1.55,0.52,0.63,0.0,180.34,male
Karine Silva,17.0,4.0,165.1,56.7,170.18,Orthodox,30.0,3.37,0.35,3.37,0.5,2.45,0.6,0.0,4.1,170.18,female
Vicente Luque,22.0,9.0,180.34,77.11,190.5,Orthodox,32.0,5.17,0.52,5.15,0.52,1.04,0.6,0.62,0.7,190.5,male
Cub Swanson,29.0,13.0,172.72,65.77,177.8,Orthodox,40.0,4.7,0.5,3.84,0.59,1.09,0.52,0.61,0.4,177.8,female
Hakeem Dawodu,13.0,4.0,172.72,65.77,185.42,Orthodox,32.0,5.45,0.5,3.37,0.56,0.0,0.0,0.65,0.0,185.42,male
Chris Daukaus,12.0,7.0,190.5,92.99,193.04,Orthodox,34.0,6.05,0.5,4.64,0.55,0.0,0.0,1.0,0.0,193.04,male
Iasmin Lucindo,15.0,5.0,160.02,52.16,167.64,Orthodox,22.0,3.33,0.39,3.23,0.67,2.33,0.66,0.66,0.4,167.64,female
Tafon Nchukwi,6.0,4.0,182.88,83.91,195.58,Orthodox,29.0,5.57,0.52,4.11,0.54,0.76,0.57,0.64,0.0,195.58,female
JP Buys,9.0,6.0,165.1,61.23,170.18,Orthodox,27.0,1.88,0.39,3.02,0.4,1.55,0.25,0.25,2.3,170.18,female
Francis Marshall,7.0,2.0,175.26,65.77,182.88,Orthodox,25.0,3.66,0.33,4.07,0.53,3.29,0.5,0.0,0.7,182.88,male
Juliana Miller,4.0,3.0,170.18,56.7,167.64,Orthodox,27.0,3.31,0.45,4.75,0.32,1.84,0.44,0.0,1.8,167.64,female
Cory Sandhagen,17.0,4.0,180.34,61.23,177.8,Switch,31.0,5.33,0.44,3.4,0.58,1.36,0.33,0.64,0.3,177.8,male
Tatiana Suarez,11.0,0.0,165.1,52.16,167.64,Southpaw,33.0,4.27,0.63,1.38,0.51,6.2,0.61,1.0,0.9,167.64,female
Gavin Tucker,13.0,3.0,167.64,65.77,167.64,Southpaw,37.0,4.29,0.44,4.18,0.57,3.13,0.44,0.53,1.5,167.64,male
Tanner Boser,21.0,10.0,187.96,92.99,190.5,Orthodox,32.0,4.7,0.52,2.75,0.58,0.0,0.0,0.63,0.0,190.5,male
Aleksa Camur,6.0,3.0,185.42,92.99,187.96,Orthodox,28.0,4.73,0.57,4.26,0.54,0.46,0.22,0.5,0.0,187.96,female
Ignacio Bahamondes,14.0,5.0,190.5,70.31,190.5,Orthodox,26.0,6.97,0.46,4.36,0.57,0.0,0.0,0.85,0.4,190.5,male
Carlston Harris,19.0,5.0,182.88,77.11,193.04,Orthodox,36.0,2.93,0.49,2.44,0.53,2.05,0.29,0.55,0.8,193.04,female
Damon Jackson,22.0,6.0,180.34,65.77,180.34,Switch,35.0,3.02,0.4,3.46,0.5,2.44,0.34,0.4,1.6,180.34,male
Jake Hadley,10.0,2.0,170.18,56.7,177.8,Southpaw,27.0,3.42,0.44,3.2,0.6,0.32,0.25,0.35,2.2,177.8,male
Justin Gaethje,25.0,4.0,180.34,70.31,177.8,Orthodox,35.0,7.35,0.6,7.5,0.53,0.13,0.25,0.75,0.0,177.8,male
Jan Blachowicz,29.0,10.0,187.96,92.99,198.12,Orthodox,41.0,3.41,0.5,2.91,0.53,1.09,0.5,0.68,0.3,198.12,male
Michael Chiesa,18.0,7.0,185.42,77.11,190.5,Southpaw,36.0,1.87,0.4,1.7,0.54,3.33,0.5,0.6,1.0,190.5,male
Vinicius Salvador,14.0,6.0,170.18,56.7,177.8,Southpaw,27.0,5.44,0.42,6.05,0.49,0.38,0.11,0.86,0.0,177.8,male
Jai Herbert,12.0,5.0,185.42,70.31,195.58,Orthodox,35.0,2.69,0.41,3.15,0.45,0.2,0.1,0.57,0.0,195.58,male
Lerone Murphy,13.0,0.0,175.26,65.77,185.42,Orthodox,32.0,3.65,0.5,2.4,0.56,1.29,0.46,0.46,0.9,185.42,female
Davey Grant,15.0,7.0,172.72,61.23,175.26,Orthodox,38.0,4.77,0.42,3.82,0.55,1.26,0.41,0.61,0.2,175.26,male
Daniel Marcos,15.0,0.0,170.18,61.23,175.26,Orthodox,31.0,5.75,0.5,4.0,0.66,0.33,0.5,0.89,0.0,175.26,male
Danny Roberts,18.0,8.0,185.42,77.11,187.96,Southpaw,36.0,3.18,0.39,3.73,0.5,0.24,0.09,0.57,0.2,187.96,male
Jonny Parsons,9.0,3.0,175.26,77.11,175.26,Orthodox,32.0,4.65,0.44,4.89,0.6,0.0,0.0,0.66,0.0,175.26,male
Joel Alvarez,20.0,3.0,190.5,70.31,195.58,Orthodox,31.0,3.65,0.46,3.37,0.5,0.0,0.0,0.11,1.3,195.58,male
Makhmud Muradov,26.0,8.0,187.96,83.91,190.5,Orthodox,34.0,4.21,0.43,2.57,0.61,3.03,0.66,0.77,0.2,190.5,male
Ketlen Vieira,14.0,3.0,172.72,61.23,172.72,Orthodox,32.0,3.04,0.41,3.92,0.51,1.51,0.44,0.92,0.6,172.72,female
Yanal Ashmouz,7.0,1.0,175.26,70.31,172.72,Orthodox,28.0,3.08,0.42,5.35,0.59,0.92,0.5,0.5,0.0,172.72,female
Shauna Bannon,5.0,1.0,165.1,52.16,165.1,Switch,30.0,3.6,0.37,3.73,0.37,0.0,0.0,0.33,0.0,165.1,female
Daniel Barez,16.0,6.0,167.64,56.7,167.64,Orthodox,35.0,3.8,0.53,5.32,0.55,4.07,0.31,0.91,1.6,167.64,male
Bassil Hafez,8.0,4.0,180.34,77.11,182.88,Orthodox,32.0,2.13,0.25,5.53,0.39,3.0,0.15,0.5,0.0,182.88,male
Ottman Azaitar,13.0,2.0,172.72,70.31,180.34,Switch,34.0,5.73,0.51,4.96,0.48,0.0,0.0,1.0,0.0,180.34,female
Albert Duraev,16.0,5.0,180.34,83.91,190.5,Orthodox,35.0,2.99,0.4,3.01,0.59,1.97,0.29,0.66,0.6,190.5,male
Norma Dumont,10.0,2.0,170.18,61.23,170.18,Orthodox,33.0,3.41,0.49,1.99,0.66,1.39,0.64,0.72,0.0,170.18,female
Nazim Sadykhov,9.0,1.0,177.8,70.31,175.26,Southpaw,29.0,4.94,0.48,5.72,0.48,1.71,0.62,0.75,0.3,175.26,male
Tucker Lutz,12.0,4.0,172.72,65.77,182.88,Orthodox,29.0,3.74,0.46,3.25,0.44,1.99,0.44,0.69,0.2,182.88,male
Melsik Baghdasaryan,8.0,2.0,175.26,65.77,177.8,Southpaw,32.0,5.28,0.61,3.06,0.58,0.0,0.0,0.72,0.0,177.8,female
Istela Nunes,6.0,5.0,162.56,52.16,167.64,Orthodox,31.0,5.02,0.45,4.84,0.6,0.0,0.0,0.5,0.0,167.64,female
Austin Lingo,9.0,3.0,177.8,65.77,177.8,Orthodox,29.0,3.86,0.37,4.86,0.57,0.43,0.66,0.75,0.0,177.8,male
Evan Elder,8.0,2.0,177.8,70.31,182.88,Switch,26.0,4.75,0.48,5.0,0.57,0.74,0.22,0.28,0.4,182.88,male
Genaro Valdez,10.0,3.0,175.26,70.31,182.88,Orthodox,32.0,4.08,0.3,7.16,0.48,1.54,0.44,0.36,0.4,182.88,male
Tyson Nam,21.0,14.0,170.18,56.7,172.72,Orthodox,40.0,3.87,0.33,4.97,0.65,0.0,0.0,0.87,0.0,172.72,male
Alexander Munoz,7.0,2.0,175.26,70.31,182.88,Switch,34.0,3.7,0.42,4.73,0.55,3.0,0.4,1.0,0.0,182.88,male
Carl Deaton,17.0,7.0,170.18,70.31,175.26,Orthodox,34.0,1.53,0.31,1.85,0.61,0.0,0.0,0.5,0.0,175.26,male
Ashlee Evans-Smith,6.0,6.0,172.72,61.23,170.18,Orthodox,36.0,4.03,0.34,4.59,0.53,0.95,0.22,0.5,0.0,170.18,female
Dan Hooker,23.0,12.0,182.88,70.31,190.5,Switch,34.0,5.08,0.48,4.76,0.51,0.79,0.34,0.8,0.4,190.5,male
Bo Nickal,5.0,0.0,185.42,83.91,193.04,Southpaw,28.0,2.76,0.62,0.55,0.75,11.04,0.5,0.0,13.8,193.04,male
Robbie Lawler,30.0,16.0,180.34,77.11,187.96,Southpaw,42.0,3.85,0.47,4.67,0.59,0.65,0.64,0.65,0.0,187.96,male
Niko Price,15.0,7.0,182.88,77.11,193.04,Orthodox,34.0,5.46,0.42,5.6,0.48,0.7,0.2,0.64,0.7,193.04,male
Jimmy Crute,12.0,4.0,187.96,92.99,187.96,Orthodox,28.0,3.68,0.54,3.04,0.44,4.84,0.57,0.6,2.0,187.96,male
Kamuela Kirk,12.0,6.0,177.8,70.31,190.5,Switch,29.0,3.22,0.5,5.87,0.4,1.5,0.26,0.47,1.2,190.5,female
Esteban Ribovics,12.0,1.0,177.8,70.31,175.26,Orthodox,27.0,6.16,0.52,3.4,0.52,0.95,0.66,0.6,0.5,175.26,male
Damir Ismagulov,24.0,3.0,177.8,70.31,187.96,Orthodox,33.0,3.36,0.42,2.44,0.61,1.0,0.28,0.7,0.0,187.96,male
Melissa Gatto,8.0,2.0,165.1,56.7,175.26,Orthodox,27.0,3.98,0.48,3.13,0.54,1.18,0.21,0.63,0.3,175.26,female
Ismael Bonfim,19.0,4.0,172.72,70.31,180.34,Orthodox,28.0,4.91,0.57,2.66,0.76,1.11,0.28,0.81,0.0,180.34,male
Nursulton Ruziboev,33.0,8.0,195.58,83.91,193.04,Orthodox,30.0,4.68,0.66,2.34,0.4,11.69,1.0,0.0,0.0,193.04,female
Kevin Lee,18.0,8.0,175.26,77.11,195.58,Orthodox,31.0,3.88,0.42,3.6,0.5,3.18,0.43,0.75,0.8,195.58,male
Rinat Fakhretdinov,21.0,1.0,182.88,77.11,187.96,Orthodox,32.0,4.05,0.56,2.16,0.52,4.25,0.46,1.0,0.3,187.96,male
Yana Santos,14.0,8.0,167.64,61.23,172.72,Orthodox,34.0,4.16,0.56,3.03,0.5,1.11,0.53,0.42,0.1,172.72,female
Guram Kutateladze,12.0,4.0,180.34,70.31,182.88,Orthodox,32.0,4.62,0.45,4.53,0.56,0.69,0.18,0.75,0.0,182.88,male
Ivana Petrovic,6.0,1.0,172.72,56.7,177.8,Southpaw,29.0,1.47,0.35,2.73,0.52,2.0,0.33,0.66,2.0,177.8,female
Alexandr Romanov,17.0,2.0,187.96,118.84,190.5,Southpaw,33.0,4.06,0.52,2.2,0.5,4.32,0.54,0.2,0.9,190.5,male
Blagoy Ivanov,19.0,6.0,180.34,113.4,185.42,Southpaw,37.0,3.25,0.4,4.2,0.53,0.69,0.4,0.61,0.1,185.42,male
David Onama,11.0,2.0,180.34,65.77,187.96,Orthodox,29.0,5.38,0.46,5.48,0.51,0.87,0.18,0.45,0.3,187.96,male
Gabriel Santos,10.0,2.0,175.26,65.77,177.8,Orthodox,27.0,4.46,0.55,6.03,0.44,4.34,0.46,0.66,1.2,177.8,male
Phil Rowe,10.0,4.0,190.5,77.11,203.2,Orthodox,33.0,3.94,0.52,4.32,0.54,0.85,0.4,0.59,0.4,203.2,male
Zhalgas Zhumagulov,14.0,9.0,162.56,56.7,167.64,Switch,35.0,5.24,0.43,5.86,0.52,1.3,0.19,0.75,0.2,167.64,female
Marvin Vettori,19.0,7.0,182.88,83.91,187.96,Southpaw,30.0,4.56,0.45,4.24,0.56,1.66,0.45,0.69,0.5,187.96,male
Jared Cannonier,17.0,6.0,180.34,83.91,195.58,Switch,40.0,4.68,0.52,4.13,0.59,0.44,0.42,0.63,0.0,195.58,male
Tereza Bleda,7.0,1.0,175.26,56.7,180.34,Orthodox,22.0,3.02,0.53,1.86,0.46,1.81,0.27,0.83,0.7,180.34,female
Gabriella Fernandes,8.0,3.0,167.64,56.7,167.64,Southpaw,30.0,1.63,0.47,2.7,0.47,0.0,0.0,0.61,0.0,167.64,female
Amanda Nunes,23.0,5.0,172.72,61.23,175.26,Orthodox,35.0,4.55,0.51,2.62,0.57,2.73,0.54,0.82,0.7,175.26,female
Charles Oliveira,34.0,9.0,177.8,70.31,187.96,Orthodox,34.0,3.54,0.53,3.19,0.51,2.32,0.4,0.55,2.7,187.96,male
Adam Fugitt,9.0,4.0,185.42,77.11,195.58,Southpaw,35.0,4.3,0.54,5.13,0.48,3.43,0.33,0.5,0.0,195.58,male
Nate Landwehr,17.0,5.0,175.26,65.77,182.88,Orthodox,35.0,6.14,0.46,5.58,0.55,1.07,0.41,0.86,1.1,182.88,female
David Dvorak,20.0,6.0,165.1,56.7,172.72,Orthodox,31.0,3.48,0.43,3.29,0.59,0.58,0.3,0.7,0.2,172.72,male
Maria Oliveira,13.0,7.0,167.64,52.16,175.26,Orthodox,27.0,5.03,0.38,5.76,0.44,0.95,0.44,0.47,0.0,175.26,female
Kai Kara-France,24.0,11.0,162.56,56.7,175.26,Orthodox,31.0,4.57,0.39,3.24,0.65,0.63,0.33,0.88,0.0,175.26,male
Amir Albazi,17.0,1.0,165.1,56.7,172.72,Orthodox,30.0,2.8,0.39,3.07,0.63,1.71,0.33,0.4,0.7,172.72,male
Daniel Pineda,28.0,15.0,170.18,65.77,175.26,Orthodox,38.0,3.09,0.49,3.18,0.46,1.71,0.25,0.48,1.7,175.26,male
Jesse Butler,12.0,5.0,177.8,65.77,185.42,Orthodox,31.0,2.61,0.14,7.83,0.4,0.0,0.0,0.0,0.0,185.42,male
Ketlen Souza,13.0,4.0,160.02,52.16,160.02,Orthodox,29.0,0.0,0.0,1.71,0.7,0.0,0.0,0.0,0.0,160.02,female
Abubakar Nurmagomedov,17.0,4.0,180.34,77.11,182.88,Orthodox,34.0,2.78,0.53,2.61,0.65,1.25,0.22,0.88,0.0,182.88,female
Elizeu Zaleski dos Santos,24.0,7.0,180.34,77.11,185.42,Orthodox,37.0,4.52,0.42,3.33,0.57,0.43,0.13,0.68,0.4,185.42,female
Daniel Santos,12.0,2.0,170.18,61.23,170.18,Orthodox,29.0,4.26,0.37,5.12,0.5,1.9,0.5,0.73,0.0,170.18,male
Luan Lacerda,12.0,3.0,170.18,61.23,180.34,Orthodox,31.0,4.52,0.44,7.07,0.47,1.26,0.25,0.75,0.6,180.34,male
Maxim Grishin,32.0,10.0,190.5,92.99,198.12,Orthodox,39.0,3.26,0.52,2.27,0.58,0.21,0.16,0.66,0.0,198.12,male
Diego Ferreira,18.0,5.0,175.26,70.31,187.96,Orthodox,39.0,4.66,0.37,3.42,0.56,0.71,0.22,0.63,0.7,187.96,male
Maheshate,9.0,3.0,182.88,70.31,180.34,Orthodox,24.0,2.91,0.26,4.86,0.49,0.0,0.0,0.45,0.0,180.34,female
Viacheslav Borshchev,7.0,3.0,180.34,70.31,175.26,Orthodox,32.0,5.82,0.58,4.07,0.56,0.0,0.0,0.36,0.0,175.26,male
Orion Cosce,8.0,2.0,180.34,77.11,180.34,Switch,29.0,2.77,0.53,4.02,0.44,1.92,0.4,0.61,0.0,180.34,male
Ilir Latifi,17.0,9.0,177.8,104.33,185.42,Orthodox,41.0,2.05,0.45,2.93,0.56,2.11,0.35,1.0,0.3,185.42,male
Nick Fiore,6.0,2.0,177.8,70.31,182.88,Orthodox,26.0,2.83,0.46,7.93,0.42,2.5,0.45,0.71,0.0,182.88,male
Victoria Leonardo,9.0,6.0,165.1,56.7,162.56,Orthodox,34.0,3.27,0.39,4.7,0.46,1.6,0.27,0.71,0.0,162.56,female
Takashi Sato,16.0,7.0,177.8,77.11,185.42,Southpaw,33.0,2.21,0.41,3.73,0.44,0.76,0.37,0.6,0.0,185.42,male
Daniel Rodriguez,17.0,4.0,185.42,77.11,187.96,Southpaw,37.0,7.3,0.5,5.28,0.56,0.62,0.5,0.63,0.1,187.96,male
Matt Brown,26.0,19.0,182.88,77.11,190.5,Orthodox,43.0,3.76,0.55,2.92,0.55,1.68,0.46,0.63,1.3,190.5,male
Court McGee,22.0,12.0,180.34,77.11,190.5,Orthodox,39.0,4.63,0.37,3.68,0.6,1.89,0.25,0.69,0.4,190.5,female
Chase Sherman,16.0,12.0,193.04,113.4,198.12,Orthodox,34.0,6.04,0.45,6.65,0.52,0.09,0.5,0.74,0.0,198.12,male
Cody Stamann,21.0,6.0,167.64,61.23,162.56,Orthodox,34.0,4.39,0.47,3.63,0.62,2.34,0.39,0.76,0.0,162.56,male
Douglas Silva de Andrade,29.0,5.0,170.18,61.23,172.72,Orthodox,38.0,3.66,0.38,3.99,0.58,0.61,0.46,0.7,0.2,172.72,male
Ji Yeon Kim,9.0,7.0,170.18,56.7,182.88,Orthodox,34.0,5.37,0.36,5.41,0.56,0.0,0.0,0.5,0.1,182.88,andy
Mandy Bohm,8.0,2.0,170.18,56.7,180.34,Orthodox,34.0,2.51,0.45,3.24,0.6,0.72,0.18,0.75,0.7,180.34,female
Gabe Green,11.0,5.0,177.8,70.31,185.42,Switch,30.0,6.28,0.45,6.95,0.47,0.83,0.5,0.53,0.3,185.42,male
Jessica-Rose Clark,11.0,9.0,165.1,61.23,162.56,Orthodox,36.0,3.73,0.51,3.51,0.58,1.66,0.42,0.62,0.3,162.56,female
Belal Muhammad,23.0,3.0,180.34,77.11,182.88,Orthodox,35.0,4.55,0.43,3.64,0.57,1.98,0.35,0.93,0.2,182.88,male
Yan Xiaonan,17.0,3.0,165.1,52.16,160.02,Orthodox,34.0,5.55,0.44,3.56,0.61,0.86,0.66,0.7,0.0,160.02,male
Kron Gracie,5.0,2.0,175.26,65.77,177.8,Southpaw,35.0,3.74,0.44,6.82,0.53,0.47,0.25,0.0,0.5,177.8,male
Khaos Williams,14.0,3.0,182.88,77.11,195.58,Orthodox,29.0,5.77,0.39,5.33,0.42,0.0,0.0,0.8,0.0,195.58,female
Virna Jandiroba,19.0,3.0,160.02,52.16,162.56,Orthodox,35.0,2.34,0.4,3.03,0.56,2.42,0.39,0.73,1.0,162.56,female
Braxton Smith,5.0,2.0,180.34,116.57,182.88,Orthodox,34.0,6.46,0.48,11.54,0.32,0.0,0.0,1.0,0.0,182.88,male
Joseph Holmes,8.0,4.0,193.04,83.91,203.2,Orthodox,28.0,2.88,0.53,3.08,0.54,1.49,0.4,0.5,0.8,203.2,male
Trey Waters,8.0,1.0,195.58,77.11,195.58,Orthodox,29.0,6.45,0.45,3.95,0.61,0.78,0.5,0.77,0.8,195.58,male
Journey Newson,10.0,5.0,165.1,61.23,170.18,Orthodox,35.0,2.64,0.32,2.57,0.64,0.56,0.16,0.43,0.3,170.18,female
Hailey Cowan,7.0,3.0,172.72,61.23,170.18,Southpaw,32.0,2.97,0.42,3.17,0.34,1.5,0.33,0.8,0.0,170.18,female
Brogan Walker,8.0,4.0,162.56,56.7,170.18,Switch,35.0,2.04,0.3,3.7,0.47,0.0,0.0,0.11,0.0,170.18,female
Rani Yahya,28.0,11.0,167.64,61.23,170.18,Orthodox,39.0,1.59,0.37,1.77,0.5,2.86,0.32,0.24,1.9,170.18,female
Montel Jackson,13.0,2.0,177.8,61.23,190.5,Southpaw,31.0,3.36,0.53,1.41,0.64,3.42,0.71,0.69,0.3,190.5,female
Brady Hiestand,8.0,2.0,172.72,61.23,180.34,Orthodox,24.0,2.93,0.52,3.65,0.53,4.06,0.46,0.42,0.3,180.34,male
Batgerel Danaa,12.0,5.0,170.18,61.23,177.8,Orthodox,34.0,5.38,0.36,4.21,0.47,0.52,0.5,0.62,0.0,177.8,female
Azamat Murzakanov,13.0,0.0,177.8,92.99,180.34,Southpaw,34.0,4.57,0.57,3.12,0.57,0.75,0.16,0.83,0.0,180.34,male
Rafa Garcia,16.0,3.0,170.18,70.31,177.8,Orthodox,29.0,4.19,0.42,4.21,0.61,3.61,0.44,0.79,0.3,177.8,female
Matheus Nicolau,19.0,4.0,167.64,56.7,167.64,Orthodox,31.0,3.66,0.53,3.14,0.66,1.48,0.45,0.93,0.9,167.64,female
Zak Cummings,25.0,7.0,182.88,92.99,190.5,Southpaw,39.0,2.96,0.35,2.91,0.55,0.62,0.28,0.66,0.6,190.5,male
Ed Herman,27.0,16.0,185.42,92.99,195.58,Orthodox,43.0,3.31,0.48,3.71,0.42,1.96,0.47,0.59,1.0,195.58,male
Piera Rodriguez,9.0,1.0,160.02,52.16,160.02,Orthodox,31.0,3.46,0.46,2.98,0.57,3.31,0.41,0.66,0.0,160.02,female
Lando Vannata,12.0,7.0,175.26,70.31,180.34,Orthodox,32.0,4.52,0.45,4.76,0.55,1.09,0.37,0.69,0.3,180.34,male
Aaron Phillips,12.0,5.0,175.26,61.23,180.34,Southpaw,34.0,1.51,0.53,3.66,0.43,0.86,0.5,0.44,0.6,180.34,male
Jorge Masvidal,35.0,17.0,180.34,77.11,187.96,Orthodox,39.0,4.05,0.47,3.05,0.64,1.38,0.59,0.72,0.3,187.96,male
Santiago Ponzinibbio,30.0,7.0,182.88,77.11,185.42,Orthodox,37.0,4.9,0.41,4.67,0.61,0.48,0.3,0.6,0.0,185.42,male
Cynthia Calvillo,9.0,6.0,162.56,52.16,162.56,Orthodox,36.0,4.41,0.38,4.12,0.64,1.8,0.44,0.77,0.8,162.56,female
Shayilan Nuerdanbieke,39.0,11.0,172.72,65.77,175.26,Orthodox,29.0,2.28,0.45,2.94,0.5,2.9,0.33,0.4,0.0,175.26,female
Holly Holm,15.0,6.0,172.72,61.23,175.26,Southpaw,42.0,3.21,0.4,2.79,0.56,0.9,0.3,0.78,0.1,175.26,female
Steven Peterson,19.0,11.0,177.8,65.77,177.8,Orthodox,33.0,4.76,0.4,5.94,0.53,1.42,0.26,0.64,0.7,177.8,male
Gunnar Nelson,19.0,5.0,180.34,77.11,182.88,Switch,35.0,1.84,0.61,3.0,0.49,1.9,0.59,0.66,1.0,182.88,male
Jack Shore,17.0,1.0,172.72,65.77,180.34,Orthodox,29.0,3.84,0.58,2.2,0.57,3.42,0.4,0.79,0.7,180.34,male
Makwan Amirkhani,17.0,9.0,177.8,65.77,182.88,Southpaw,35.0,1.33,0.44,2.98,0.46,3.96,0.43,0.35,1.1,182.88,female
Omar Morales,11.0,4.0,180.34,70.31,185.42,Orthodox,38.0,3.42,0.4,3.18,0.58,0.46,1.0,0.63,0.0,185.42,male
Dusko Todorovic,12.0,4.0,185.42,83.91,187.96,Orthodox,29.0,5.54,0.57,4.55,0.46,0.96,0.12,0.45,0.0,187.96,female
Nikita Krylov,30.0,9.0,190.5,92.99,195.58,Orthodox,32.0,4.38,0.55,2.47,0.44,2.29,0.38,0.53,1.4,195.58,male
Guido Cannetti,10.0,8.0,167.64,61.23,172.72,Southpaw,44.0,3.44,0.55,2.84,0.51,2.27,0.55,0.64,0.4,172.72,male
Raphael Assuncao,28.0,10.0,165.1,61.23,167.64,Orthodox,41.0,3.22,0.42,2.5,0.66,1.65,0.39,0.78,0.2,167.64,male
Victor Henry,23.0,6.0,170.18,61.23,172.72,Switch,36.0,8.26,0.54,5.95,0.47,0.0,0.0,0.78,0.6,172.72,male
Tony Gravely,23.0,9.0,165.1,61.23,175.26,Orthodox,32.0,3.82,0.48,4.47,0.44,5.4,0.41,0.52,0.3,175.26,male
Bruno Silva,13.0,5.0,162.56,56.7,165.1,Orthodox,34.0,3.05,0.46,3.09,0.59,2.57,0.3,0.64,0.3,165.1,male
Jon Jones,27.0,1.0,193.04,112.49,213.36,Orthodox,36.0,4.29,0.57,2.22,0.64,1.93,0.45,0.95,0.5,213.36,male
Valentina Shevchenko,23.0,4.0,165.1,56.7,167.64,Southpaw,36.0,3.28,0.52,2.11,0.62,2.56,0.63,0.71,0.4,167.64,female
Alexa Grasso,16.0,3.0,165.1,56.7,167.64,Orthodox,30.0,4.67,0.43,3.95,0.58,0.41,0.45,0.59,0.6,167.64,female
Trevin Jones,13.0,10.0,170.18,61.23,177.8,Southpaw,33.0,2.13,0.37,4.29,0.39,0.62,0.15,0.6,0.2,177.8,female
Derek Brunson,23.0,9.0,185.42,83.91,195.58,Southpaw,40.0,3.51,0.47,3.05,0.51,3.14,0.33,0.85,0.6,195.58,male
Julian Marquez,9.0,4.0,187.96,83.91,182.88,Orthodox,33.0,4.86,0.44,4.99,0.51,0.0,0.0,0.53,2.6,182.88,male
Mana Martinez,10.0,4.0,177.8,61.23,177.8,Orthodox,28.0,4.33,0.48,4.94,0.5,0.72,0.42,0.25,0.5,177.8,female
Jessica Penne,14.0,8.0,165.1,52.16,170.18,Orthodox,41.0,2.52,0.31,4.75,0.46,1.32,0.21,0.36,0.6,170.18,female
Augusto Sakai,16.0,5.0,190.5,120.2,195.58,Orthodox,32.0,4.6,0.49,3.83,0.48,0.23,0.4,0.56,0.0,195.58,male
Erick Gonzalez,14.0,8.0,180.34,70.31,190.5,Orthodox,32.0,2.4,0.36,8.08,0.4,6.0,0.55,0.5,0.0,190.5,male
Victor Martinez,13.0,5.0,172.72,70.31,177.8,Orthodox,32.0,8.65,0.5,7.45,0.54,0.86,0.5,0.8,0.0,177.8,male
Rafael Alves,20.0,12.0,172.72,70.31,172.72,Orthodox,33.0,1.85,0.48,3.3,0.58,0.29,0.25,0.44,1.5,172.72,male
Nurullo Aliev,9.0,0.0,177.8,70.31,182.88,Orthodox,23.0,2.5,0.51,0.46,0.59,3.06,0.44,0.0,0.0,182.88,female
Jordan Wright,12.0,5.0,187.96,92.99,195.58,Orthodox,32.0,4.1,0.56,6.03,0.31,2.09,0.45,1.0,0.4,195.58,male
William Knight,11.0,5.0,177.8,92.99,185.42,Orthodox,35.0,2.62,0.56,3.3,0.35,1.78,0.4,0.48,0.4,185.42,male
Lina Lansberg,10.0,8.0,170.18,61.23,165.1,Orthodox,42.0,2.69,0.55,3.87,0.44,0.52,0.27,0.47,0.1,165.1,female
Khusein Askhabov,23.0,1.0,172.72,65.77,175.26,Orthodox,29.0,2.0,0.26,4.13,0.56,0.0,0.0,0.66,0.0,175.26,female
Clayton Carpenter,7.0,0.0,167.64,56.7,167.64,Orthodox,27.0,4.5,0.51,2.85,0.6,2.47,0.5,0.0,2.5,167.64,male
Juancamilo Ronderos,4.0,2.0,160.02,56.7,162.56,Southpaw,29.0,2.18,0.3,2.18,0.63,2.72,0.33,0.0,0.0,162.56,female
Don Shainis,12.0,5.0,167.64,65.77,170.18,Orthodox,33.0,3.42,0.5,5.87,0.31,0.97,0.25,0.2,1.9,170.18,male
Zubaira Tukhugov,20.0,6.0,172.72,70.31,172.72,Orthodox,33.0,3.17,0.39,3.07,0.63,2.13,0.39,1.0,0.0,172.72,female
Yizha,25.0,4.0,170.18,65.77,180.34,Orthodox,27.0,2.82,0.44,2.2,0.54,4.55,0.32,0.59,1.4,180.34,female
SeungGuk Choi,7.0,3.0,167.64,56.7,162.56,Orthodox,27.0,2.69,0.42,2.69,0.65,1.02,0.27,0.74,0.0,162.56,female
Glover Teixeira,33.0,9.0,187.96,92.99,193.04,Orthodox,44.0,3.73,0.49,4.43,0.51,2.11,0.33,0.6,0.9,193.04,female
Jamahal Hill,12.0,1.0,193.04,92.99,200.66,Southpaw,32.0,7.31,0.54,3.35,0.47,0.0,0.0,0.73,0.0,200.66,female
Lauren Murphy,16.0,6.0,165.1,56.7,170.18,Orthodox,40.0,4.05,0.39,5.25,0.55,1.03,0.25,0.69,0.1,170.18,female
Mauricio Rua,27.0,14.0,185.42,92.99,193.04,Orthodox,42.0,3.57,0.5,2.79,0.54,2.01,0.48,0.49,0.7,193.04,male
Mounir Lazzez,11.0,3.0,185.42,77.11,193.04,Orthodox,36.0,7.49,0.55,5.42,0.53,1.8,0.57,0.71,0.0,193.04,male
Shamil Abdurakhimov,20.0,8.0,190.5,106.59,193.04,Orthodox,42.0,2.41,0.44,3.02,0.55,1.01,0.23,0.45,0.1,193.04,male
Saimon Oliveira,18.0,5.0,162.56,61.23,182.88,Orthodox,32.0,2.82,0.41,3.91,0.48,1.21,0.25,0.35,1.6,182.88,female
Allan Nascimento,20.0,6.0,172.72,56.7,175.26,Orthodox,32.0,3.21,0.61,2.28,0.5,1.55,0.26,0.16,0.9,175.26,male
Dan Argueta,9.0,1.0,170.18,61.23,172.72,Southpaw,30.0,2.35,0.47,1.9,0.52,2.54,0.5,0.6,1.9,172.72,male
Cheyanne Vlismas,7.0,3.0,160.02,52.16,160.02,Switch,28.0,4.93,0.5,2.57,0.64,0.25,0.33,0.66,0.2,160.02,female
Saidyokub Kakhramonov,10.0,3.0,172.72,61.23,175.26,Orthodox,28.0,2.05,0.51,0.88,0.58,6.63,0.48,0.83,1.9,175.26,female
Sergey Morozov,19.0,5.0,167.64,61.23,170.18,Orthodox,34.0,3.01,0.43,2.97,0.61,3.63,0.31,0.68,0.0,170.18,male
Darren Till,18.0,5.0,182.88,83.91,187.96,Southpaw,31.0,2.3,0.46,3.31,0.56,0.55,0.46,0.69,0.0,187.96,male
Jay Perrin,10.0,7.0,170.18,61.23,170.18,Switch,30.0,3.71,0.46,3.9,0.44,2.83,0.52,0.58,0.0,170.18,male
Dalcha Lungiambula,11.0,6.0,172.72,83.91,193.04,Orthodox,36.0,3.07,0.45,3.93,0.52,2.14,0.45,0.77,0.0,193.04,female
Steven Koslow,6.0,1.0,170.18,56.7,175.26,Switch,27.0,0.77,0.37,3.73,0.4,5.28,0.55,0.0,1.1,175.26,male
Kyle Daukaus,11.0,4.0,190.5,83.91,193.04,Southpaw,31.0,3.22,0.52,2.94,0.42,2.12,0.25,0.82,1.9,193.04,female
Scott Holtzman,14.0,6.0,175.26,70.31,175.26,Orthodox,40.0,4.32,0.47,3.66,0.55,1.88,0.56,0.67,0.2,175.26,male
Marcelo Rojo,16.0,10.0,172.72,65.77,180.34,Orthodox,35.0,4.92,0.39,6.42,0.55,0.46,0.5,0.66,0.0,180.34,male
Vince Morales,11.0,7.0,175.26,61.23,177.8,Orthodox,33.0,4.17,0.37,4.24,0.53,0.14,0.25,0.64,0.0,177.8,male
Ricky Turcios,13.0,3.0,175.26,61.23,180.34,Orthodox,30.0,5.08,0.37,3.7,0.55,1.0,0.25,0.45,0.2,180.34,male
Kevin Natividad,9.0,4.0,167.64,61.23,177.8,Orthodox,30.0,2.68,0.34,4.29,0.47,3.66,0.5,0.83,0.0,177.8,male
Carla Esparza,20.0,7.0,154.94,52.16,160.02,Orthodox,36.0,2.16,0.4,2.69,0.55,3.22,0.35,0.47,0.3,160.02,female
Michael Chandler,23.0,8.0,172.72,70.31,180.34,Orthodox,37.0,4.89,0.46,4.58,0.46,2.17,0.38,0.71,0.9,180.34,male
Frankie Edgar,23.0,11.0,167.64,61.23,172.72,Orthodox,42.0,3.77,0.4,2.82,0.65,2.29,0.31,0.65,0.3,172.72,andy
Brad Riddell,10.0,4.0,170.18,70.31,180.34,Orthodox,32.0,4.71,0.53,3.53,0.53,1.77,0.36,0.63,0.0,180.34,male
Dominick Reyes,12.0,4.0,193.04,92.99,195.58,Southpaw,34.0,4.75,0.5,3.77,0.48,0.36,0.28,0.8,0.4,195.58,male
Silvana Gomez Juarez,11.0,5.0,160.02,52.16,165.1,Orthodox,39.0,4.26,0.32,4.04,0.61,0.0,0.0,0.3,0.0,165.1,female
Michael Trizano,11.0,3.0,180.34,65.77,180.34,Orthodox,32.0,3.63,0.53,4.4,0.5,0.36,0.66,0.72,0.5,180.34,male
Julio Arce,18.0,6.0,170.18,65.77,177.8,Southpaw,34.0,4.38,0.36,3.1,0.68,0.49,0.3,0.95,0.4,177.8,male
Nicolae Negumereanu,13.0,2.0,182.88,92.99,198.12,Orthodox,29.0,3.58,0.41,5.56,0.39,1.02,0.28,0.62,0.0,198.12,male
Darrick Minner,26.0,14.0,170.18,65.77,175.26,Orthodox,33.0,2.63,0.65,2.28,0.35,2.4,0.72,0.66,2.7,175.26,male
Shanna Young,9.0,6.0,170.18,56.7,165.1,Orthodox,33.0,3.18,0.47,4.88,0.43,0.0,0.0,0.53,0.6,165.1,female
Benito Lopez,10.0,2.0,177.8,61.23,185.42,Switch,29.0,4.39,0.45,5.18,0.56,0.0,0.0,0.73,0.3,185.42,male
Liudvik Sholinian,9.0,4.0,177.8,61.23,180.34,Orthodox,34.0,2.5,0.3,5.67,0.55,0.0,0.0,0.66,0.0,180.34,female
Carlos Candelario,8.0,3.0,172.72,56.7,172.72,Southpaw,32.0,3.97,0.46,5.17,0.44,2.28,0.36,0.53,0.3,172.72,male
Ramona Pascual,6.0,5.0,170.18,61.23,167.64,Southpaw,35.0,3.87,0.57,8.43,0.46,1.81,0.19,1.0,0.0,167.64,female
Calvin Kattar,23.0,7.0,180.34,65.77,182.88,Orthodox,36.0,5.12,0.39,7.1,0.54,0.42,0.29,0.91,0.1,182.88,male
Jared Vanderaa,12.0,10.0,193.04,120.2,203.2,Orthodox,31.0,4.96,0.44,5.67,0.45,0.18,0.5,0.2,0.0,203.2,male
Tresean Gore,5.0,2.0,182.88,83.91,190.5,Switch,29.0,3.04,0.53,6.13,0.47,3.04,0.71,0.81,1.2,190.5,female
Carlos Mota,8.0,2.0,162.56,56.7,175.26,Orthodox,28.0,0.8,0.41,1.13,0.54,0.0,0.0,0.5,1.0,175.26,male
Joshua Weems,11.0,3.0,172.72,61.23,175.26,Orthodox,29.0,5.25,0.64,3.34,0.61,4.77,0.4,1.0,0.0,175.26,male
TJ Dillashaw,18.0,5.0,167.64,61.23,170.18,Orthodox,38.0,5.09,0.41,3.47,0.62,1.56,0.3,0.77,0.8,170.18,female
Gadzhi Omargadzhiev,13.0,2.0,185.42,77.11,180.34,Switch,31.0,1.8,0.39,2.2,0.39,1.35,0.3,0.6,0.5,180.34,female
Misha Cirkunov,15.0,9.0,190.5,92.99,195.58,Orthodox,37.0,3.86,0.51,3.06,0.57,4.15,0.39,0.76,1.7,195.58,male
Brandon Davis,14.0,10.0,177.8,61.23,182.88,Orthodox,33.0,4.68,0.35,4.62,0.58,0.74,0.42,0.57,0.1,182.88,male
Nick Maximov,8.0,2.0,182.88,83.91,193.04,Southpaw,26.0,1.93,0.45,2.64,0.46,4.16,0.45,0.35,0.2,193.04,male
Mike Jackson,1.0,2.0,187.96,77.11,187.96,Orthodox,39.0,4.49,0.57,3.73,0.62,0.71,0.33,0.88,0.0,187.96,male
Francisco Trinaldo,28.0,9.0,175.26,77.11,177.8,Southpaw,45.0,3.13,0.45,2.67,0.6,0.98,0.42,0.6,0.5,177.8,male
Aleksei Oleinik,60.0,17.0,187.96,108.86,203.2,Orthodox,46.0,3.29,0.48,3.8,0.44,1.82,0.46,0.37,1.9,203.2,male
Jesse Ronson,21.0,12.0,177.8,70.31,177.8,Southpaw,38.0,3.54,0.47,3.39,0.57,0.46,0.28,0.57,0.5,177.8,male
Krzysztof Jotko,24.0,6.0,185.42,83.91,195.58,Southpaw,34.0,2.98,0.42,2.23,0.57,1.33,0.39,0.82,0.1,195.58,male
Randy Costa,6.0,4.0,175.26,61.23,185.42,Switch,29.0,6.53,0.46,7.58,0.58,0.0,0.0,0.5,0.0,185.42,male
Alen Amedovski,8.0,4.0,177.8,83.91,187.96,Orthodox,35.0,0.99,0.3,3.85,0.46,0.0,0.0,0.0,0.0,187.96,male
Louis Cosce,7.0,2.0,175.26,77.11,180.34,Orthodox,28.0,4.31,0.45,5.35,0.47,1.04,0.2,0.5,0.5,180.34,male
Mariya Agapova,10.0,4.0,167.64,56.7,172.72,Southpaw,26.0,4.67,0.55,3.82,0.52,0.59,0.66,0.47,0.9,172.72,female
Cameron VanCamp,15.0,7.0,187.96,70.31,187.96,Switch,30.0,5.31,0.47,6.41,0.4,0.0,0.0,0.0,0.0,187.96,male
Nate Diaz,22.0,13.0,182.88,77.11,193.04,Southpaw,38.0,4.57,0.45,3.77,0.52,1.05,0.3,0.41,1.3,193.04,female
Li Jingliang,19.0,8.0,182.88,77.11,180.34,Orthodox,36.0,4.46,0.42,3.84,0.57,1.25,0.41,0.6,0.0,180.34,andy
Chris Barnett,23.0,8.0,175.26,120.2,190.5,Orthodox,37.0,4.41,0.48,5.87,0.4,0.0,0.0,0.33,0.0,190.5,male
Danyelle Wolf,1.0,1.0,180.34,65.77,177.8,Orthodox,40.0,2.37,0.25,4.57,0.47,0.0,0.0,0.77,0.5,177.8,female
Melissa Martinez,7.0,1.0,157.48,52.16,167.64,Southpaw,26.0,3.0,0.57,2.53,0.45,1.0,0.5,0.0,0.0,167.64,female
Darian Weeks,5.0,3.0,180.34,77.11,182.88,Orthodox,30.0,4.49,0.51,4.56,0.51,2.0,0.3,1.0,0.0,182.88,male
Alessio Di Chirico,13.0,7.0,182.88,83.91,187.96,Orthodox,34.0,3.32,0.39,3.44,0.61,1.46,0.39,0.83,0.0,187.96,male
Michal Figlak,8.0,1.0,177.8,70.31,177.8,Orthodox,27.0,1.87,0.29,4.0,0.44,1.0,0.2,0.57,0.0,177.8,male
Khalid Taha,13.0,5.0,165.1,61.23,175.26,Orthodox,32.0,2.64,0.32,4.12,0.46,0.0,0.0,0.61,0.2,175.26,male
Luke Rockhold,16.0,6.0,190.5,83.91,195.58,Southpaw,39.0,4.1,0.49,2.68,0.53,0.7,0.29,0.65,1.0,195.58,male
Jose Aldo,31.0,8.0,170.18,61.23,177.8,Orthodox,37.0,3.57,0.46,3.74,0.6,0.49,0.54,0.91,0.1,177.8,male
Wu Yanan,13.0,6.0,172.72,61.23,167.64,Orthodox,27.0,4.23,0.41,4.95,0.49,0.62,0.3,0.63,0.2,167.64,andy
Harry Hunsucker,7.0,6.0,187.96,92.99,190.5,Orthodox,35.0,3.54,0.52,6.53,0.42,0.0,0.0,0.0,2.0,190.5,male
Leonardo Santos,18.0,7.0,182.88,70.31,190.5,Orthodox,44.0,2.82,0.46,3.4,0.54,0.88,0.25,0.86,0.2,190.5,male
Francisco Figueiredo,13.0,5.0,167.64,56.7,172.72,Southpaw,34.0,2.04,0.61,2.59,0.61,2.51,0.75,0.76,0.4,172.72,male
Dominick Cruz,24.0,4.0,172.72,61.23,172.72,Orthodox,39.0,3.91,0.33,2.61,0.7,2.82,0.42,0.83,0.1,172.72,male
Nina Nunes,11.0,7.0,165.1,56.7,162.56,Orthodox,38.0,4.39,0.45,3.47,0.55,0.24,0.33,0.73,0.5,162.56,female
Charlie Ontiveros,11.0,9.0,187.96,70.31,187.96,Switch,32.0,1.89,0.41,5.86,0.31,0.0,0.0,0.3,0.0,187.96,male
Jason Witt,19.0,9.0,177.8,77.11,177.8,Orthodox,37.0,2.15,0.44,2.54,0.52,6.9,0.48,1.0,0.9,177.8,male
Thiago Santos,22.0,11.0,187.96,92.99,193.04,Orthodox,40.0,3.72,0.48,2.57,0.53,0.88,0.33,0.65,0.1,193.04,female
Sam Alvey,33.0,18.0,187.96,83.91,190.5,Southpaw,37.0,3.28,0.44,3.63,0.52,0.06,0.14,0.82,0.1,190.5,male
Miranda Granger,7.0,3.0,170.18,52.16,172.72,Orthodox,31.0,2.79,0.47,2.57,0.57,0.0,0.0,0.33,0.0,172.72,female
Julianna Pena,12.0,5.0,167.64,61.23,175.26,Orthodox,34.0,3.16,0.47,2.3,0.5,1.94,0.55,0.23,0.8,175.26,female
Alexander Gustafsson,18.0,8.0,195.58,92.99,200.66,Orthodox,37.0,4.03,0.4,3.53,0.51,1.53,0.39,0.83,0.4,200.66,male
Mason Jones,11.0,2.0,177.8,70.31,187.96,Orthodox,28.0,5.61,0.44,4.94,0.46,3.16,0.45,0.8,0.0,187.96,male
Damir Hadzovic,14.0,7.0,175.26,70.31,177.8,Orthodox,37.0,3.36,0.48,3.26,0.62,0.78,0.55,0.34,0.2,177.8,male
Charles Rosa,14.0,8.0,175.26,65.77,175.26,Switch,37.0,3.08,0.36,3.86,0.47,1.67,0.35,0.38,1.0,175.26,male
Claudio Silva,14.0,4.0,180.34,77.11,180.34,Southpaw,41.0,2.48,0.42,3.0,0.46,2.85,0.26,0.44,1.1,180.34,male
Shane Burgos,15.0,3.0,180.34,65.77,190.5,Orthodox,33.0,7.4,0.52,6.78,0.56,0.43,0.44,0.91,0.4,190.5,male
Herbert Burns,11.0,4.0,175.26,65.77,185.42,Orthodox,36.0,1.61,0.51,4.74,0.3,3.92,0.75,0.6,3.3,185.42,male
Dwight Grant,11.0,6.0,185.42,83.91,193.04,Switch,39.0,3.29,0.36,2.66,0.6,0.61,1.0,0.66,0.0,193.04,male
Antonina Shevchenko,10.0,4.0,172.72,56.7,170.18,Southpaw,39.0,3.86,0.55,2.93,0.52,0.43,0.42,0.53,0.4,170.18,female
Cortney Casey,10.0,10.0,170.18,56.7,170.18,Orthodox,36.0,4.29,0.39,4.0,0.55,0.39,0.31,0.39,0.5,170.18,female
Karl Roberson,9.0,6.0,185.42,92.99,187.96,Southpaw,33.0,2.57,0.51,2.42,0.57,0.72,0.4,0.42,0.5,187.96,male
Ronnie Lawrence,8.0,2.0,172.72,61.23,172.72,Switch,31.0,2.78,0.56,1.75,0.52,6.75,0.77,0.45,0.2,172.72,male
Donald Cerrone,36.0,17.0,185.42,70.31,185.42,Orthodox,40.0,4.41,0.46,4.48,0.53,1.16,0.33,0.73,1.2,185.42,male
Uriah Hall,18.0,11.0,182.88,83.91,200.66,Orthodox,39.0,3.23,0.48,3.85,0.54,0.54,0.38,0.64,0.1,200.66,male
Jessica Eye,15.0,11.0,167.64,56.7,167.64,Orthodox,37.0,3.86,0.37,4.19,0.55,0.58,0.4,0.57,0.5,167.64,female
Alan Baudot,8.0,3.0,190.5,110.22,200.66,Orthodox,36.0,5.36,0.58,4.82,0.46,0.0,0.0,0.62,0.0,200.66,male
Raulian Paiva,21.0,5.0,172.72,61.23,175.26,Orthodox,28.0,4.14,0.42,5.01,0.48,0.65,0.23,0.77,0.2,175.26,female
Tony Kelley,8.0,3.0,175.26,61.23,177.8,Switch,37.0,5.55,0.47,4.85,0.45,0.0,0.0,0.52,1.4,177.8,male
Danny Chavez,11.0,5.0,172.72,65.77,170.18,Orthodox,37.0,2.86,0.38,3.83,0.5,1.95,0.6,0.87,0.0,170.18,male
Gloria de Paula,6.0,5.0,165.1,52.16,170.18,Orthodox,28.0,4.89,0.53,3.77,0.66,0.74,0.37,0.65,0.5,170.18,female
Eddie Wineland,24.0,16.0,170.18,61.23,175.26,Orthodox,39.0,3.4,0.29,3.76,0.68,0.34,0.33,0.86,0.1,175.26,male
Deron Winn,7.0,3.0,167.64,83.91,177.8,Orthodox,34.0,4.55,0.44,6.21,0.46,4.28,0.52,0.4,0.0,177.8,male
Joanna Jedrzejczyk,16.0,5.0,167.64,52.16,165.1,Orthodox,36.0,6.28,0.48,3.25,0.62,0.27,0.62,0.8,0.1,165.1,female
Ramazan Emeev,20.0,6.0,177.8,77.11,193.04,Southpaw,36.0,2.53,0.45,2.14,0.65,2.37,0.29,0.66,0.7,193.04,male
Poliana Botelho,8.0,5.0,172.72,56.7,170.18,Orthodox,35.0,2.9,0.58,2.8,0.54,0.85,0.57,0.76,0.0,170.18,female
Zarrukh Adashev,4.0,4.0,165.1,56.7,165.1,Southpaw,31.0,3.65,0.4,3.04,0.64,0.0,0.0,1.0,0.5,165.1,female
Askar Mozharov,19.0,13.0,190.5,92.99,187.96,Orthodox,29.0,0.43,0.18,4.07,0.13,0.0,0.0,0.33,0.0,187.96,male
Felice Herrig,14.0,10.0,162.56,52.16,165.1,Orthodox,39.0,3.84,0.37,5.19,0.48,1.08,0.28,0.75,0.8,165.1,male
Alex Da Silva,21.0,4.0,172.72,70.31,185.42,Orthodox,28.0,2.14,0.46,2.52,0.56,1.97,0.43,0.76,0.3,185.42,male
Niklas Stolze,12.0,6.0,185.42,70.31,187.96,Switch,31.0,2.12,0.48,2.25,0.49,0.66,1.0,0.55,0.7,187.96,male
Jeff Molina,11.0,2.0,167.64,56.7,175.26,Orthodox,26.0,7.25,0.48,5.04,0.55,0.0,0.0,0.66,0.0,175.26,male
Andreas Michailidis,13.0,6.0,182.88,77.11,193.04,Orthodox,35.0,2.9,0.51,3.57,0.44,1.12,0.27,0.5,0.0,193.04,male
Felipe Colares,10.0,4.0,172.72,65.77,175.26,Orthodox,29.0,2.17,0.45,4.65,0.36,1.88,0.24,0.43,0.5,175.26,male
Aleksandar Rakic,14.0,3.0,193.04,92.99,198.12,Orthodox,32.0,4.01,0.5,2.3,0.53,0.82,0.25,0.9,0.2,198.12,male
Louis Smolka,17.0,9.0,175.26,61.23,172.72,Orthodox,32.0,4.67,0.47,4.11,0.53,1.69,0.35,0.32,1.8,172.72,male
Frank Camacho,22.0,10.0,177.8,70.31,185.42,Orthodox,34.0,6.56,0.46,7.44,0.51,1.11,0.31,0.73,0.0,185.42,male
Alan Patrick,15.0,4.0,180.34,70.31,187.96,Southpaw,40.0,1.82,0.4,2.95,0.43,3.01,0.33,0.43,0.3,187.96,male
Ariane Carnelossi,14.0,3.0,157.48,52.16,154.94,Orthodox,31.0,3.04,0.4,4.72,0.43,1.62,0.55,0.08,0.3,154.94,female
Tristan Connelly,14.0,8.0,177.8,65.77,172.72,Orthodox,38.0,3.31,0.51,2.96,0.5,0.33,0.14,0.6,0.3,172.72,male
Gina Mazany,7.0,6.0,167.64,56.7,172.72,Southpaw,35.0,3.73,0.5,3.52,0.5,4.34,0.52,0.33,0.2,172.72,female
Sergey Khandozhko,28.0,6.0,185.42,77.11,187.96,Orthodox,31.0,3.41,0.41,2.37,0.6,0.76,0.28,0.61,0.0,187.96,male
Ike Villanueva,18.0,14.0,185.42,92.99,185.42,Orthodox,39.0,3.66,0.38,7.24,0.36,0.6,0.5,1.0,0.0,185.42,andy
Cameron Else,10.0,6.0,175.26,61.23,180.34,Switch,36.0,1.99,0.4,8.09,0.51,0.0,0.0,0.0,0.0,180.34,male
Dean Barry,4.0,2.0,177.8,77.11,182.88,Orthodox,31.0,9.31,0.4,4.66,0.51,0.0,0.0,1.0,0.0,182.88,male
Miguel Baeza,10.0,3.0,187.96,77.11,187.96,Orthodox,31.0,4.88,0.49,5.1,0.53,0.44,0.28,1.0,1.8,187.96,male
TJ Laramie,12.0,5.0,167.64,65.77,167.64,Orthodox,26.0,1.49,0.5,2.64,0.38,1.44,0.33,0.4,0.0,167.64,female
Brandon Jenkins,15.0,9.0,182.88,70.31,180.34,Switch,32.0,2.93,0.41,8.05,0.33,0.0,0.0,0.27,0.0,180.34,male
Kevin Croom,21.0,15.0,180.34,61.23,185.42,Orthodox,36.0,2.65,0.34,3.1,0.41,0.48,0.05,0.3,0.5,185.42,male
Tecia Torres,13.0,6.0,154.94,52.16,152.4,Orthodox,34.0,4.74,0.48,3.59,0.61,0.66,0.14,0.61,0.1,152.4,female
Vinc Pichel,14.0,3.0,177.8,70.31,182.88,Orthodox,41.0,3.56,0.47,2.5,0.58,3.0,0.54,0.23,0.2,182.88,female
Aspen Ladd,9.0,3.0,167.64,61.23,167.64,Orthodox,29.0,3.78,0.47,4.65,0.47,1.56,0.47,0.62,0.6,167.64,female
Mickey Gall,7.0,5.0,187.96,77.11,187.96,Switch,32.0,2.94,0.46,4.25,0.49,1.21,0.3,0.36,1.9,187.96,male
Kay Hansen,7.0,6.0,157.48,52.16,160.02,Orthodox,24.0,3.01,0.5,3.19,0.51,1.83,0.22,0.37,0.8,160.02,male
Askar Askarov,14.0,1.0,167.64,56.7,170.18,Orthodox,31.0,3.05,0.54,2.8,0.57,2.6,0.24,0.66,0.4,170.18,male
Sara McMann,13.0,6.0,167.64,61.23,167.64,Orthodox,43.0,2.26,0.46,1.92,0.47,4.38,0.65,0.5,0.5,167.64,female
Aliaskhab Khizriev,14.0,0.0,175.26,83.91,187.96,Southpaw,33.0,6.01,0.64,4.38,0.61,5.64,0.6,1.0,3.8,187.96,female
Luis Saldana,16.0,7.0,180.34,65.77,185.42,Orthodox,33.0,5.16,0.5,3.65,0.6,0.64,0.17,0.44,0.2,185.42,male
Bruno Souza,10.0,3.0,177.8,65.77,177.8,Orthodox,28.0,3.73,0.39,5.3,0.45,0.5,0.16,0.6,0.0,177.8,male
Kazula Vargas,12.0,5.0,172.72,70.31,180.34,Southpaw,38.0,3.65,0.53,1.77,0.57,0.4,0.25,0.3,0.4,180.34,female
Mike Grundy,12.0,4.0,170.18,65.77,182.88,Orthodox,37.0,2.09,0.45,4.45,0.56,4.06,0.28,0.5,0.4,182.88,male
Timur Valiev,18.0,3.0,167.64,61.23,170.18,Orthodox,34.0,5.19,0.53,3.33,0.45,1.73,0.4,0.55,0.3,170.18,male
Marlon Moraes,23.0,10.0,167.64,61.23,170.18,Orthodox,35.0,3.37,0.4,4.53,0.54,0.87,0.41,0.46,0.3,170.18,male
Sabina Mazo,9.0,4.0,170.18,56.7,177.8,Orthodox,27.0,6.1,0.43,4.35,0.57,0.65,0.8,0.59,0.2,177.8,female
Kris Moutinho,9.0,6.0,170.18,61.23,172.72,Southpaw,31.0,4.86,0.32,15.48,0.28,0.0,0.0,0.0,0.0,172.72,male
Alex Oliveira,22.0,12.0,180.34,77.11,193.04,Orthodox,36.0,2.99,0.51,2.55,0.46,2.35,0.38,0.63,0.6,193.04,male
Greg Hardy,7.0,5.0,195.58,120.2,203.2,Orthodox,35.0,4.79,0.5,3.31,0.55,0.2,0.33,0.64,0.0,203.2,male
Devonte Smith,11.0,4.0,175.26,70.31,193.04,Orthodox,30.0,4.55,0.53,3.91,0.49,0.35,0.25,0.85,0.3,193.04,male
Rongzhu,25.0,5.0,175.26,70.31,182.88,Orthodox,24.0,5.47,0.5,5.6,0.45,2.09,0.62,0.85,0.2,182.88,female
Alejandro Perez,23.0,9.0,167.64,61.23,170.18,Orthodox,34.0,3.45,0.35,3.18,0.61,0.54,0.22,0.7,0.3,170.18,male
Ramiz Brahimaj,10.0,4.0,177.8,77.11,182.88,Orthodox,31.0,2.47,0.41,4.08,0.5,1.9,0.66,0.58,2.4,182.88,male
Micheal Gillmore,6.0,5.0,180.34,77.11,182.88,Orthodox,37.0,2.04,0.57,3.02,0.43,0.0,0.0,0.5,0.0,182.88,male
Chas Skelly,19.0,3.0,180.34,65.77,182.88,Orthodox,38.0,2.01,0.4,3.21,0.49,1.74,0.34,0.39,2.3,182.88,male
Mark Striegl,18.0,4.0,172.72,65.77,177.8,Southpaw,35.0,1.4,0.45,4.07,0.4,0.0,0.0,0.66,0.0,177.8,male
Jesse Strader,5.0,3.0,170.18,61.23,177.8,Orthodox,32.0,5.03,0.51,5.28,0.47,3.87,0.57,1.0,0.0,177.8,male
Roxanne Modafferi,25.0,21.0,170.18,56.7,175.26,Orthodox,41.0,3.35,0.3,5.7,0.51,1.35,0.23,0.3,0.1,175.26,female
Fabio Cherant,7.0,4.0,185.42,92.99,187.96,Southpaw,29.0,1.35,0.4,4.89,0.38,0.0,0.0,0.0,0.0,187.96,male
Alexis Davis,21.0,11.0,167.64,61.23,172.72,Orthodox,39.0,4.63,0.49,4.45,0.54,0.95,0.44,0.34,0.7,172.72,male
Danilo Marques,11.0,4.0,198.12,92.99,195.58,Orthodox,38.0,1.44,0.79,2.52,0.52,3.93,0.28,0.0,0.8,195.58,male
Francis Ngannou,17.0,3.0,193.04,113.4,210.82,Orthodox,37.0,2.33,0.41,2.16,0.41,0.76,0.62,0.71,0.3,210.82,male
Rogerio Bontorin,16.0,4.0,165.1,56.7,170.18,Orthodox,31.0,2.63,0.52,3.27,0.5,2.9,0.6,0.51,1.0,170.18,male
Dakota Bush,8.0,4.0,177.8,70.31,185.42,Orthodox,29.0,2.77,0.38,4.42,0.41,2.4,0.33,0.0,0.0,185.42,male
Sijara Eubanks,8.0,7.0,162.56,56.7,170.18,Orthodox,38.0,4.3,0.43,3.43,0.57,1.9,0.44,0.66,0.3,170.18,female
Andre Ewell,17.0,9.0,172.72,65.77,190.5,Southpaw,36.0,4.28,0.4,4.87,0.51,0.36,0.75,0.72,0.1,190.5,male
Matt Sayles,8.0,4.0,170.18,70.31,172.72,Orthodox,30.0,4.83,0.41,2.81,0.61,0.36,0.16,0.81,0.7,172.72,male
Ryan Hall,9.0,2.0,177.8,65.77,177.8,Southpaw,39.0,2.38,0.5,1.33,0.65,0.22,0.09,0.0,2.2,177.8,male
Maki Pitolo,13.0,9.0,177.8,83.91,190.5,Orthodox,33.0,4.1,0.44,3.93,0.55,2.24,0.52,0.5,0.8,190.5,female
Mallory Martin,7.0,5.0,162.56,52.16,160.02,Orthodox,30.0,4.42,0.48,6.64,0.55,2.28,0.43,0.25,0.3,160.02,female
Chris Gruetzemacher,15.0,5.0,172.72,70.31,172.72,Orthodox,37.0,6.18,0.57,4.96,0.52,0.21,0.5,0.65,0.0,172.72,male
Sean Soriano,14.0,8.0,175.26,65.77,177.8,Orthodox,34.0,3.18,0.61,2.14,0.56,1.33,0.55,0.52,0.0,177.8,male
Ben Rothwell,39.0,14.0,193.04,120.2,198.12,Orthodox,42.0,3.71,0.42,4.63,0.47,0.68,0.34,0.7,0.4,198.12,male
Felicia Spencer,9.0,3.0,167.64,65.77,172.72,Orthodox,33.0,3.21,0.48,4.54,0.45,1.18,0.18,0.27,0.2,172.72,female
Leah Letson,5.0,3.0,170.18,65.77,180.34,Southpaw,31.0,3.06,0.41,3.84,0.52,0.51,0.5,0.76,0.0,180.34,female
Collin Anglin,8.0,3.0,175.26,65.77,180.34,Orthodox,31.0,4.59,0.48,5.54,0.51,2.28,0.66,1.0,0.0,180.34,male
Liana Jojua,8.0,5.0,162.56,56.7,157.48,Orthodox,29.0,2.42,0.3,5.32,0.54,1.71,0.66,0.5,1.3,157.48,female
Al Iaquinta,14.0,7.0,177.8,70.31,177.8,Orthodox,36.0,4.06,0.4,4.53,0.61,0.63,0.18,0.74,0.2,177.8,male
Jordan Williams,9.0,6.0,185.42,83.91,190.5,Southpaw,33.0,5.83,0.5,5.46,0.35,1.11,0.5,0.85,0.0,190.5,male
Gian Villante,17.0,14.0,190.5,104.33,193.04,Orthodox,38.0,4.38,0.44,5.47,0.55,0.45,0.23,0.83,0.0,193.04,male
John Allan,13.0,7.0,185.42,92.99,190.5,Orthodox,31.0,3.56,0.42,5.74,0.52,1.4,0.71,0.5,0.8,190.5,male
Shamil Gamzatov,14.0,1.0,187.96,92.99,193.04,Orthodox,33.0,5.35,0.48,3.46,0.51,0.0,0.0,0.5,0.0,193.04,male
Hu Yaozong,3.0,3.0,190.5,83.91,182.88,Orthodox,28.0,3.35,0.48,5.09,0.35,0.0,0.0,0.33,0.4,182.88,andy
Laureano Staropoli,9.0,5.0,185.42,83.91,180.34,Orthodox,31.0,3.31,0.34,3.73,0.54,0.83,0.26,0.48,0.0,180.34,male
Khama Worthy,16.0,9.0,180.34,70.31,187.96,Orthodox,37.0,4.18,0.48,4.45,0.46,0.0,0.0,0.57,0.7,187.96,female
Livinha Souza,14.0,4.0,160.02,52.16,160.02,Orthodox,33.0,1.75,0.45,3.6,0.56,2.54,0.45,0.4,1.4,160.02,female
Randa Markos,11.0,12.0,162.56,52.16,160.02,Orthodox,38.0,2.97,0.43,3.1,0.58,1.12,0.28,0.52,0.2,160.02,female
Zviad Lazishvili,13.0,1.0,167.64,61.23,175.26,Orthodox,32.0,4.2,0.39,6.13,0.51,0.0,0.0,0.0,0.0,175.26,male
Carlos Felipe,11.0,2.0,182.88,111.13,190.5,Orthodox,29.0,4.88,0.45,5.6,0.5,0.0,0.0,0.72,0.0,190.5,male
Andrew Sanchez,13.0,7.0,185.42,83.91,187.96,Orthodox,35.0,4.3,0.43,5.1,0.5,2.55,0.36,1.0,0.0,187.96,male
Bethe Correia,11.0,6.0,165.1,61.23,162.56,Orthodox,40.0,4.37,0.43,4.93,0.56,0.39,0.18,0.85,0.0,162.56,female
Gaetano Pirrello,15.0,7.0,170.18,61.23,165.1,Orthodox,31.0,0.99,0.55,2.44,0.42,0.0,0.0,0.3,0.0,165.1,male
Johnny Eduardo,28.0,13.0,170.18,61.23,180.34,Orthodox,45.0,2.95,0.39,3.22,0.63,0.22,0.2,0.58,0.4,180.34,male
Nick Diaz,26.0,10.0,185.42,77.11,193.04,Southpaw,40.0,5.71,0.42,3.84,0.59,1.28,0.32,0.6,1.0,193.04,male
Martin Sano,4.0,3.0,180.34,77.11,190.5,Orthodox,32.0,4.0,0.33,12.0,0.4,0.0,0.0,0.0,0.0,190.5,male
Antonio Arroyo,9.0,5.0,190.5,83.91,185.42,Orthodox,34.0,2.82,0.66,2.02,0.5,1.14,0.41,0.41,0.2,185.42,male
Mike Rodriguez,11.0,7.0,193.04,92.99,208.28,Southpaw,35.0,4.35,0.53,4.24,0.41,0.0,0.0,0.37,0.0,208.28,male
Sarah Alpar,9.0,6.0,162.56,61.23,160.02,Southpaw,32.0,2.36,0.44,6.06,0.38,1.61,0.26,0.2,0.4,160.02,female
Impa Kasanganay,9.0,2.0,180.34,77.11,190.5,Orthodox,30.0,4.96,0.48,3.66,0.58,1.75,0.58,0.66,0.2,190.5,female
Emily Whitmire,4.0,5.0,165.1,56.7,160.02,Orthodox,32.0,2.5,0.31,2.98,0.54,1.9,0.66,0.7,0.5,160.02,female
David Zawada,17.0,7.0,182.88,77.11,190.5,Orthodox,33.0,3.84,0.41,4.54,0.55,0.97,0.33,0.57,1.7,190.5,male
Luigi Vendramini,9.0,3.0,172.72,70.31,185.42,Orthodox,28.0,2.82,0.4,3.82,0.57,1.11,0.15,1.0,0.6,185.42,male
Darren Stewart,12.0,8.0,182.88,92.99,187.96,Orthodox,33.0,3.05,0.45,3.29,0.48,1.75,0.45,0.67,0.1,187.96,male
Domingo Pilarte,8.0,3.0,182.88,61.23,185.42,Southpaw,34.0,1.31,0.47,2.96,0.4,1.2,0.42,0.54,0.8,185.42,male
Bea Malecki,4.0,1.0,175.26,61.23,187.96,Orthodox,32.0,6.84,0.46,6.96,0.62,0.0,0.0,0.78,1.1,187.96,female
Sasha Palatnikov,6.0,4.0,185.42,77.11,182.88,Switch,35.0,6.69,0.53,5.44,0.52,0.72,1.0,0.7,0.0,182.88,male
Casey Kenney,16.0,4.0,170.18,61.23,172.72,Southpaw,33.0,4.85,0.42,4.67,0.58,1.09,0.35,0.61,0.4,172.72,andy
Drako Rodriguez,7.0,3.0,172.72,61.23,175.26,Orthodox,27.0,3.37,0.36,4.4,0.58,2.93,0.66,0.75,0.7,175.26,male
Anderson Dos Santos,21.0,9.0,165.1,61.23,177.8,Orthodox,38.0,2.7,0.25,5.37,0.49,0.98,0.14,0.66,0.7,177.8,male
Jamey Simmons,7.0,4.0,167.64,61.23,177.8,Orthodox,31.0,0.79,0.21,1.92,0.74,0.0,0.0,0.5,0.0,177.8,male
Ryan Benoit,10.0,8.0,165.1,56.7,172.72,Orthodox,34.0,2.88,0.39,3.65,0.58,0.28,0.22,0.72,0.4,172.72,male
Ian Heinisch,14.0,5.0,180.34,83.91,182.88,Orthodox,35.0,3.25,0.5,2.98,0.59,1.02,0.17,0.59,0.7,182.88,male
Marion Reneau,9.0,8.0,167.64,61.23,172.72,Orthodox,46.0,3.2,0.41,3.52,0.59,0.62,0.63,0.5,0.8,172.72,female
Jeremy Stephens,28.0,19.0,175.26,65.77,180.34,Orthodox,37.0,3.17,0.4,3.05,0.58,1.16,0.38,0.65,0.4,180.34,male
Conor McGregor,22.0,6.0,175.26,70.31,187.96,Southpaw,35.0,5.32,0.49,4.66,0.54,0.67,0.55,0.66,0.1,187.96,male
Carlos Condit,32.0,14.0,187.96,77.11,190.5,Orthodox,39.0,3.66,0.39,2.67,0.55,0.59,0.46,0.38,1.0,190.5,male
Omari Akhmedov,21.0,6.0,182.88,83.91,185.42,Orthodox,36.0,2.97,0.34,2.84,0.55,2.58,0.45,0.65,0.2,185.42,male
Jerome Rivera,10.0,6.0,177.8,56.7,182.88,Southpaw,28.0,3.21,0.33,2.6,0.51,0.0,0.0,0.4,0.0,182.88,male
Michel Prazeres,26.0,4.0,167.64,77.11,170.18,Orthodox,42.0,2.38,0.47,2.51,0.57,3.94,0.36,0.47,0.6,170.18,male
Justin Jaynes,16.0,8.0,170.18,65.77,172.72,Orthodox,34.0,3.34,0.44,5.33,0.62,0.75,0.4,0.2,1.1,172.72,male
Yancy Medeiros,15.0,8.0,177.8,70.31,190.5,Orthodox,36.0,4.36,0.37,5.67,0.47,0.33,0.5,0.73,0.7,190.5,female
Dhiego Lima,17.0,9.0,187.96,77.11,190.5,Orthodox,35.0,3.12,0.39,3.88,0.58,1.26,0.34,0.73,0.6,190.5,female
Roque Martinez,15.0,8.0,177.8,113.4,182.88,Orthodox,38.0,3.28,0.53,4.9,0.56,0.38,0.5,0.53,0.4,182.88,male
Lara Procopio,7.0,2.0,162.56,56.7,170.18,Orthodox,28.0,5.64,0.58,6.5,0.47,3.15,0.47,0.5,0.3,170.18,female
Demian Maia,28.0,11.0,185.42,77.11,182.88,Southpaw,46.0,1.8,0.43,2.07,0.63,2.49,0.24,0.61,1.0,182.88,female
Walt Harris,13.0,10.0,195.58,113.4,195.58,Southpaw,40.0,3.05,0.39,3.33,0.54,0.29,0.28,0.7,0.1,195.58,male
Victor Rodriguez,7.0,4.0,165.1,56.7,170.18,Switch,31.0,1.59,0.37,6.11,0.5,0.0,0.0,0.0,0.0,170.18,male
Jacare Souza,26.0,10.0,185.42,83.91,182.88,Orthodox,44.0,2.53,0.47,2.83,0.62,2.57,0.39,0.57,1.3,182.88,female
Kevin Aguilar,17.0,5.0,170.18,70.31,185.42,Orthodox,35.0,3.96,0.4,4.81,0.52,0.16,0.16,0.78,0.0,185.42,male
Maurice Greene,9.0,7.0,200.66,117.03,203.2,Orthodox,37.0,3.28,0.45,3.61,0.45,0.0,0.0,0.27,0.4,203.2,male
Gregor Gillespie,14.0,1.0,170.18,70.31,180.34,Orthodox,37.0,3.74,0.52,2.3,0.57,6.86,0.48,1.0,0.8,180.34,male
Christian Aguilera,14.0,8.0,175.26,77.11,182.88,Switch,32.0,2.54,0.37,4.04,0.48,0.0,0.0,0.6,0.0,182.88,male
Kai Kamaka,8.0,4.0,170.18,65.77,175.26,Orthodox,29.0,4.96,0.57,5.29,0.55,1.93,0.58,0.52,0.3,175.26,male
KB Bhullar,8.0,2.0,193.04,83.91,198.12,Switch,32.0,4.31,0.49,5.39,0.45,0.0,0.0,0.0,0.0,198.12,female
Luke Sanders,13.0,5.0,167.64,61.23,170.18,Southpaw,38.0,6.61,0.52,4.37,0.5,0.71,0.3,0.72,0.2,170.18,male
Stefan Sekulic,12.0,4.0,182.88,77.11,190.5,Southpaw,32.0,1.83,0.5,2.83,0.64,2.0,0.33,0.25,0.5,190.5,male
Justine Kish,7.0,4.0,165.1,56.7,162.56,Orthodox,35.0,4.51,0.48,4.59,0.57,0.87,0.33,0.5,0.1,162.56,female
Luis Pena,9.0,3.0,190.5,70.31,190.5,Southpaw,30.0,3.66,0.46,3.12,0.51,1.17,0.33,0.48,1.2,190.5,male
Juan Espino,11.0,2.0,190.5,115.67,203.2,Orthodox,43.0,2.38,0.7,1.95,0.4,8.93,0.78,0.5,2.4,203.2,male
Bartosz Fabinski,15.0,5.0,182.88,77.11,190.5,Orthodox,37.0,2.23,0.68,1.46,0.51,7.1,0.7,0.8,0.0,190.5,male
Anthony Birchak,16.0,8.0,172.72,61.23,175.26,Orthodox,37.0,3.93,0.36,3.67,0.56,0.48,0.14,0.61,0.5,175.26,male
Mike Perry,14.0,8.0,177.8,77.11,180.34,Orthodox,32.0,4.32,0.47,5.16,0.52,0.81,0.4,0.78,0.2,180.34,male
Yorgan De Castro,6.0,3.0,182.88,113.4,187.96,Orthodox,37.0,2.46,0.43,3.85,0.53,0.0,0.0,0.77,0.0,187.96,female
Jarjis Danho,7.0,1.0,190.5,120.2,187.96,Orthodox,40.0,3.38,0.5,5.25,0.49,0.51,0.16,1.0,0.0,187.96,female
Hunter Azure,9.0,2.0,172.72,65.77,175.26,Orthodox,32.0,3.92,0.53,2.08,0.58,1.97,0.34,0.67,1.3,175.26,male
Jordan Griffin,18.0,9.0,177.8,65.77,185.42,Southpaw,34.0,2.52,0.46,3.02,0.5,1.45,0.35,0.42,1.9,185.42,male
Stipe Miocic,20.0,4.0,193.04,108.86,203.2,Orthodox,41.0,4.82,0.53,3.82,0.54,1.86,0.34,0.68,0.0,203.2,male
Tyron Woodley,19.0,7.0,175.26,77.11,187.96,Orthodox,41.0,2.36,0.48,2.76,0.54,1.06,0.4,0.87,0.4,187.96,male
Thomas Almeida,22.0,5.0,170.18,65.77,177.8,Southpaw,32.0,4.84,0.43,4.93,0.61,0.17,0.14,0.75,0.0,177.8,male
Gustavo Lopez,12.0,6.0,165.1,61.23,170.18,Orthodox,34.0,2.48,0.4,3.87,0.57,1.74,0.41,0.31,0.7,170.18,male
Ray Rodriguez,16.0,8.0,170.18,61.23,177.8,Orthodox,36.0,0.9,0.27,3.89,0.4,1.42,0.5,0.44,0.0,177.8,male
Megan Anderson,11.0,5.0,182.88,65.77,182.88,Orthodox,34.0,1.76,0.46,3.35,0.37,0.52,0.25,0.53,0.5,182.88,female
Joseph Benavidez,28.0,8.0,162.56,56.7,165.1,Southpaw,39.0,3.52,0.34,2.67,0.61,1.41,0.3,0.62,0.6,165.1,male
Jordan Espinosa,15.0,9.0,167.64,56.7,175.26,Orthodox,34.0,4.22,0.52,2.94,0.57,0.75,0.28,0.7,0.2,175.26,male
Aalon Cruz,8.0,4.0,182.88,65.77,198.12,Switch,34.0,7.58,0.39,8.88,0.58,0.0,0.0,0.0,0.0,198.12,female
Jimmie Rivera,23.0,5.0,162.56,61.23,172.72,Orthodox,34.0,4.03,0.4,3.9,0.6,0.88,0.27,0.92,0.1,172.72,male
Vince Cachero,7.0,4.0,167.64,65.77,172.72,Orthodox,34.0,3.29,0.45,6.51,0.43,0.0,0.0,0.18,0.5,172.72,male
Shana Dobson,4.0,5.0,167.64,56.7,175.26,Orthodox,34.0,3.34,0.37,5.2,0.5,0.84,0.5,0.14,0.0,175.26,female
Alistair Overeem,47.0,19.0,193.04,120.2,203.2,Orthodox,43.0,3.67,0.64,2.44,0.57,1.42,0.55,0.73,0.8,203.2,male
Martin Day,8.0,6.0,177.8,65.77,185.42,Orthodox,35.0,3.97,0.45,3.79,0.53,0.72,0.6,0.65,0.5,185.42,male
Antonio Carlos Junior,11.0,5.0,187.96,83.91,200.66,Orthodox,34.0,1.95,0.42,2.14,0.52,3.42,0.39,0.53,0.8,200.66,male
Nik Lentz,30.0,12.0,172.72,65.77,172.72,Orthodox,39.0,3.44,0.47,3.25,0.5,3.3,0.32,0.43,1.2,172.72,male
Vinicius Moreira,9.0,5.0,193.04,92.99,193.04,Orthodox,35.0,3.15,0.59,5.07,0.43,1.97,0.18,0.0,1.3,193.04,male
Tom Breese,12.0,3.0,190.5,83.91,185.42,Southpaw,32.0,3.34,0.5,2.81,0.6,0.0,0.0,0.7,1.1,185.42,male
Markus Perez,12.0,5.0,185.42,83.91,185.42,Orthodox,35.0,2.6,0.47,3.72,0.52,0.81,0.25,0.77,1.0,185.42,male
Sarah Moras,6.0,8.0,170.18,61.23,170.18,Orthodox,35.0,2.28,0.34,3.58,0.5,0.67,0.21,0.33,0.8,170.18,female
Vanessa Melo,11.0,8.0,165.1,61.23,165.1,Orthodox,36.0,3.48,0.3,6.13,0.59,0.0,0.0,0.71,0.0,165.1,female
Jacob Kilburn,8.0,4.0,175.26,65.77,182.88,Orthodox,28.0,2.56,0.33,6.78,0.35,0.51,0.05,0.2,0.5,182.88,male
Anthony Pettis,24.0,10.0,177.8,70.31,182.88,Orthodox,37.0,3.05,0.47,3.44,0.54,0.61,0.5,0.6,1.1,182.88,male
Carlton Minus,10.0,3.0,177.8,77.11,190.5,Orthodox,30.0,3.5,0.4,4.97,0.5,0.0,0.0,0.58,0.0,190.5,male
Junior Dos Santos,21.0,9.0,193.04,107.95,195.58,Orthodox,40.0,4.49,0.47,3.33,0.56,0.3,0.5,0.81,0.1,195.58,female
Peter Barrett,11.0,5.0,177.8,65.77,185.42,Southpaw,37.0,4.18,0.61,4.32,0.42,1.39,0.22,0.66,0.0,185.42,male
Matt Wiman,16.0,10.0,177.8,70.31,172.72,Orthodox,40.0,3.17,0.5,3.57,0.51,2.13,0.37,0.56,1.5,172.72,male
Jose Quinonez,9.0,5.0,172.72,61.23,175.26,Southpaw,33.0,3.6,0.45,3.0,0.64,2.7,0.47,0.42,0.6,175.26,male
Spike Carlyle,9.0,3.0,172.72,65.77,180.34,Switch,30.0,2.55,0.54,3.85,0.3,3.34,0.36,0.57,0.5,180.34,female
Rachael Ostovich,4.0,6.0,160.02,56.7,157.48,Orthodox,33.0,2.54,0.43,3.97,0.57,2.03,0.83,0.66,0.8,157.48,female
Alan Jouban,17.0,7.0,182.88,77.11,185.42,Southpaw,42.0,5.67,0.5,3.77,0.6,0.51,0.44,0.58,0.3,185.42,male
Paul Felder,17.0,6.0,180.34,70.31,177.8,Orthodox,39.0,3.7,0.44,3.44,0.48,0.29,0.28,0.64,0.2,177.8,male
Geraldo de Freitas,12.0,6.0,170.18,61.23,182.88,Orthodox,32.0,3.67,0.52,2.62,0.5,3.0,0.45,0.59,0.0,182.88,male
Claudia Gadelha,18.0,5.0,162.56,52.16,160.02,Orthodox,35.0,3.31,0.41,4.57,0.57,3.03,0.42,0.58,0.7,160.02,female
Bevon Lewis,7.0,3.0,190.5,83.91,200.66,Orthodox,32.0,3.73,0.43,2.67,0.54,0.0,0.0,0.66,0.0,200.66,female
Eduardo Garagorri,13.0,2.0,175.26,65.77,177.8,Orthodox,34.0,3.42,0.51,2.36,0.58,0.48,1.0,0.61,0.0,177.8,male
Anderson Silva,34.0,11.0,187.96,83.91,195.58,Southpaw,48.0,3.05,0.61,2.05,0.6,0.5,0.77,0.69,0.8,195.58,male
Jack Marshman,23.0,10.0,182.88,83.91,185.42,Orthodox,34.0,2.74,0.25,4.19,0.56,0.0,0.0,0.2,0.0,185.42,male
Cole Williams,11.0,3.0,182.88,77.11,185.42,Orthodox,40.0,0.31,0.27,5.34,0.23,0.0,0.0,0.25,0.0,185.42,male
Justin Ledet,9.0,4.0,193.04,92.99,203.2,Orthodox,35.0,3.35,0.39,4.82,0.49,0.23,0.5,0.42,0.2,203.2,male
Khabib Nurmagomedov,29.0,0.0,177.8,70.31,177.8,Orthodox,35.0,4.1,0.48,1.75,0.65,5.32,0.48,0.84,0.8,177.8,female
Liliya Shakirova,8.0,2.0,162.56,56.7,165.1,Orthodox,32.0,2.7,0.3,2.58,0.74,0.0,0.0,0.0,0.0,165.1,female
Stefan Struve,33.0,13.0,210.82,120.2,213.36,Orthodox,36.0,3.12,0.47,4.04,0.46,0.56,0.46,0.55,1.7,213.36,male
Alexander Yakovlev,24.0,10.0,190.5,70.31,187.96,Southpaw,39.0,1.74,0.47,2.41,0.58,1.66,0.35,0.72,0.1,187.96,male
James Krause,28.0,9.0,187.96,77.11,185.42,Orthodox,37.0,4.79,0.49,4.11,0.61,0.96,0.18,0.59,0.9,185.42,male
John Phillips,22.0,11.0,180.34,83.91,190.5,Southpaw,38.0,1.72,0.34,4.03,0.49,0.0,0.0,0.07,0.0,190.5,male
Gadzhimurad Antigulov,20.0,8.0,180.34,92.99,177.8,Orthodox,37.0,2.08,0.55,4.21,0.4,5.08,0.36,0.0,1.4,177.8,female
Ali AlQaisi,8.0,5.0,167.64,61.23,172.72,Orthodox,33.0,2.43,0.42,1.97,0.56,3.5,0.29,0.6,1.0,172.72,male
Germaine de Randamie,10.0,4.0,175.26,61.23,180.34,Orthodox,39.0,2.72,0.46,2.14,0.65,0.0,0.0,0.69,0.4,180.34,female
Dequan Townsend,21.0,12.0,190.5,92.99,200.66,Orthodox,37.0,1.23,0.34,3.92,0.38,0.0,0.0,0.46,0.0,200.66,male
Jessin Ayari,16.0,6.0,182.88,70.31,185.42,Orthodox,31.0,3.53,0.37,3.59,0.58,0.0,0.0,0.5,0.3,185.42,female
Diego Sanchez,31.0,13.0,177.8,77.11,182.88,Southpaw,42.0,2.69,0.37,3.02,0.56,1.51,0.24,0.46,0.8,182.88,male
Jeff Hughes,10.0,4.0,187.96,113.4,195.58,Orthodox,35.0,3.95,0.51,3.67,0.6,0.71,0.5,0.45,0.0,195.58,male
Khadis Ibragimov,8.0,4.0,190.5,92.99,198.12,Orthodox,28.0,3.55,0.49,4.26,0.47,0.97,0.3,0.8,0.3,198.12,female
Mirsad Bektic,13.0,4.0,172.72,65.77,177.8,Orthodox,33.0,2.43,0.41,1.8,0.57,3.98,0.52,0.92,0.4,177.8,male
Mara Romero Borella,12.0,9.0,167.64,56.7,175.26,Orthodox,37.0,2.54,0.37,2.48,0.71,1.83,0.44,0.66,0.2,175.26,female
Irwin Rivera,10.0,6.0,167.64,61.23,170.18,Southpaw,35.0,3.36,0.44,5.07,0.57,1.0,0.16,0.7,0.0,170.18,male
Brok Weaver,15.0,6.0,182.88,70.31,185.42,Southpaw,32.0,4.78,0.64,4.35,0.46,0.41,0.1,0.66,0.4,185.42,female
Anthony Ivy,8.0,4.0,187.96,83.91,187.96,Orthodox,34.0,2.5,0.42,4.57,0.51,4.69,0.2,1.0,0.0,187.96,male
Zelim Imadaev,8.0,3.0,182.88,77.11,193.04,Orthodox,29.0,2.91,0.36,4.35,0.43,0.38,0.5,0.6,0.0,193.04,female
Cole Smith,7.0,2.0,180.34,61.23,170.18,Orthodox,34.0,1.78,0.35,1.96,0.49,1.67,0.33,0.45,1.7,170.18,male
Ricardo Lamas,20.0,8.0,172.72,65.77,180.34,Orthodox,41.0,3.13,0.47,2.87,0.57,1.84,0.33,0.46,0.9,180.34,male
Austin Springer,12.0,4.0,172.72,65.77,180.34,Orthodox,36.0,3.54,0.57,3.15,0.41,3.37,0.4,1.0,0.8,180.34,male
Hannah Cifers,10.0,7.0,154.94,52.16,157.48,Orthodox,31.0,4.99,0.44,5.39,0.52,0.26,1.0,0.64,0.3,157.48,female
Daniel Cormier,22.0,3.0,180.34,106.59,182.88,Orthodox,45.0,4.25,0.52,2.92,0.54,1.83,0.44,0.8,0.4,182.88,male
John Dodson,22.0,12.0,160.02,61.23,167.64,Orthodox,39.0,3.2,0.4,3.58,0.61,0.71,0.28,0.82,0.0,167.64,male
Frankie Saenz,13.0,7.0,167.64,61.23,167.64,Orthodox,43.0,3.94,0.47,3.5,0.52,1.74,0.31,0.61,0.1,167.64,andy
Rogerio Nogueira,23.0,10.0,187.96,92.99,190.5,Southpaw,47.0,2.43,0.35,2.34,0.59,0.64,0.44,0.62,0.8,190.5,male
Fabricio Werdum,24.0,9.0,193.04,104.78,195.58,Orthodox,46.0,3.59,0.52,2.64,0.55,1.75,0.31,0.31,1.2,195.58,male
Peter Sobotta,17.0,7.0,182.88,77.11,190.5,Southpaw,37.0,2.14,0.4,2.9,0.58,1.53,0.32,0.77,0.5,190.5,male
Raphael Pessoa,10.0,2.0,190.5,118.84,198.12,Orthodox,35.0,2.16,0.26,3.43,0.42,0.0,0.0,1.0,0.0,198.12,male
Nad Narimani,12.0,4.0,172.72,65.77,177.8,Orthodox,36.0,3.33,0.42,3.0,0.58,1.92,0.41,0.7,0.0,177.8,female
Joe Duffy,16.0,5.0,177.8,70.31,185.42,Orthodox,36.0,2.68,0.34,3.78,0.54,0.96,0.66,0.64,0.7,185.42,male
Brett Johns,17.0,2.0,170.18,61.23,180.34,Orthodox,32.0,2.86,0.49,3.84,0.53,4.92,0.49,0.58,1.0,180.34,male
Davi Ramos,10.0,4.0,167.64,70.31,177.8,Orthodox,37.0,2.64,0.37,3.44,0.56,1.95,0.4,0.83,0.6,177.8,male
Chris Fishgold,18.0,4.0,172.72,65.77,172.72,Orthodox,31.0,2.01,0.32,2.7,0.46,2.59,0.46,0.44,1.3,172.72,male
Paige VanZant,8.0,5.0,162.56,52.16,165.1,Orthodox,30.0,3.35,0.52,2.62,0.42,1.27,0.33,0.34,1.0,165.1,andy
Danny Henry,12.0,4.0,182.88,65.77,185.42,Orthodox,35.0,5.2,0.51,4.16,0.45,0.74,0.33,0.5,2.2,185.42,male
Roman Bogatov,10.0,1.0,172.72,70.31,185.42,Orthodox,33.0,3.33,0.42,4.4,0.44,1.0,0.09,0.5,0.0,185.42,male
Lyman Good,21.0,6.0,182.88,77.11,187.96,Orthodox,38.0,5.34,0.48,4.01,0.63,0.27,1.0,0.75,0.0,187.96,male
Brianna Fortino,9.0,3.0,152.4,52.16,157.48,Southpaw,30.0,3.53,0.41,3.23,0.57,2.5,0.45,0.66,0.0,157.48,female
Max Rohskopf,5.0,1.0,185.42,70.31,180.34,Orthodox,29.0,1.7,0.31,5.8,0.42,3.0,0.33,0.0,1.5,180.34,male
Mark De La Rosa,11.0,5.0,167.64,61.23,165.1,Orthodox,29.0,3.13,0.35,5.0,0.48,0.54,0.13,0.4,0.2,165.1,male
Anthony Rocco Martin,17.0,6.0,182.88,77.11,185.42,Orthodox,34.0,2.68,0.37,2.59,0.58,0.71,0.27,0.68,1.0,185.42,male
Charles Byrd,10.0,7.0,177.8,83.91,185.42,Orthodox,40.0,3.43,0.55,2.63,0.55,2.5,0.5,0.4,1.5,185.42,male
Jussier Formiga,23.0,8.0,165.1,56.7,170.18,Orthodox,38.0,1.42,0.39,2.34,0.64,1.82,0.35,0.87,0.6,170.18,male
Evan Dunham,18.0,9.0,177.8,70.31,177.8,Southpaw,42.0,5.33,0.39,3.54,0.61,1.82,0.33,0.79,1.0,177.8,male
Ray Borg,13.0,5.0,162.56,61.23,160.02,Orthodox,30.0,1.52,0.52,1.93,0.48,3.89,0.5,0.46,1.0,160.02,male
Aleksei Kunchenko,20.0,2.0,172.72,77.11,177.8,Orthodox,39.0,3.67,0.44,2.83,0.63,0.25,0.33,0.8,0.0,177.8,male
Yoel Romero,13.0,5.0,182.88,83.91,185.42,Southpaw,46.0,3.44,0.49,3.05,0.6,1.57,0.3,0.78,0.0,185.42,male
Saparbeg Safarov,9.0,3.0,185.42,83.91,198.12,Orthodox,37.0,4.03,0.48,2.96,0.47,2.52,0.41,0.33,0.0,198.12,male
Gabriel Silva,8.0,2.0,167.64,61.23,180.34,Orthodox,29.0,1.3,0.34,3.47,0.45,1.5,0.25,0.38,0.5,180.34,male
Ismail Naurdiev,19.0,4.0,177.8,77.11,187.96,Orthodox,27.0,3.17,0.52,1.3,0.68,1.25,0.71,0.7,0.2,187.96,male
Ben Sosoli,7.0,3.0,182.88,120.2,182.88,Southpaw,34.0,2.31,0.31,4.3,0.47,0.0,0.0,0.0,0.0,182.88,male
Magomed Mustafaev,14.0,4.0,172.72,70.31,180.34,Orthodox,35.0,2.59,0.58,2.68,0.41,3.31,0.5,0.23,0.4,180.34,male
Emil Meek,9.0,5.0,180.34,77.11,187.96,Switch,35.0,2.52,0.39,2.53,0.38,0.25,0.33,0.47,1.0,187.96,male
Callan Potter,18.0,9.0,182.88,77.11,182.88,Orthodox,39.0,3.18,0.5,4.72,0.58,3.29,0.66,1.0,0.0,182.88,male
Corey Anderson,14.0,5.0,190.5,92.99,200.66,Orthodox,34.0,4.43,0.46,2.22,0.59,4.89,0.5,0.83,0.0,200.66,male
Juan Adams,5.0,3.0,195.58,120.2,203.2,Orthodox,32.0,7.09,0.55,4.06,0.34,0.91,0.66,0.57,0.0,203.2,male
Darko Stosic,13.0,4.0,182.88,92.99,193.04,Orthodox,32.0,2.61,0.45,4.04,0.58,3.42,0.5,0.83,0.0,193.04,male
Dooho Choi,14.0,4.0,177.8,65.77,177.8,Orthodox,32.0,4.74,0.53,4.91,0.54,0.29,0.2,0.5,0.0,177.8,male
Pingyuan Liu,13.0,7.0,167.64,61.23,182.88,Orthodox,31.0,2.36,0.33,2.99,0.54,0.25,0.2,0.56,1.0,182.88,male
Suman Mokhtarian,8.0,5.0,172.72,65.77,182.88,Orthodox,31.0,2.21,0.43,6.85,0.48,0.0,0.0,0.0,0.0,182.88,female
Dong Hyun Ma,16.0,11.0,180.34,70.31,177.8,Orthodox,35.0,2.84,0.41,4.1,0.54,1.27,0.53,0.33,0.0,177.8,andy
Urijah Faber,35.0,11.0,167.64,61.23,170.18,Orthodox,44.0,2.65,0.4,2.59,0.64,1.54,0.3,0.58,0.8,170.18,male
Ben Saunders,22.0,13.0,187.96,77.11,195.58,Orthodox,40.0,3.23,0.5,3.58,0.51,0.2,0.4,0.66,1.3,195.58,male
Daniel Teymur,7.0,4.0,165.1,65.77,175.26,Orthodox,36.0,3.08,0.46,3.93,0.56,0.56,0.18,0.6,0.3,175.26,male
Oskar Piechota,11.0,3.0,182.88,83.91,193.04,Southpaw,34.0,3.3,0.52,3.93,0.51,0.61,0.4,0.38,1.5,193.04,male
Thiago Alves,23.0,15.0,175.26,77.11,177.8,Orthodox,40.0,3.73,0.41,3.42,0.62,0.71,0.6,0.63,0.3,177.8,male
Trevor Smith,15.0,10.0,190.5,83.91,190.5,Orthodox,43.0,3.29,0.55,3.31,0.51,1.7,0.32,0.6,0.7,190.5,male
Sergio Moraes,14.0,6.0,182.88,77.11,182.88,Orthodox,41.0,2.42,0.42,3.73,0.59,1.2,0.38,0.75,0.4,182.88,male
Renan Barao,34.0,9.0,167.64,65.77,177.8,Orthodox,37.0,3.78,0.36,3.9,0.57,1.49,0.41,0.91,0.5,177.8,female
Isabela de Padua,5.0,2.0,160.02,56.7,162.56,Orthodox,32.0,1.0,0.35,2.07,0.5,2.0,0.66,0.0,1.0,162.56,female
Zabit Magomedsharipov,18.0,1.0,185.42,65.77,185.42,Orthodox,33.0,4.89,0.48,3.0,0.64,5.22,0.56,0.77,0.8,185.42,male
Klidson Abreu,15.0,4.0,182.88,92.99,187.96,Orthodox,31.0,2.05,0.4,2.9,0.55,0.64,0.2,0.8,0.0,187.96,male
Rustam Khabilov,24.0,4.0,172.72,70.31,185.42,Orthodox,37.0,1.98,0.34,2.16,0.65,3.95,0.41,0.61,0.1,185.42,male
Grigory Popov,13.0,3.0,170.18,61.23,172.72,Switch,39.0,3.63,0.37,4.2,0.55,0.0,0.0,0.45,0.0,172.72,male
Chance Rencountre,14.0,4.0,187.96,77.11,190.5,Southpaw,37.0,1.1,0.2,3.62,0.49,1.35,0.26,0.16,0.3,190.5,male
Ben Askren,19.0,2.0,180.34,77.11,185.42,Orthodox,39.0,3.64,0.49,5.66,0.36,4.33,0.55,0.0,0.9,185.42,male
Stevie Ray,23.0,9.0,177.8,70.31,177.8,Southpaw,34.0,3.73,0.44,2.93,0.54,0.75,0.46,0.55,0.6,177.8,male
Alex White,13.0,6.0,182.88,70.31,180.34,Southpaw,35.0,3.76,0.42,3.07,0.6,0.92,0.28,0.71,0.5,180.34,male
Enrique Barzola,17.0,5.0,170.18,65.77,177.8,Orthodox,34.0,3.91,0.41,2.97,0.68,4.2,0.45,0.66,0.3,177.8,male
Aleksandra Albu,3.0,2.0,157.48,52.16,160.02,Orthodox,33.0,4.83,0.47,5.56,0.38,2.27,0.5,0.77,0.4,160.02,female
Joe Lauzon,28.0,16.0,177.8,70.31,180.34,Orthodox,39.0,2.84,0.39,5.39,0.54,2.39,0.45,0.54,2.0,180.34,male
Manny Bermudez,14.0,2.0,177.8,65.77,180.34,Orthodox,29.0,2.92,0.61,2.68,0.46,3.06,0.54,0.0,3.1,180.34,female
Kyle Bochniak,8.0,5.0,170.18,65.77,177.8,Orthodox,37.0,2.63,0.31,5.11,0.58,1.14,0.15,0.62,0.0,177.8,female
Boston Salmon,6.0,3.0,175.26,61.23,175.26,Southpaw,33.0,4.13,0.37,7.75,0.59,0.0,0.0,1.0,0.0,175.26,male
Daniel Spitz,6.0,3.0,200.66,111.13,208.28,Orthodox,33.0,2.6,0.35,5.3,0.46,0.74,0.66,0.0,0.0,208.28,male
James Vick,13.0,5.0,190.5,70.31,193.04,Orthodox,37.0,4.13,0.39,3.31,0.6,0.26,0.33,0.57,0.7,193.04,male
Thomas Gifford,14.0,9.0,185.42,70.31,190.5,Orthodox,31.0,3.97,0.37,6.45,0.37,0.5,0.33,0.33,0.0,190.5,male
Hector Aldana,4.0,3.0,180.34,77.11,182.88,Orthodox,35.0,3.59,0.38,5.08,0.59,0.93,1.0,0.0,0.0,182.88,male
Lauren Mueller,5.0,3.0,165.1,56.7,170.18,Orthodox,32.0,4.08,0.41,3.77,0.58,0.7,0.5,0.71,0.0,170.18,female
Luke Jumeau,13.0,5.0,180.34,77.11,182.88,Orthodox,36.0,2.93,0.43,3.17,0.58,0.25,1.0,0.86,0.0,182.88,male
Rostem Akman,6.0,2.0,177.8,77.11,182.88,Switch,32.0,1.8,0.25,3.97,0.57,1.0,0.4,0.87,0.0,182.88,male
Nadia Kassem,5.0,2.0,165.1,56.7,167.64,Southpaw,28.0,3.13,0.41,4.48,0.48,0.46,0.33,0.4,2.8,167.64,female
Danilo Belluardo,12.0,5.0,182.88,70.31,187.96,Southpaw,29.0,1.52,0.61,4.79,0.41,3.5,1.0,0.5,0.0,187.96,male
Siyar Bahadurzada,24.0,8.0,180.34,77.11,185.42,Orthodox,39.0,2.91,0.4,3.23,0.49,1.32,0.61,0.62,0.3,185.42,male
Nohelin Hernandez,9.0,4.0,177.8,61.23,180.34,Orthodox,30.0,1.32,0.34,2.63,0.52,0.71,0.5,0.37,0.0,180.34,male
Martin Bravo,11.0,3.0,172.72,65.77,180.34,Southpaw,30.0,7.66,0.39,5.72,0.51,2.6,0.35,0.85,0.0,180.34,male
Carlos Huachin,10.0,5.0,162.56,61.23,170.18,Southpaw,27.0,2.1,0.21,4.8,0.5,0.0,0.0,0.66,0.0,170.18,male
Marco Polo Reyes,8.0,7.0,180.34,70.31,180.34,Orthodox,39.0,6.0,0.37,5.52,0.59,0.0,0.0,0.46,0.0,180.34,male
Sergio Pettis,18.0,5.0,167.64,56.7,175.26,Orthodox,30.0,3.88,0.37,2.91,0.65,0.85,0.4,0.67,0.4,175.26,male
Marcos Mariano,6.0,6.0,185.42,70.31,193.04,Switch,37.0,0.25,0.27,2.11,0.43,0.0,0.0,0.28,0.0,193.04,male
Ryan MacDonald,10.0,2.0,180.34,61.23,180.34,Switch,31.0,2.28,0.29,6.49,0.45,0.0,0.0,0.0,0.0,180.34,male
Kyle Prepolec,12.0,7.0,177.8,77.11,177.8,Southpaw,34.0,3.2,0.34,4.7,0.54,0.0,0.0,0.4,0.0,177.8,female
Mairbek Taisumov,27.0,6.0,175.26,70.31,185.42,Orthodox,35.0,2.98,0.39,3.03,0.64,1.34,0.63,0.88,0.0,185.42,male
Teemu Packalen,8.0,3.0,185.42,70.31,190.5,Orthodox,36.0,2.57,0.54,3.91,0.47,2.31,0.25,1.0,1.5,190.5,male
Nordine Taleb,15.0,7.0,185.42,77.11,187.96,Orthodox,42.0,3.66,0.51,2.62,0.66,1.94,0.76,0.73,0.0,187.96,male
Don Madge,9.0,3.0,182.88,70.31,182.88,Southpaw,33.0,2.08,0.52,0.74,0.67,2.22,0.25,0.8,0.7,182.88,male
Derrick Krantz,22.0,12.0,177.8,77.11,182.88,Orthodox,36.0,2.07,0.37,4.03,0.5,3.18,0.5,0.0,0.8,182.88,male
Andre Soukhamthath,13.0,8.0,175.26,61.23,177.8,Orthodox,35.0,2.77,0.44,4.31,0.49,1.25,0.53,0.58,0.2,177.8,male
Jodie Esquibel,6.0,6.0,154.94,52.16,162.56,Orthodox,37.0,4.1,0.31,7.37,0.52,0.75,0.21,0.83,0.0,162.56,female
Liz Carmouche,13.0,7.0,167.64,56.7,167.64,Orthodox,40.0,2.78,0.54,2.51,0.61,2.57,0.51,0.65,0.3,167.64,female
Humberto Bandenay,14.0,7.0,180.34,65.77,180.34,Southpaw,29.0,2.22,0.41,4.79,0.41,2.9,0.46,0.62,0.5,180.34,male
Bobby Moffett,13.0,5.0,177.8,65.77,185.42,Orthodox,33.0,3.41,0.39,3.15,0.61,2.74,0.66,0.66,1.4,185.42,male
Salim Touahri,10.0,4.0,177.8,77.11,182.88,Orthodox,34.0,2.6,0.46,2.87,0.58,0.0,0.0,0.83,0.0,182.88,male
Cristiane Justino,21.0,2.0,172.72,65.77,172.72,Orthodox,38.0,7.28,0.52,2.25,0.64,0.66,0.55,0.94,0.4,172.72,male
Olivier Aubin-Mercier,11.0,5.0,175.26,70.31,177.8,Southpaw,35.0,2.48,0.51,2.97,0.55,2.36,0.33,0.7,0.5,177.8,male
Yoshinori Horie,8.0,2.0,172.72,65.77,177.8,Orthodox,28.0,2.76,0.49,5.65,0.48,0.0,0.0,0.0,0.0,177.8,male
Sarah Frota,9.0,2.0,167.64,56.7,175.26,Southpaw,36.0,4.52,0.52,2.57,0.55,0.0,0.0,0.53,0.0,175.26,female
Erik Koch,16.0,6.0,177.8,77.11,180.34,Southpaw,35.0,2.33,0.42,2.82,0.47,1.02,0.42,0.81,1.0,180.34,male
Kyle Stewart,11.0,3.0,182.88,77.11,193.04,Orthodox,35.0,1.41,0.35,2.42,0.43,1.32,0.2,0.6,0.0,193.04,female
Jin Soo Son,9.0,4.0,167.64,61.23,175.26,Orthodox,30.0,5.1,0.36,7.63,0.52,1.5,0.25,1.0,0.0,175.26,female
Cezar Ferreira,13.0,8.0,185.42,83.91,198.12,Southpaw,39.0,1.9,0.42,2.44,0.53,2.69,0.53,0.84,0.5,198.12,male
Sheymon Moraes,11.0,4.0,172.72,65.77,182.88,Orthodox,33.0,3.0,0.42,3.64,0.63,0.0,0.0,0.53,0.0,182.88,male
Nicco Montano,5.0,3.0,165.1,61.23,165.1,Southpaw,35.0,5.6,0.41,4.43,0.64,2.25,0.54,0.69,0.4,165.1,male
Gilbert Melendez,22.0,8.0,175.26,65.77,185.42,Orthodox,41.0,3.44,0.33,2.53,0.63,1.64,0.41,0.71,0.2,185.42,male
Dan Moret,13.0,6.0,182.88,70.31,185.42,Southpaw,37.0,2.67,0.43,3.56,0.43,1.25,0.27,0.45,0.4,185.42,male
Junior Albini,14.0,6.0,190.5,119.75,187.96,Orthodox,33.0,3.98,0.51,6.08,0.52,1.54,0.37,1.0,0.0,187.96,male
Syuri Kondo,6.0,3.0,162.56,52.16,167.64,Orthodox,35.0,5.4,0.44,7.22,0.58,0.0,0.0,0.83,0.3,167.64,male
Allen Crowder,10.0,4.0,190.5,111.13,193.04,Orthodox,34.0,2.95,0.51,2.95,0.56,1.85,0.33,1.0,1.2,193.04,male
Eric Spicely,12.0,6.0,185.42,83.91,185.42,Orthodox,37.0,3.71,0.45,5.72,0.55,1.31,0.2,0.75,1.0,185.42,male
Jimi Manuwa,17.0,6.0,185.42,92.99,200.66,Orthodox,44.0,3.43,0.54,3.97,0.49,0.53,0.18,0.7,0.4,200.66,male
Sung Bin Jo,9.0,1.0,182.88,65.77,182.88,Orthodox,31.0,1.4,0.33,2.67,0.51,1.0,0.33,0.83,1.0,182.88,andy
Tonya Evinger,19.0,8.0,170.18,61.23,177.8,Orthodox,42.0,1.16,0.42,4.02,0.38,0.93,0.3,0.33,0.9,177.8,female
Nick Hein,14.0,5.0,167.64,70.31,167.64,Southpaw,39.0,2.65,0.35,3.61,0.59,0.86,0.33,0.83,0.0,167.64,male
Duda Santana,3.0,1.0,170.18,65.77,185.42,Orthodox,28.0,6.01,0.39,2.72,0.73,6.44,0.6,0.0,0.0,185.42,male
Desmond Green,23.0,8.0,177.8,70.31,185.42,Southpaw,34.0,3.7,0.46,2.51,0.69,1.62,0.5,0.75,0.0,185.42,male
Patrick Cummins,10.0,7.0,187.96,92.99,193.04,Orthodox,43.0,4.26,0.5,3.35,0.55,4.49,0.41,0.28,0.1,193.04,male
BJ Penn,16.0,14.0,175.26,70.31,177.8,Orthodox,45.0,2.76,0.48,3.2,0.56,1.19,0.55,0.74,0.5,177.8,male
Talita Bernardo,6.0,4.0,162.56,61.23,172.72,Orthodox,37.0,3.12,0.42,4.04,0.55,1.62,0.22,0.28,0.5,172.72,male
Elias Theodorou,16.0,3.0,185.42,83.91,190.5,Orthodox,35.0,4.19,0.42,2.39,0.53,1.27,0.28,0.59,0.0,190.5,male
Arjan Bhullar,9.0,1.0,185.42,111.13,190.5,Orthodox,37.0,2.33,0.56,3.25,0.59,1.73,0.75,1.0,0.0,190.5,male
Mitch Gagnon,12.0,5.0,165.1,61.23,165.1,Southpaw,39.0,2.76,0.46,2.21,0.61,1.16,0.25,0.65,1.9,165.1,male
Dmitrii Smoliakov,9.0,3.0,187.96,114.76,187.96,Switch,41.0,1.44,0.42,3.81,0.55,0.0,0.0,0.75,0.0,187.96,male
John Lineker,31.0,9.0,160.02,61.23,170.18,Orthodox,33.0,5.36,0.4,4.27,0.56,0.56,0.58,0.67,0.6,170.18,male
Jason Gonzalez,11.0,5.0,187.96,70.31,187.96,Southpaw,34.0,3.06,0.39,3.13,0.58,0.0,0.0,0.3,1.0,187.96,male
Marcelo Golm,6.0,3.0,190.5,112.94,190.5,Orthodox,31.0,4.27,0.58,4.3,0.45,0.45,0.5,0.87,0.5,190.5,male
Sultan Aliev,15.0,3.0,180.34,77.11,187.96,Orthodox,39.0,1.41,0.45,2.2,0.56,1.76,0.38,1.0,0.0,187.96,male
Keita Nakamura,34.0,10.0,180.34,77.11,185.42,Southpaw,39.0,2.23,0.36,3.2,0.58,1.65,0.48,0.63,0.3,185.42,male
Wilson Reis,23.0,10.0,162.56,56.7,165.1,Southpaw,39.0,1.83,0.29,3.04,0.55,5.15,0.42,0.47,0.6,165.1,male
Curtis Millender,17.0,5.0,187.96,77.11,193.04,Orthodox,36.0,3.86,0.46,2.95,0.61,0.43,1.0,0.57,0.0,193.04,male
David Branch,22.0,6.0,185.42,83.91,198.12,Orthodox,42.0,1.66,0.39,1.91,0.56,2.55,0.32,0.43,0.0,198.12,male
Jessica Aguilar,20.0,8.0,160.02,52.16,160.02,Orthodox,41.0,4.93,0.5,7.19,0.53,0.94,0.25,0.5,0.2,160.02,female
Ross Pearson,20.0,16.0,172.72,70.31,175.26,Orthodox,39.0,3.68,0.4,4.09,0.62,0.74,0.35,0.75,0.0,175.26,male
Justin Willis,8.0,2.0,185.42,119.75,198.12,Southpaw,36.0,3.37,0.59,2.57,0.57,0.96,0.66,0.36,0.0,198.12,male
Jesus Pinedo,16.0,5.0,177.8,70.31,182.88,Southpaw,27.0,3.23,0.38,4.37,0.52,2.5,1.0,1.0,0.0,182.88,male
Eric Shelton,12.0,6.0,167.64,56.7,172.72,Orthodox,33.0,2.57,0.42,1.88,0.63,2.83,0.51,0.46,0.2,172.72,male
Jordan Rinaldi,14.0,7.0,177.8,65.77,182.88,Orthodox,36.0,1.56,0.35,2.32,0.59,1.45,0.35,0.2,1.2,182.88,male
Tim Boetsch,21.0,13.0,182.88,83.91,187.96,Orthodox,43.0,2.93,0.5,2.9,0.57,1.45,0.34,0.59,0.8,187.96,male
Zak Ottow,17.0,7.0,180.34,77.11,182.88,Orthodox,37.0,2.63,0.36,2.73,0.58,0.97,0.29,0.57,0.4,182.88,male
Carlo Pedersoli Jr.,11.0,3.0,180.34,77.11,190.5,Southpaw,30.0,4.17,0.37,4.12,0.61,2.91,0.44,0.0,0.0,190.5,male
Cain Velasquez,14.0,3.0,185.42,108.86,195.58,Orthodox,41.0,6.37,0.57,2.33,0.57,5.13,0.45,0.85,0.4,195.58,male
Myles Jury,17.0,4.0,177.8,65.77,185.42,Orthodox,35.0,2.94,0.42,2.16,0.66,2.16,0.55,0.5,0.3,185.42,male
Austin Arnett,16.0,6.0,182.88,65.77,182.88,Orthodox,32.0,4.52,0.41,6.38,0.62,0.44,0.18,0.57,0.2,182.88,male
Teruto Ishihara,10.0,7.0,170.18,61.23,175.26,Southpaw,32.0,3.26,0.44,3.63,0.53,0.5,0.16,0.3,0.0,175.26,male
Wulijiburen,20.0,9.0,175.26,61.23,175.26,Orthodox,35.0,1.61,0.42,3.02,0.56,3.28,0.42,0.77,0.4,175.26,male
David Teymur,8.0,2.0,175.26,70.31,185.42,Southpaw,34.0,4.69,0.43,3.53,0.55,0.94,0.33,0.77,0.0,185.42,male
Bibulatov Magomed,14.0,2.0,165.1,56.7,165.1,Orthodox,35.0,3.6,0.51,1.83,0.52,2.85,0.4,0.75,0.0,165.1,male
Dustin Ortiz,19.0,8.0,165.1,56.7,165.1,Orthodox,35.0,2.94,0.44,2.17,0.56,3.01,0.36,0.52,0.1,165.1,male
Dennis Bermudez,17.0,9.0,167.64,70.31,167.64,Orthodox,37.0,4.42,0.46,3.07,0.59,3.89,0.4,0.82,1.1,167.64,male
Te Edwards,6.0,3.0,172.72,70.31,182.88,Orthodox,33.0,1.5,0.41,4.15,0.44,0.72,1.0,0.44,0.0,182.88,andy
Chad Mendes,18.0,5.0,167.64,65.77,167.64,Orthodox,38.0,2.78,0.49,2.35,0.67,4.13,0.55,1.0,0.3,167.64,male
Cat Zingano,10.0,4.0,167.64,65.77,172.72,Southpaw,41.0,2.57,0.61,1.63,0.47,2.77,0.65,0.42,0.8,172.72,male
Adam Milstead,8.0,4.0,190.5,92.99,193.04,Orthodox,36.0,3.85,0.46,4.79,0.43,0.0,0.0,0.64,0.0,193.04,male
Chris de la Rocha,5.0,3.0,190.5,113.4,203.2,Orthodox,44.0,4.08,0.45,6.37,0.43,2.02,0.3,0.33,1.0,203.2,male
Matthew Lopez,10.0,4.0,170.18,61.23,175.26,Southpaw,37.0,3.13,0.5,3.73,0.55,3.32,0.6,0.71,1.3,175.26,male
Chad Laprise,13.0,4.0,177.8,77.11,180.34,Orthodox,37.0,4.78,0.42,3.59,0.65,1.05,0.54,0.78,0.0,180.34,male
Mark Hunt,13.0,14.0,177.8,120.2,182.88,Orthodox,50.0,2.81,0.43,2.9,0.51,0.51,0.55,0.64,0.2,182.88,male
Yushin Okami,34.0,12.0,187.96,77.11,190.5,Southpaw,42.0,2.06,0.38,2.25,0.6,1.98,0.39,0.84,0.5,190.5,male
Ben Nguyen,16.0,8.0,165.1,56.7,165.1,Switch,35.0,3.51,0.4,3.01,0.59,0.25,0.33,0.63,1.0,165.1,male
Elias Garcia,6.0,2.0,165.1,56.7,170.18,Southpaw,31.0,1.59,0.27,5.05,0.5,0.68,0.14,0.33,1.4,170.18,male
Mizuto Hirota,18.0,10.0,170.18,70.31,170.18,Orthodox,42.0,3.36,0.4,3.5,0.54,1.36,0.5,0.58,0.1,170.18,male
Alex Gorgees,6.0,1.0,187.96,70.31,187.96,Switch,28.0,0.67,0.32,2.27,0.38,0.0,0.0,0.54,0.0,187.96,male
Justin Frazier,10.0,3.0,182.88,120.2,190.5,Southpaw,34.0,1.11,0.66,6.11,0.04,0.0,0.0,0.0,0.0,190.5,male
Bryan Caraway,21.0,9.0,172.72,61.23,172.72,Orthodox,39.0,2.53,0.34,3.61,0.54,2.57,0.25,0.8,0.8,172.72,male
Michel Batista,4.0,1.0,190.5,117.93,182.88,Orthodox,39.0,0.0,0.0,4.03,0.4,6.72,0.5,0.0,0.0,182.88,male
Darrell Horcher,13.0,4.0,177.8,70.31,177.8,Southpaw,36.0,2.05,0.44,4.21,0.39,0.35,0.5,0.47,0.7,177.8,male
Ricky Rainey,12.0,6.0,185.42,77.11,195.58,Switch,40.0,2.55,0.48,2.62,0.46,0.95,0.18,0.55,0.0,195.58,male
Rashad Coulter,9.0,4.0,180.34,92.99,193.04,Orthodox,42.0,4.82,0.56,6.68,0.5,0.0,0.0,0.62,0.0,193.04,male
Yuta Sasaki,21.0,6.0,177.8,56.7,180.34,Southpaw,34.0,2.16,0.41,2.5,0.5,3.03,0.43,0.41,1.2,180.34,female
Devin Powell,9.0,4.0,182.88,70.31,185.42,Orthodox,36.0,2.88,0.41,3.67,0.51,0.0,0.0,0.0,0.6,185.42,male
Amanda Cooper,3.0,5.0,160.02,52.16,162.56,Switch,32.0,3.55,0.44,3.2,0.51,1.53,0.38,0.28,1.8,162.56,female
John Gunther,5.0,1.0,175.26,70.31,182.88,Orthodox,38.0,1.65,0.37,3.72,0.46,7.08,0.42,0.0,0.0,182.88,male
Joseph Morales,9.0,2.0,167.64,56.7,175.26,Switch,29.0,1.58,0.37,1.72,0.6,0.53,0.5,0.23,2.6,175.26,male
Joby Sanchez,11.0,4.0,167.64,61.23,172.72,Orthodox,32.0,3.22,0.36,2.82,0.63,0.95,0.71,0.51,0.4,172.72,male
Jason Knight,20.0,5.0,177.8,65.77,180.34,Orthodox,31.0,2.95,0.33,3.02,0.51,1.31,0.31,0.47,1.7,180.34,male
Adam Wieczorek,10.0,2.0,195.58,113.4,205.74,Orthodox,32.0,1.68,0.38,1.87,0.48,0.41,0.33,0.58,0.4,205.74,male
Artem Lobov,13.0,15.0,175.26,65.77,165.1,Southpaw,37.0,3.52,0.41,4.82,0.5,0.39,0.25,0.52,0.0,165.1,male
Alex Garcia,15.0,6.0,175.26,77.11,182.88,Orthodox,36.0,1.81,0.31,3.03,0.59,3.72,0.52,0.66,0.1,182.88,male
Thibault Gouti,12.0,5.0,177.8,70.31,182.88,Orthodox,37.0,3.68,0.34,5.64,0.5,1.23,0.8,0.83,0.3,182.88,male
Gray Maynard,13.0,7.0,175.26,70.31,177.8,Orthodox,44.0,1.92,0.32,2.64,0.66,2.91,0.47,0.81,0.7,177.8,male
Ryan LaFlare,14.0,3.0,185.42,77.11,187.96,Southpaw,40.0,2.89,0.4,1.86,0.63,2.13,0.44,0.58,0.2,187.96,male
Luis Henrique,10.0,5.0,187.96,110.22,187.96,Orthodox,30.0,1.81,0.43,2.22,0.47,3.09,0.36,0.5,1.0,187.96,male
Thales Leites,28.0,9.0,185.42,83.91,198.12,Orthodox,42.0,2.13,0.4,2.99,0.52,2.1,0.27,0.3,1.1,198.12,male
Hector Lombard,34.0,10.0,175.26,83.91,180.34,Southpaw,46.0,3.02,0.46,3.35,0.53,1.69,0.48,0.77,0.5,180.34,male
Alex Chambers,5.0,5.0,160.02,52.16,160.02,Southpaw,45.0,2.97,0.54,5.1,0.5,2.31,0.41,0.53,1.0,160.02,male
Khalid Murtazaliev,14.0,2.0,182.88,83.91,193.04,Orthodox,30.0,4.8,0.69,0.4,0.78,7.5,1.0,0.33,0.0,193.04,male
CB Dollaway,17.0,9.0,187.96,83.91,193.04,Orthodox,40.0,2.65,0.47,2.58,0.54,3.55,0.54,0.62,1.2,193.04,male
Kajan Johnson,23.0,13.0,180.34,70.31,190.5,Orthodox,39.0,2.47,0.42,1.59,0.64,1.54,0.37,0.62,0.2,190.5,male
Adam Yandiev,9.0,1.0,175.26,83.91,187.96,Orthodox,35.0,0.18,0.08,6.14,0.36,0.0,0.0,0.25,0.0,187.96,male
Jordan Johnson,10.0,0.0,187.96,92.99,200.66,Orthodox,35.0,3.45,0.47,2.64,0.53,3.25,0.42,1.0,1.2,200.66,male
Terrion Ware,17.0,9.0,172.72,61.23,180.34,Orthodox,37.0,4.02,0.32,6.07,0.5,0.5,0.22,0.44,0.0,180.34,male
Craig White,14.0,9.0,187.96,77.11,193.04,Orthodox,33.0,1.23,0.4,3.28,0.39,0.0,0.0,0.5,0.8,193.04,male
Robert Sanchez,8.0,2.0,167.64,56.7,167.64,Orthodox,38.0,0.96,0.4,1.78,0.46,3.61,0.62,0.5,0.7,167.64,male
Jarred Brooks,13.0,2.0,160.02,56.7,157.48,Switch,30.0,2.12,0.46,1.66,0.62,4.54,0.57,0.69,0.6,157.48,male
Jake Ellenberger,31.0,15.0,175.26,77.11,180.34,Orthodox,39.0,2.47,0.39,2.83,0.6,2.04,0.47,0.86,0.4,180.34,male
John Moraga,19.0,7.0,167.64,56.7,167.64,Orthodox,40.0,2.57,0.43,2.55,0.56,0.62,0.23,0.44,1.1,167.64,male
Tim Williams,15.0,5.0,187.96,83.91,193.04,Orthodox,37.0,3.07,0.38,3.55,0.48,1.81,0.4,1.0,0.0,193.04,male
Iuri Alcantara,35.0,10.0,175.26,61.23,180.34,Southpaw,43.0,2.72,0.45,2.79,0.49,1.44,0.62,0.6,0.8,180.34,male
George Sullivan,17.0,7.0,182.88,77.11,185.42,Orthodox,43.0,3.53,0.39,2.42,0.57,1.37,0.2,0.38,0.7,185.42,male
Kalindra Faria,18.0,8.0,170.18,56.7,182.88,Switch,37.0,2.23,0.56,1.44,0.45,1.31,0.66,0.2,0.7,182.88,male
Jon Tuck,10.0,5.0,180.34,70.31,185.42,Orthodox,39.0,3.0,0.4,3.74,0.6,0.42,0.33,0.5,1.0,185.42,male
Demetrious Johnson,27.0,3.0,160.02,56.7,167.64,Orthodox,37.0,3.43,0.54,1.66,0.67,3.35,0.56,0.65,0.5,167.64,male
Jose Torres,8.0,1.0,162.56,56.7,165.1,Orthodox,31.0,4.37,0.36,9.84,0.5,1.28,0.33,0.75,0.0,165.1,male
Danielle Taylor,9.0,4.0,152.4,52.16,152.4,Orthodox,34.0,2.75,0.29,3.31,0.71,0.2,0.2,0.7,0.2,152.4,female
Eddie Alvarez,29.0,6.0,175.26,70.31,175.26,Orthodox,40.0,4.32,0.41,4.39,0.55,2.92,0.36,0.92,0.5,175.26,male
Jordan Mein,31.0,12.0,182.88,77.11,185.42,Orthodox,34.0,3.35,0.44,2.55,0.69,1.56,0.58,0.66,0.2,185.42,male
Alvaro Herrera Mendoza,9.0,6.0,182.88,70.31,187.96,Orthodox,33.0,1.89,0.38,3.4,0.55,0.0,0.0,0.33,1.1,187.96,male
Vitor Miranda,12.0,5.0,185.42,83.91,195.58,Orthodox,45.0,2.98,0.45,2.95,0.58,0.95,0.55,0.5,0.2,195.58,male
Jeremy Kimball,15.0,8.0,182.88,92.99,182.88,Switch,33.0,2.81,0.46,3.84,0.49,1.41,0.2,0.5,0.0,182.88,male
Damian Stasiak,10.0,6.0,165.1,61.23,177.8,Orthodox,34.0,1.86,0.36,3.1,0.52,2.64,0.35,0.43,0.6,177.8,male
Sage Northcutt,11.0,2.0,182.88,77.11,180.34,Orthodox,28.0,3.58,0.52,1.96,0.58,1.81,0.34,0.41,0.6,180.34,andy
Justin Scoggins,11.0,5.0,170.18,56.7,167.64,Southpaw,31.0,3.56,0.51,2.16,0.55,3.42,0.63,0.82,0.5,167.64,male
Gokhan Saki,1.0,2.0,182.88,92.99,185.42,Orthodox,40.0,7.09,0.58,4.57,0.53,0.0,0.0,1.0,0.0,185.42,male
Jamie Moyle,4.0,3.0,154.94,52.16,165.1,Orthodox,35.0,4.51,0.51,4.0,0.65,1.0,0.21,0.5,0.0,165.1,female
Joe Giannetti,6.0,1.0,182.88,70.31,187.96,Southpaw,28.0,1.93,0.38,2.8,0.4,1.0,0.16,0.0,0.0,187.96,male
Jay Cucciniello,8.0,1.0,170.18,70.31,182.88,Orthodox,37.0,0.93,0.21,4.73,0.36,0.0,0.0,0.71,0.0,182.88,male
Barb Honchak,10.0,4.0,162.56,56.7,165.1,Orthodox,44.0,4.04,0.3,4.67,0.66,0.0,0.0,0.0,1.3,165.1,female
Richie Smullen,3.0,1.0,175.26,70.31,172.72,Orthodox,32.0,1.98,0.77,2.26,0.65,8.49,0.66,0.0,0.0,172.72,male
Allan Zuniga,13.0,1.0,170.18,70.31,177.8,Orthodox,31.0,3.93,0.52,1.8,0.61,0.0,0.0,0.57,1.0,177.8,male
Tyler Diamond,9.0,1.0,170.18,65.77,175.26,Orthodox,33.0,3.4,0.47,2.53,0.44,3.0,0.75,0.7,0.0,175.26,male
Matt Bessette,22.0,9.0,177.8,65.77,177.8,Orthodox,39.0,4.36,0.41,4.45,0.58,0.64,0.28,0.61,0.3,177.8,male
Daichi Abe,6.0,2.0,180.34,77.11,180.34,Orthodox,32.0,3.8,0.33,4.49,0.56,0.33,0.5,0.0,0.0,180.34,male
Felipe Arantes,18.0,10.0,172.72,61.23,185.42,Orthodox,36.0,2.37,0.45,2.66,0.64,0.93,0.47,0.41,0.7,185.42,male
Rolando Dy,9.0,7.0,172.72,65.77,175.26,Orthodox,33.0,3.04,0.37,4.47,0.52,0.3,0.2,0.68,0.0,175.26,male
Shinsho Anzai,10.0,3.0,170.18,77.11,177.8,Orthodox,38.0,3.23,0.58,3.75,0.45,1.83,0.16,0.75,0.0,177.8,male
Viviane Pereira,13.0,2.0,154.94,52.16,160.02,Orthodox,30.0,2.7,0.3,4.48,0.58,0.25,1.0,0.28,0.2,160.02,female
Naoki Inoue,11.0,1.0,175.26,56.7,180.34,Orthodox,26.0,3.67,0.35,3.37,0.6,0.0,0.0,0.6,2.5,180.34,male
Jenel Lausa,7.0,5.0,165.1,56.7,172.72,Orthodox,35.0,1.44,0.42,3.53,0.53,0.55,0.66,0.51,0.8,172.72,male
Melinda Fabian,4.0,4.0,167.64,56.7,167.64,Orthodox,36.0,4.03,0.41,4.0,0.62,0.0,0.0,1.0,0.0,167.64,female
Rashad Evans,19.0,8.0,182.88,92.99,190.5,Orthodox,44.0,2.14,0.37,2.42,0.63,2.98,0.44,0.73,0.0,190.5,male
Mike Santiago,19.0,12.0,177.8,65.77,175.26,Orthodox,34.0,3.44,0.49,3.58,0.36,2.66,0.5,0.53,1.1,175.26,male
Gleison Tibau,33.0,14.0,177.8,70.31,180.34,Southpaw,40.0,1.95,0.31,2.51,0.63,4.08,0.53,0.92,0.8,180.34,male
Mads Burnell,9.0,3.0,172.72,65.77,175.26,Orthodox,30.0,1.28,0.41,2.71,0.51,3.45,0.47,0.22,0.4,175.26,male
Daniel Kelly,13.0,4.0,182.88,83.91,177.8,Southpaw,46.0,3.62,0.38,4.64,0.61,1.86,0.34,0.78,0.3,177.8,male
Brad Scott,11.0,6.0,185.42,77.11,193.04,Orthodox,34.0,3.52,0.41,4.31,0.57,0.32,0.15,0.63,0.7,193.04,male
Diego Rivas,10.0,2.0,172.72,65.77,175.26,Orthodox,32.0,1.37,0.4,2.14,0.52,1.79,0.6,0.64,0.9,175.26,male
Henry Briones,16.0,8.0,172.72,61.23,175.26,Orthodox,43.0,3.47,0.42,4.68,0.53,0.0,0.0,0.52,0.6,175.26,male
Felipe Silva,8.0,2.0,182.88,70.31,195.58,Orthodox,39.0,5.4,0.5,1.8,0.59,1.0,1.0,0.71,0.0,195.58,male
Vitor Belfort,26.0,14.0,182.88,83.91,187.96,Southpaw,46.0,1.59,0.46,2.83,0.5,1.02,0.6,0.53,0.6,187.96,male
Lyoto Machida,24.0,8.0,185.42,83.91,187.96,Southpaw,45.0,2.59,0.53,1.57,0.61,1.21,0.65,0.75,0.4,187.96,male
Alberto Mina,13.0,1.0,182.88,77.11,195.58,Orthodox,41.0,3.23,0.38,3.7,0.47,1.85,0.2,0.5,0.0,195.58,male
James Bochnovic,8.0,3.0,193.04,92.99,205.74,Orthodox,35.0,0.65,0.26,3.64,0.21,0.0,0.0,0.0,0.0,205.74,male
Luan Chagas,15.0,3.0,182.88,77.11,190.5,Orthodox,30.0,4.16,0.47,3.19,0.62,0.32,0.12,0.85,0.3,190.5,male
Patrick Williams,8.0,6.0,172.72,61.23,185.42,Orthodox,42.0,4.12,0.51,4.12,0.52,2.71,0.41,1.0,0.5,185.42,male
Bec Rawlings,7.0,8.0,167.64,56.7,162.56,Orthodox,35.0,4.48,0.42,5.66,0.57,0.71,0.4,0.68,0.4,162.56,male
Tom Duquesnoy,16.0,2.0,170.18,61.23,172.72,Orthodox,30.0,3.83,0.45,5.3,0.62,0.42,0.25,0.46,0.0,172.72,male
Oliver Enkamp,7.0,2.0,182.88,77.11,195.58,Switch,32.0,2.38,0.36,3.55,0.37,0.87,0.16,0.0,0.0,195.58,male
Mark Godbeer,13.0,4.0,193.04,108.86,195.58,Orthodox,40.0,3.97,0.53,3.3,0.54,0.0,0.0,0.28,0.0,195.58,male
Dmitry Sosnovskiy,11.0,0.0,190.5,108.86,195.58,Orthodox,34.0,2.95,0.7,2.53,0.35,3.16,0.66,1.0,3.2,195.58,male
Mike Pyle,27.0,14.0,182.88,77.11,187.96,Orthodox,48.0,2.74,0.45,2.84,0.6,1.8,0.35,0.7,1.5,187.96,male
Russell Doane,15.0,8.0,170.18,61.23,177.8,Orthodox,37.0,1.75,0.4,1.68,0.53,2.11,0.45,0.52,0.8,177.8,male
Albert Morales,7.0,4.0,175.26,61.23,182.88,Orthodox,32.0,3.81,0.35,3.96,0.56,0.91,0.35,0.7,0.2,182.88,male
Brian Camozzi,7.0,5.0,187.96,77.11,198.12,Orthodox,32.0,3.15,0.26,6.39,0.54,0.0,0.0,0.0,0.7,198.12,male
Joshua Burkman,28.0,16.0,177.8,77.11,182.88,Orthodox,43.0,2.69,0.43,3.13,0.51,2.53,0.36,0.72,0.3,182.88,male
Cyril Asker,9.0,4.0,182.88,112.04,187.96,Orthodox,38.0,3.35,0.39,5.82,0.35,4.41,0.62,1.0,0.9,187.96,male
Damien Brown,17.0,12.0,177.8,70.31,172.72,Orthodox,39.0,3.66,0.38,4.86,0.5,0.68,0.27,0.53,0.7,172.72,male
Rob Wilkinson,11.0,2.0,190.5,83.91,203.2,Orthodox,32.0,2.74,0.5,5.66,0.39,4.47,0.25,0.0,0.0,203.2,male
Jeremy Kennedy,11.0,1.0,180.34,65.77,180.34,Orthodox,31.0,2.22,0.46,2.58,0.47,5.73,0.52,0.66,0.0,180.34,male
Timothy Johnson,12.0,4.0,190.5,120.2,195.58,Southpaw,39.0,3.43,0.45,3.08,0.44,1.09,0.24,0.69,0.0,195.58,male
Maia Stevenson,6.0,5.0,162.56,52.16,157.48,Orthodox,42.0,1.57,0.54,3.13,0.33,3.91,1.0,0.5,0.0,157.48,female
Joe Soto,18.0,7.0,167.64,61.23,165.1,Orthodox,37.0,3.36,0.41,5.37,0.67,0.85,0.21,0.7,1.9,165.1,male
Godofredo Pepey,13.0,6.0,170.18,65.77,185.42,Orthodox,36.0,2.32,0.38,3.23,0.47,0.37,0.07,0.35,1.5,185.42,male
Juliana Lima,9.0,5.0,165.1,52.16,165.1,Orthodox,42.0,1.94,0.44,2.11,0.55,1.72,0.31,0.7,0.0,165.1,female
Francimar Barroso,19.0,7.0,185.42,92.99,190.5,Orthodox,44.0,2.77,0.52,3.07,0.59,2.22,0.24,0.83,0.0,190.5,male
Sabah Homasi,11.0,8.0,182.88,77.11,182.88,Orthodox,35.0,4.98,0.48,6.91,0.47,2.8,0.5,0.66,0.0,182.88,female
Galore Bofando,5.0,3.0,180.34,77.11,182.88,Switch,41.0,3.63,0.45,3.63,0.54,2.37,1.0,0.5,0.0,182.88,male
Abel Trujillo,15.0,8.0,172.72,70.31,177.8,Orthodox,40.0,2.65,0.41,2.31,0.59,2.18,0.45,0.4,0.4,177.8,male
Oluwale Bamgbose,6.0,4.0,180.34,83.91,198.12,Switch,36.0,2.45,0.48,2.7,0.55,0.94,0.33,0.37,0.0,198.12,male
Erick Silva,19.0,9.0,182.88,77.11,187.96,Orthodox,39.0,2.5,0.48,4.18,0.49,0.85,0.35,0.56,1.4,187.96,male
Carls John De Tomas,6.0,2.0,165.1,56.7,180.34,Southpaw,27.0,1.74,0.37,3.93,0.44,1.37,0.33,0.66,0.0,180.34,male
Antonio Braga Neto,9.0,3.0,190.5,83.91,195.58,Orthodox,36.0,1.36,0.33,3.92,0.45,3.07,0.37,0.0,0.5,195.58,male
Angela Magana,11.0,9.0,154.94,52.16,165.1,Orthodox,40.0,1.53,0.28,4.92,0.42,0.4,0.25,0.28,0.4,165.1,female
Christina Marks,8.0,9.0,170.18,56.7,175.26,Orthodox,38.0,5.0,0.58,3.0,0.64,7.5,1.0,0.0,0.0,175.26,female
Ryan Janes,10.0,3.0,190.5,83.91,193.04,Orthodox,42.0,7.69,0.48,5.53,0.59,0.35,1.0,0.58,0.0,193.04,male
Karine Gevorgyan,3.0,3.0,162.56,56.7,160.02,Missing,35.0,1.2,0.2,1.8,0.76,0.0,0.0,0.0,0.0,160.02,female
Ariel Beck,4.0,5.0,167.64,56.7,167.64,Southpaw,33.0,4.44,0.34,4.31,0.64,0.0,0.0,0.0,0.0,167.64,male
Michael Bisping,30.0,9.0,185.42,83.91,190.5,Orthodox,45.0,4.33,0.38,2.71,0.65,1.05,0.43,0.63,0.3,190.5,male
Wang Guan,20.0,1.0,175.26,65.77,180.34,Orthodox,38.0,4.73,0.43,3.27,0.6,0.0,0.0,0.0,0.0,180.34,andy
Bobby Nash,8.0,4.0,182.88,77.11,187.96,Orthodox,34.0,3.42,0.37,3.95,0.51,2.37,0.33,1.0,1.6,187.96,male
Kailin Curran,4.0,5.0,162.56,52.16,165.1,Orthodox,32.0,3.89,0.43,4.75,0.53,2.0,0.57,0.61,0.6,165.1,male
Bharat Kandare,5.0,3.0,170.18,61.23,182.88,Orthodox,36.0,0.7,0.1,1.88,0.72,0.0,0.0,0.0,0.0,182.88,andy
Bojan Velickovic,15.0,6.0,182.88,77.11,193.04,Southpaw,35.0,2.18,0.34,2.31,0.57,0.67,0.25,0.55,0.5,193.04,male
Ashkan Mokhtarian,13.0,3.0,167.64,56.7,170.18,Southpaw,38.0,1.95,0.43,3.66,0.43,0.54,0.16,0.33,0.0,170.18,male
Will Brooks,18.0,4.0,177.8,70.31,182.88,Orthodox,37.0,4.26,0.59,2.54,0.56,2.08,0.51,0.82,0.3,182.88,male
Anthony Hamilton,15.0,9.0,195.58,117.93,193.04,Orthodox,43.0,3.91,0.65,3.02,0.45,2.62,0.42,0.78,0.0,193.04,male
Nate Marquardt,35.0,19.0,182.88,83.91,187.96,Orthodox,44.0,2.71,0.49,2.32,0.55,1.87,0.51,0.7,0.8,187.96,female
Michel Quinones,8.0,3.0,177.8,70.31,185.42,Orthodox,39.0,2.91,0.29,5.98,0.48,0.0,0.0,0.36,0.0,185.42,male
Marcel Fortuna,9.0,3.0,185.42,92.99,187.96,Orthodox,38.0,3.83,0.46,4.52,0.64,0.45,0.08,0.75,0.5,187.96,male
Georges St-Pierre,26.0,2.0,180.34,83.91,193.04,Orthodox,42.0,3.78,0.53,1.4,0.72,4.16,0.74,0.83,1.1,193.04,male
Johny Hendricks,18.0,8.0,175.26,83.91,175.26,Southpaw,40.0,3.49,0.45,3.99,0.53,3.83,0.46,0.63,0.3,175.26,male
Hacran Dias,23.0,6.0,172.72,70.31,175.26,Orthodox,39.0,2.08,0.41,3.31,0.55,2.5,0.39,0.76,0.5,175.26,male
Christian Colombo,8.0,3.0,195.58,120.2,182.88,Orthodox,43.0,2.76,0.44,4.02,0.42,0.0,0.0,0.33,0.0,182.88,male
Jonathan Wilson,7.0,3.0,187.96,92.99,190.5,Southpaw,36.0,2.92,0.48,5.65,0.56,0.37,1.0,0.8,0.0,190.5,male
Marcin Held,23.0,7.0,175.26,70.31,180.34,Orthodox,32.0,1.41,0.34,2.02,0.47,2.46,0.46,0.37,1.3,180.34,male
Pearl Gonzalez,6.0,3.0,162.56,52.16,182.88,Orthodox,37.0,2.23,0.37,4.07,0.57,1.04,0.11,0.0,0.5,182.88,female
Marco Beltran,8.0,6.0,172.72,56.7,175.26,Orthodox,37.0,2.07,0.37,1.93,0.63,0.7,0.5,0.46,0.2,175.26,male
Takanori Gomi,35.0,14.0,170.18,70.31,177.8,Southpaw,45.0,3.81,0.41,3.52,0.6,1.23,0.65,0.63,0.8,177.8,male
Henrique da Silva,14.0,5.0,190.5,92.99,193.04,Orthodox,34.0,3.89,0.6,5.28,0.4,0.25,0.14,0.22,0.2,193.04,male
Chan-Mi Jeon,5.0,2.0,165.1,52.16,182.88,Orthodox,26.0,6.23,0.31,7.77,0.55,0.0,0.0,0.0,0.0,182.88,male
Hyun Gyu Lim,13.0,7.0,190.5,77.11,195.58,Orthodox,39.0,4.45,0.41,5.07,0.51,0.23,1.0,0.73,0.2,195.58,andy
Azunna Anyanwu,14.0,5.0,185.42,113.85,182.88,Orthodox,42.0,2.47,0.42,2.47,0.69,0.65,1.0,0.0,0.0,182.88,male
Jason Saggo,12.0,4.0,180.34,70.31,180.34,Orthodox,38.0,2.5,0.39,2.94,0.52,2.33,0.4,0.23,0.0,180.34,male
Mitch Clarke,11.0,5.0,177.8,70.31,185.42,Orthodox,38.0,2.35,0.34,3.27,0.47,0.64,0.15,0.5,0.4,185.42,male
Adriano Martins,28.0,9.0,177.8,70.31,182.88,Southpaw,41.0,1.8,0.38,2.14,0.65,0.83,0.8,0.81,0.4,182.88,male
Bojan Mihajlovic,10.0,6.0,180.34,92.99,185.42,Orthodox,43.0,1.23,0.35,5.95,0.47,0.0,0.0,0.33,0.0,185.42,male
Abdul-Kerim Edilov,17.0,4.0,187.96,92.99,182.88,Orthodox,32.0,10.22,0.61,0.13,0.92,3.98,1.0,0.0,2.0,182.88,male
Andrew Holbrook,12.0,3.0,180.34,70.31,177.8,Southpaw,38.0,2.2,0.49,3.0,0.54,0.85,0.18,0.1,2.1,177.8,male
Hector Sandoval,14.0,4.0,157.48,56.7,162.56,Orthodox,37.0,3.31,0.52,2.33,0.65,3.49,0.25,0.71,1.4,162.56,male
Rafael Natal,21.0,9.0,182.88,83.91,195.58,Orthodox,41.0,3.1,0.47,2.48,0.57,2.55,0.34,0.77,0.5,195.58,male
Damian Grabowski,20.0,5.0,185.42,109.32,190.5,Orthodox,43.0,4.0,0.36,7.65,0.51,0.0,0.0,0.0,0.0,190.5,male
Frankie Perez,10.0,4.0,180.34,70.31,185.42,Orthodox,34.0,1.64,0.41,2.17,0.54,1.75,0.41,0.5,0.3,185.42,andy
Chris Wade,12.0,3.0,177.8,70.31,177.8,Orthodox,36.0,1.7,0.53,1.75,0.51,2.6,0.51,0.55,1.1,177.8,male
James Mulheron,11.0,2.0,177.8,110.22,185.42,Orthodox,36.0,2.4,0.31,3.47,0.42,0.0,0.0,0.25,0.0,185.42,male
Neil Seery,16.0,13.0,162.56,56.7,162.56,Orthodox,44.0,3.56,0.41,3.79,0.58,0.78,0.27,0.53,1.6,162.56,male
Charlie Ward,3.0,3.0,180.34,77.11,182.88,Orthodox,43.0,1.64,0.19,7.21,0.53,0.0,0.0,0.0,0.0,182.88,male
Leslie Smith,10.0,7.0,175.26,61.23,167.64,Orthodox,41.0,7.56,0.4,8.41,0.51,0.0,0.0,0.62,0.0,167.64,female
Daniel Omielanczuk,19.0,8.0,182.88,112.04,187.96,Southpaw,41.0,3.09,0.57,3.29,0.47,0.56,0.26,0.68,0.1,187.96,male
Travis Browne,18.0,7.0,198.12,115.67,200.66,Orthodox,41.0,2.93,0.41,4.31,0.42,1.21,0.68,0.75,0.2,200.66,male
Jesse Taylor,31.0,15.0,182.88,77.11,185.42,Orthodox,41.0,1.94,0.65,0.55,0.38,7.28,0.5,1.0,3.1,185.42,male
Nick Roehrick,7.0,1.0,187.96,92.99,182.88,Orthodox,36.0,2.31,0.17,6.92,0.44,0.0,0.0,0.0,0.0,182.88,male
Tom Gallicchio,19.0,10.0,177.8,77.11,182.88,Southpaw,37.0,3.53,0.26,7.07,0.43,1.0,0.11,0.0,0.0,182.88,male
Joachim Christensen,14.0,6.0,190.5,92.99,193.04,Orthodox,45.0,3.78,0.41,3.29,0.46,0.0,0.0,0.0,0.0,193.04,male
Dennis Siver,23.0,11.0,167.64,65.77,177.8,Orthodox,45.0,3.87,0.32,2.67,0.65,0.87,0.32,0.65,0.3,177.8,male
Johnny Case,22.0,6.0,177.8,70.31,182.88,Orthodox,34.0,3.95,0.38,2.66,0.61,1.7,0.45,0.72,0.2,182.88,male
Josh Stansbury,4.0,8.0,187.96,92.99,187.96,Orthodox,39.0,3.22,0.54,3.54,0.54,0.0,0.0,0.87,1.0,187.96,male
Dong Hyun Kim,22.0,4.0,187.96,77.11,193.04,Southpaw,42.0,2.12,0.49,1.89,0.58,2.93,0.43,0.71,0.6,193.04,andy
Tarec Saffiedine,16.0,7.0,177.8,77.11,177.8,Switch,37.0,4.05,0.47,3.06,0.62,0.52,0.36,0.84,0.1,177.8,male
Kwan Ho Kwak,9.0,2.0,165.1,61.23,182.88,Switch,34.0,3.29,0.41,3.45,0.47,0.78,1.0,0.26,0.0,182.88,andy
Dominique Steele,14.0,9.0,177.8,77.11,187.96,Orthodox,36.0,2.32,0.49,2.42,0.5,2.95,0.42,0.76,0.0,187.96,andy
Kiichi Kunimoto,18.0,7.0,177.8,77.11,180.34,Orthodox,42.0,1.87,0.44,3.92,0.41,1.59,0.2,0.28,0.3,180.34,male
Jim Wallhead,29.0,11.0,177.8,77.11,182.88,Orthodox,40.0,3.19,0.26,6.65,0.49,0.0,0.0,1.0,0.0,182.88,male
Alex Nicholson,7.0,4.0,193.04,83.91,195.58,Orthodox,33.0,4.12,0.43,4.65,0.47,0.0,0.0,0.5,0.5,195.58,male
Chris Camozzi,24.0,13.0,187.96,83.91,190.5,Orthodox,37.0,3.57,0.44,2.96,0.56,0.27,0.19,0.57,0.5,190.5,male
Reza Madadi,14.0,6.0,180.34,70.31,185.42,Orthodox,45.0,2.51,0.46,3.31,0.66,3.17,0.33,0.89,0.5,185.42,male
Nicholas Musoke,13.0,5.0,182.88,77.11,190.5,Orthodox,37.0,3.56,0.35,3.8,0.57,1.16,0.19,0.82,0.2,190.5,male
Michael McBride,8.0,3.0,185.42,70.31,182.88,Orthodox,38.0,4.08,0.48,5.85,0.4,1.85,0.42,0.3,1.2,182.88,male
Cindy Dandois,8.0,3.0,170.18,61.23,182.88,Orthodox,39.0,3.13,0.32,3.4,0.58,5.0,0.55,0.0,0.0,182.88,female
Joe Proctor,11.0,5.0,177.8,70.31,182.88,Orthodox,38.0,3.39,0.36,3.93,0.59,0.0,0.0,0.7,1.8,182.88,male
Roy Nelson,22.0,14.0,182.88,119.29,185.42,Orthodox,47.0,2.18,0.36,4.79,0.46,1.14,0.27,0.65,0.1,185.42,male
Rashid Magomedov,20.0,2.0,175.26,70.31,177.8,Orthodox,39.0,4.4,0.49,3.05,0.54,0.67,0.57,0.89,0.2,177.8,male
Augusto Mendes,6.0,2.0,167.64,61.23,165.1,Orthodox,41.0,2.42,0.34,3.91,0.56,1.75,0.33,0.8,0.0,165.1,male
Nathan Coy,15.0,7.0,177.8,77.11,175.26,Southpaw,45.0,3.88,0.52,2.4,0.61,3.17,0.47,0.5,0.0,175.26,male
Anthony Johnson,22.0,6.0,187.96,92.99,198.12,Orthodox,40.0,3.25,0.47,1.83,0.6,2.43,0.57,0.77,0.6,198.12,male
Gegard Mousasi,42.0,6.0,187.96,83.91,193.04,Orthodox,38.0,3.75,0.5,1.21,0.68,1.59,0.6,0.59,1.1,193.04,male
Patrick Cote,23.0,11.0,180.34,77.11,190.5,Orthodox,44.0,2.81,0.48,3.21,0.48,0.68,0.2,0.43,0.2,190.5,male
Mike de la Torre,14.0,7.0,180.34,65.77,180.34,Orthodox,37.0,3.21,0.39,4.75,0.51,0.36,0.16,0.83,0.0,180.34,male
Brad Pickett,25.0,14.0,167.64,61.23,172.72,Orthodox,45.0,3.02,0.31,4.63,0.55,2.47,0.44,0.58,0.4,172.72,male
Scott Askham,14.0,4.0,190.5,83.91,190.5,Southpaw,35.0,3.03,0.46,3.52,0.52,0.44,0.18,0.65,0.7,190.5,male
Rony Jason,14.0,7.0,170.18,65.77,185.42,Orthodox,40.0,2.04,0.44,3.14,0.53,0.59,0.3,0.36,0.8,185.42,male
Garreth McLellan,13.0,6.0,185.42,83.91,182.88,Southpaw,41.0,3.56,0.54,2.94,0.45,1.15,0.22,0.34,0.9,182.88,male
Sam Sicilia,15.0,8.0,172.72,65.77,170.18,Orthodox,38.0,2.46,0.33,3.55,0.59,1.45,0.43,0.7,0.9,170.18,male
Alex Ricci,10.0,5.0,180.34,70.31,182.88,Orthodox,41.0,2.48,0.41,2.53,0.64,0.0,0.0,0.64,0.0,182.88,male
Reginaldo Vieira,13.0,5.0,170.18,61.23,165.1,Orthodox,41.0,3.76,0.4,2.89,0.59,1.97,0.27,0.25,0.8,165.1,male
Phillipe Nover,11.0,8.0,175.26,65.77,182.88,Orthodox,40.0,1.79,0.35,2.48,0.56,0.99,0.28,0.44,0.7,182.88,male
Roan Carneiro,21.0,11.0,180.34,77.11,193.04,Orthodox,45.0,1.46,0.46,1.82,0.62,3.05,0.42,0.83,1.4,193.04,male
Michinori Tanaka,11.0,3.0,165.1,61.23,170.18,Orthodox,33.0,1.97,0.37,1.99,0.5,2.4,0.38,0.43,0.2,170.18,male
Daniel Jolly,5.0,3.0,185.42,92.99,190.5,Orthodox,39.0,1.32,0.46,3.39,0.44,2.83,0.33,0.5,0.0,190.5,male
JC Cottrell,17.0,5.0,175.26,70.31,182.88,Orthodox,34.0,0.79,0.25,2.75,0.45,0.79,1.0,0.5,0.0,182.88,male
Viktor Pesta,10.0,4.0,190.5,108.86,195.58,Orthodox,33.0,1.58,0.36,2.54,0.56,3.29,0.28,1.0,0.0,195.58,male
Jocelyn Jones-Lybarger,6.0,4.0,170.18,52.16,162.56,Orthodox,38.0,2.96,0.31,4.83,0.56,0.34,0.25,0.81,0.0,162.56,female
Ronda Rousey,12.0,2.0,170.18,61.23,167.64,Orthodox,37.0,4.17,0.52,4.14,0.44,6.26,0.68,0.5,4.8,167.64,female
Brandon Thatch,11.0,5.0,187.96,77.11,187.96,Switch,38.0,2.7,0.42,3.63,0.52,1.36,0.66,0.5,0.7,187.96,male
Cole Miller,21.0,11.0,185.42,65.77,185.42,Orthodox,39.0,3.0,0.33,3.88,0.59,0.6,0.36,0.38,1.8,185.42,male
James Moontasri,9.0,5.0,177.8,77.11,180.34,Switch,35.0,2.39,0.48,3.86,0.4,0.0,0.0,0.79,0.2,180.34,male
Takeya Mizugaki,21.0,11.0,170.18,61.23,175.26,Orthodox,40.0,3.37,0.37,3.27,0.57,1.46,0.57,0.7,0.1,175.26,male
Fredy Serrano,3.0,2.0,160.02,56.7,165.1,Orthodox,44.0,1.58,0.26,1.89,0.61,2.84,0.25,0.84,0.0,165.1,male
Tim Kennedy,18.0,6.0,180.34,83.91,187.96,Orthodox,44.0,2.78,0.47,1.84,0.62,2.58,0.35,0.7,0.7,187.96,male
Valerie Letourneau,8.0,6.0,170.18,52.16,172.72,Orthodox,40.0,4.51,0.37,5.4,0.58,0.77,0.45,0.66,0.3,172.72,female
Zach Makovsky,20.0,8.0,162.56,56.7,162.56,Southpaw,40.0,1.94,0.43,2.24,0.62,3.71,0.3,0.56,0.3,162.56,male
Sean O'Connell,17.0,9.0,185.42,92.99,187.96,Orthodox,40.0,5.46,0.48,6.77,0.45,0.0,0.0,0.3,0.5,187.96,male
Joseph Gigliotti,7.0,2.0,180.34,83.91,182.88,Orthodox,30.0,1.04,0.39,2.92,0.45,1.56,1.0,0.5,0.8,182.88,male
Tiago dos Santos e Silva,20.0,7.0,175.26,65.77,177.8,Orthodox,36.0,3.69,0.35,4.23,0.59,0.63,0.11,0.33,0.3,177.8,male
Keith Berish,5.0,1.0,182.88,92.99,182.88,Orthodox,38.0,3.58,0.36,4.81,0.62,1.76,0.4,0.0,0.0,182.88,male
Brendan O'Reilly,6.0,3.0,170.18,77.11,175.26,Orthodox,36.0,1.9,0.47,2.77,0.39,2.22,0.43,0.36,0.6,175.26,male
Elvis Mutapcic,15.0,6.0,182.88,83.91,182.88,Orthodox,37.0,3.41,0.4,4.27,0.38,0.0,0.0,0.81,0.0,182.88,male
Kyle Noke,22.0,10.0,185.42,77.11,193.04,Southpaw,44.0,3.23,0.5,2.09,0.64,1.53,0.54,0.66,0.8,193.04,female
Yusuke Kasuya,9.0,3.0,170.18,70.31,182.88,Southpaw,34.0,2.17,0.44,4.34,0.48,1.36,0.33,0.0,0.0,182.88,male
Seo Hee Ham,17.0,8.0,157.48,52.16,157.48,Southpaw,37.0,4.2,0.39,5.15,0.61,0.0,0.0,0.66,0.2,157.48,andy
Richard Walsh,9.0,5.0,182.88,77.11,185.42,Orthodox,35.0,3.84,0.46,2.72,0.58,1.55,0.4,0.66,0.2,185.42,male
Jonathan Meunier,8.0,1.0,190.5,77.11,182.88,Switch,36.0,3.47,0.5,1.43,0.69,0.58,0.33,0.58,0.0,182.88,male
Geane Herrera,9.0,3.0,165.1,56.7,167.64,Orthodox,33.0,1.51,0.31,5.07,0.52,0.83,0.37,0.38,0.6,167.64,male
Guangyou Ning,5.0,4.0,162.56,65.77,162.56,Southpaw,42.0,2.66,0.41,1.91,0.61,1.09,0.5,0.62,0.3,162.56,male
Yao Zhikui,2.0,4.0,165.1,56.7,162.56,Orthodox,33.0,1.44,0.21,2.82,0.48,0.66,0.16,0.58,0.0,162.56,andy
Ryan Bader,23.0,5.0,187.96,92.99,187.96,Orthodox,40.0,2.82,0.43,1.39,0.71,3.37,0.44,0.8,0.4,187.96,male
Manvel Gamburyan,15.0,10.0,165.1,61.23,170.18,Orthodox,42.0,2.13,0.41,2.83,0.55,3.26,0.34,0.69,0.7,170.18,male
Magnus Cedenblad,14.0,5.0,195.58,83.91,200.66,Orthodox,41.0,2.38,0.51,3.02,0.4,2.87,0.64,0.66,1.0,200.66,male
Kyoji Horiguchi,19.0,2.0,165.1,56.7,167.64,Orthodox,33.0,3.6,0.45,2.45,0.62,2.0,0.44,0.55,0.0,167.64,male
Ali Bagautinov,15.0,6.0,162.56,56.7,165.1,Orthodox,38.0,2.85,0.42,3.09,0.52,2.51,0.36,0.65,0.3,165.1,male
Anna Elmose,3.0,2.0,160.02,52.16,182.88,Orthodox,39.0,3.68,0.49,4.64,0.56,0.0,0.0,0.33,0.0,182.88,female
Milana Dudieva,11.0,6.0,160.02,61.23,182.88,Orthodox,34.0,0.87,0.31,3.43,0.58,2.34,0.45,0.0,0.0,182.88,female
Heather Clark,7.0,6.0,167.64,52.16,162.56,Orthodox,43.0,3.69,0.49,5.62,0.5,0.33,0.04,0.8,0.3,162.56,female
Erik Perez,17.0,6.0,172.72,61.23,172.72,Orthodox,34.0,3.16,0.4,2.09,0.66,3.16,0.55,0.69,0.2,172.72,male
Erick Montano,7.0,5.0,182.88,77.11,185.42,Orthodox,38.0,2.79,0.44,2.06,0.64,2.29,0.36,0.66,0.0,185.42,male
Jason Novelli,11.0,3.0,182.88,70.31,182.88,Orthodox,44.0,1.73,0.24,3.55,0.66,0.7,0.33,1.0,0.0,182.88,male
Chris Avila,5.0,4.0,177.8,65.77,182.88,Orthodox,31.0,2.37,0.3,4.17,0.48,0.0,0.0,0.46,0.0,182.88,male
Dan Henderson,32.0,15.0,180.34,83.91,187.96,Orthodox,53.0,2.44,0.47,2.7,0.51,1.52,0.52,0.57,0.3,187.96,male
Albert Tumenov,18.0,4.0,180.34,77.11,185.42,Orthodox,32.0,3.76,0.42,3.34,0.58,0.2,0.2,0.75,0.0,185.42,male
Lukasz Sajewski,13.0,3.0,172.72,70.31,180.34,Orthodox,33.0,2.06,0.35,3.88,0.57,1.01,0.25,0.66,0.0,180.34,male
Tamdan McCrory,14.0,5.0,193.04,83.91,193.04,Switch,37.0,2.07,0.49,1.6,0.46,2.28,0.5,0.33,2.5,193.04,male
Cody East,12.0,3.0,190.5,111.13,182.88,Orthodox,35.0,4.15,0.43,7.32,0.4,3.97,1.0,0.16,0.0,182.88,male
Kelly Faszholz,4.0,2.0,172.72,61.23,182.88,Orthodox,38.0,4.01,0.48,3.61,0.52,0.0,0.0,0.44,0.0,182.88,female
Antonio Silva,19.0,12.0,193.04,119.75,208.28,Orthodox,44.0,2.89,0.45,3.09,0.5,0.82,0.29,0.66,0.8,208.28,male
Hector Urbina,17.0,10.0,180.34,77.11,185.42,Orthodox,36.0,0.97,0.38,2.44,0.39,0.0,0.0,0.38,3.8,185.42,male
Glaico Franca Moreira,15.0,5.0,182.88,70.31,195.58,Orthodox,33.0,2.35,0.42,3.46,0.47,2.68,0.42,0.76,0.3,195.58,male
Kenny Robertson,15.0,5.0,177.8,77.11,187.96,Orthodox,40.0,3.72,0.47,3.02,0.52,1.37,0.26,0.57,0.8,187.96,male
Maximo Blanco,12.0,8.0,172.72,65.77,180.34,Orthodox,40.0,4.11,0.44,3.19,0.66,1.85,0.36,0.63,0.3,180.34,male
Augusto Montano,15.0,3.0,185.42,77.11,185.42,Orthodox,39.0,3.46,0.46,2.66,0.56,0.0,0.0,0.66,0.0,185.42,male
Leonardo Guimaraes,11.0,5.0,182.88,83.91,182.88,Orthodox,41.0,2.35,0.56,2.99,0.44,0.0,0.0,0.52,1.0,182.88,male
Joey Gomez,6.0,2.0,177.8,61.23,185.42,Orthodox,37.0,2.44,0.28,4.46,0.55,0.62,1.0,0.5,0.0,185.42,male
CM Punk,0.0,1.0,185.42,77.11,185.42,Orthodox,45.0,1.1,0.23,4.87,0.4,0.87,0.11,0.0,0.0,185.42,male
Caio Magalhaes,10.0,3.0,185.42,83.91,185.42,Orthodox,36.0,2.27,0.4,2.78,0.56,1.05,0.15,0.58,1.6,185.42,male
Sean Spencer,12.0,6.0,177.8,77.11,187.96,Orthodox,36.0,4.24,0.32,4.02,0.6,0.14,0.33,0.68,0.0,187.96,male
Josh Barnett,35.0,8.0,190.5,113.4,198.12,Orthodox,46.0,3.2,0.5,2.11,0.57,1.26,0.55,0.55,1.4,198.12,male
Tae Hyun Bang,18.0,10.0,175.26,70.31,180.34,Switch,40.0,2.72,0.38,2.07,0.66,0.49,0.33,0.57,0.5,180.34,male
Leandro Issa,13.0,6.0,170.18,61.23,175.26,Orthodox,40.0,2.08,0.37,3.17,0.58,2.38,0.22,0.5,1.2,175.26,male
Leandro Silva,20.0,6.0,175.26,70.31,182.88,Orthodox,38.0,2.39,0.48,2.08,0.63,1.76,0.37,0.65,0.4,182.88,male
Kevin Casey,9.0,5.0,180.34,83.91,195.58,Southpaw,42.0,2.27,0.53,3.76,0.46,0.79,0.22,0.27,0.4,195.58,male
Shane Campbell,14.0,6.0,182.88,70.31,180.34,Orthodox,37.0,3.99,0.59,3.19,0.55,1.36,0.28,0.82,0.0,180.34,male
Rick Story,19.0,9.0,175.26,77.11,180.34,Southpaw,39.0,3.8,0.41,2.17,0.62,2.53,0.48,0.63,0.9,180.34,male
Elizabeth Phillips,6.0,6.0,167.64,61.23,165.1,Orthodox,37.0,2.6,0.33,3.07,0.58,0.75,0.25,0.53,0.2,165.1,female
Lorenz Larkin,18.0,6.0,180.34,77.11,182.88,Orthodox,37.0,3.53,0.46,2.74,0.63,0.27,0.42,0.79,0.1,182.88,male
Alberto Uda,12.0,2.0,190.5,83.91,182.88,Orthodox,39.0,1.79,0.52,3.49,0.45,2.83,0.5,0.66,0.0,182.88,male
Horacio Gutierrez,4.0,3.0,177.8,65.77,182.88,Missing,33.0,0.86,0.26,2.91,0.46,0.0,0.0,0.5,0.0,182.88,male
Tatsuya Kawajiri,36.0,11.0,170.18,65.77,175.26,Orthodox,45.0,2.04,0.44,2.01,0.5,3.63,0.48,0.63,1.1,175.26,male
Francisco Rivera,11.0,7.0,172.72,61.23,177.8,Orthodox,42.0,4.07,0.41,3.16,0.68,1.01,0.63,0.68,0.6,177.8,male
Cesar Arzamendia,8.0,3.0,180.34,70.31,182.88,Orthodox,33.0,5.37,0.45,5.2,0.56,7.32,0.75,0.0,2.4,182.88,male
Jim Alers,13.0,3.0,175.26,65.77,180.34,Orthodox,37.0,2.9,0.4,4.38,0.56,2.26,0.41,0.8,0.3,180.34,male
Michael McDonald,17.0,4.0,175.26,61.23,177.8,Orthodox,33.0,2.69,0.42,2.76,0.57,1.09,0.66,0.52,1.4,177.8,male
Josh Samman,13.0,4.0,190.5,83.91,200.66,Orthodox,36.0,2.08,0.52,2.47,0.34,1.09,0.33,0.33,0.4,200.66,male
Cristina Stanciu,5.0,2.0,160.02,52.16,182.88,Orthodox,29.0,2.5,0.5,3.07,0.52,0.85,1.0,0.4,1.7,182.88,female
Cody Pfister,13.0,6.0,177.8,70.31,185.42,Orthodox,33.0,1.41,0.25,2.8,0.51,2.82,0.3,0.0,0.0,185.42,male
Enrique Marin,10.0,4.0,177.8,77.11,182.88,Missing,37.0,1.43,0.33,3.0,0.5,2.5,0.38,0.6,1.0,182.88,male
Thiago Tavares,21.0,7.0,170.18,65.77,177.8,Orthodox,39.0,2.0,0.4,2.31,0.62,3.83,0.42,0.62,1.5,177.8,male
Fernando Bruno,15.0,4.0,167.64,65.77,182.88,Missing,42.0,1.75,0.39,1.78,0.48,2.02,0.22,0.56,0.5,182.88,male
Cory Hendricks,3.0,1.0,190.5,92.99,182.88,Switch,35.0,3.13,0.39,4.07,0.42,0.0,0.0,1.0,0.0,182.88,male
Anton Zafir,7.0,3.0,180.34,77.11,182.88,Orthodox,36.0,2.99,0.64,2.31,0.52,6.11,0.6,0.0,0.0,182.88,male
Mehdi Baghdad,11.0,5.0,185.42,70.31,182.88,Orthodox,38.0,3.13,0.3,4.56,0.46,0.0,0.0,0.33,0.0,182.88,male
Dileno Lopes,19.0,3.0,165.1,61.23,182.88,Missing,39.0,2.37,0.36,3.33,0.53,2.5,0.31,1.0,1.5,182.88,male
Jerrod Sanders,16.0,3.0,172.72,61.23,182.88,Orthodox,44.0,0.88,0.64,1.14,0.46,2.2,0.33,0.5,1.6,182.88,male
Rory MacDonald,19.0,4.0,182.88,77.11,193.04,Orthodox,34.0,3.75,0.42,2.8,0.62,1.77,0.47,0.88,0.4,193.04,male
Steve Bosse,12.0,2.0,180.34,92.99,182.88,Orthodox,42.0,5.99,0.52,5.38,0.5,0.92,0.33,1.0,0.0,182.88,male
Chris Beal,10.0,5.0,170.18,56.7,175.26,Orthodox,38.0,3.45,0.35,3.18,0.61,1.6,0.58,0.78,0.2,175.26,male
Yan Cabral,13.0,3.0,180.34,70.31,185.42,Orthodox,40.0,2.02,0.47,1.98,0.62,2.89,0.35,0.37,1.2,185.42,male
Dominic Waters,9.0,5.0,185.42,77.11,200.66,Orthodox,34.0,0.48,0.23,2.53,0.39,4.07,0.52,0.28,0.0,200.66,male
Willie Gates,12.0,7.0,172.72,56.7,182.88,Orthodox,37.0,1.8,0.38,4.28,0.38,0.0,0.0,0.67,0.4,182.88,male
Chris Kelades,9.0,3.0,170.18,56.7,172.72,Orthodox,43.0,2.4,0.43,2.64,0.48,1.04,0.18,0.53,0.3,172.72,male
Clint Hester,11.0,6.0,187.96,92.99,195.58,Orthodox,37.0,3.36,0.42,3.44,0.56,1.02,0.35,0.6,0.0,195.58,male
Efrain Escudero,28.0,12.0,175.26,70.31,180.34,Orthodox,38.0,2.92,0.44,2.3,0.63,1.31,0.4,0.66,0.8,180.34,male
Michael Graves,6.0,0.0,177.8,77.11,180.34,Orthodox,33.0,1.25,0.54,1.47,0.58,4.8,0.52,0.66,0.4,180.34,male
Gabriel Gonzaga,17.0,11.0,187.96,109.77,193.04,Orthodox,44.0,2.12,0.45,2.94,0.57,2.8,0.39,0.66,1.1,193.04,male
Igor Pokrajac,28.0,13.0,182.88,92.99,187.96,Orthodox,45.0,2.25,0.45,4.26,0.4,0.87,0.29,0.51,0.2,187.96,male
Ian Entwistle,9.0,3.0,165.1,61.23,182.88,Orthodox,37.0,0.11,0.07,7.36,0.31,0.0,0.0,0.0,12.1,182.88,male
Filip Pejic,12.0,2.0,172.72,61.23,182.88,Orthodox,31.0,0.0,0.0,0.88,0.33,0.0,0.0,0.0,0.0,182.88,male
Robert Whiteford,14.0,4.0,175.26,65.77,175.26,Southpaw,40.0,2.33,0.46,1.99,0.62,1.9,0.3,0.45,0.0,175.26,male
Lucas Martins,19.0,3.0,182.88,65.77,182.88,Southpaw,35.0,2.87,0.35,4.14,0.6,0.0,0.0,0.76,0.5,182.88,male
Frank Mir,18.0,11.0,190.5,119.75,200.66,Southpaw,44.0,2.18,0.47,3.84,0.38,2.02,0.4,0.54,2.0,200.66,male
James Te Huna,16.0,9.0,187.96,83.91,190.5,Orthodox,42.0,4.04,0.51,2.99,0.62,2.75,0.37,0.58,0.2,190.5,male
Mark Eddiva,6.0,3.0,172.72,65.77,172.72,Orthodox,38.0,3.37,0.45,2.98,0.54,1.45,0.22,0.63,0.0,172.72,male
Rin Nakai,19.0,2.0,154.94,61.23,182.88,Orthodox,37.0,1.57,0.33,3.9,0.6,3.0,0.18,0.75,0.5,182.88,andy
Viscardi Andrade,19.0,6.0,180.34,77.11,190.5,Orthodox,40.0,3.26,0.42,2.77,0.63,1.93,0.5,0.66,0.3,190.5,male
Tom Lawlor,10.0,6.0,182.88,92.99,187.96,Southpaw,40.0,2.5,0.42,2.41,0.6,2.46,0.32,0.57,1.4,187.96,male
Marcelo Guimaraes,9.0,2.0,182.88,83.91,185.42,Orthodox,40.0,4.67,0.51,4.41,0.62,1.99,0.13,0.0,0.0,185.42,male
Justin Salas,12.0,7.0,172.72,70.31,177.8,Southpaw,42.0,3.42,0.43,2.96,0.68,2.43,0.2,0.0,0.0,177.8,male
Mike Wilkinson,9.0,4.0,170.18,65.77,167.64,Orthodox,36.0,2.35,0.38,3.7,0.35,0.92,0.14,0.55,0.9,167.64,male
Chris Dempsey,11.0,5.0,177.8,83.91,182.88,Orthodox,36.0,2.25,0.32,2.82,0.65,2.64,0.23,0.16,0.0,182.88,male
Yaotzin Meza,21.0,11.0,175.26,65.77,180.34,Orthodox,43.0,1.43,0.41,1.62,0.64,1.06,0.2,0.18,1.4,180.34,male
Norman Parke,23.0,6.0,180.34,70.31,177.8,Southpaw,37.0,3.06,0.35,2.88,0.64,1.98,0.26,0.77,0.0,177.8,male
Martin Svensson,15.0,6.0,185.42,70.31,182.88,Missing,38.0,2.02,0.38,5.91,0.38,0.0,0.0,0.0,0.0,182.88,male
Joe Riggs,44.0,17.0,182.88,83.91,177.8,Southpaw,41.0,2.41,0.51,1.69,0.57,2.45,0.55,0.62,0.6,177.8,male
Daniel Sarafian,10.0,6.0,175.26,83.91,185.42,Orthodox,41.0,2.23,0.46,3.1,0.58,0.36,0.07,0.53,0.7,185.42,male
Jonavin Webb,9.0,2.0,177.8,77.11,182.88,Orthodox,34.0,1.47,0.3,2.27,0.64,2.5,0.31,0.4,1.0,182.88,male
Jared Rosholt,14.0,4.0,187.96,120.2,190.5,Orthodox,37.0,2.08,0.46,1.52,0.59,1.83,0.41,0.66,0.1,190.5,male
Rafael Cavalcante,12.0,7.0,185.42,92.99,187.96,Orthodox,43.0,2.71,0.53,3.62,0.49,0.6,0.4,0.63,0.1,187.96,male
KJ Noons,13.0,9.0,177.8,70.31,177.8,Orthodox,41.0,3.68,0.35,3.78,0.65,0.08,0.2,0.68,0.0,177.8,male
Noad Lahat,11.0,2.0,175.26,65.77,175.26,Orthodox,39.0,2.79,0.46,1.47,0.63,2.37,0.26,0.16,2.4,175.26,male
Masio Fullen,11.0,7.0,177.8,65.77,177.8,Orthodox,37.0,2.46,0.32,3.5,0.54,0.47,0.33,0.69,0.0,177.8,male
Matt Dwyer,9.0,4.0,193.04,77.11,193.04,Orthodox,34.0,2.57,0.34,3.24,0.54,0.44,0.1,0.6,0.0,193.04,male
Felipe Olivieri,14.0,5.0,175.26,70.31,182.88,Orthodox,38.0,6.68,0.58,4.6,0.57,0.0,0.0,0.71,0.0,182.88,male
Matt Mitrione,12.0,5.0,190.5,120.2,208.28,Switch,45.0,3.55,0.5,2.79,0.64,0.0,0.0,0.55,0.7,208.28,male
Daron Cruickshank,18.0,10.0,172.72,70.31,182.88,Switch,38.0,2.88,0.38,2.98,0.57,2.04,0.41,0.6,0.2,182.88,male
Diego Brandao,22.0,11.0,170.18,65.77,162.56,Orthodox,36.0,2.94,0.47,3.38,0.62,3.21,0.68,0.8,0.6,162.56,male
Tony Sims,12.0,4.0,180.34,70.31,177.8,Southpaw,38.0,1.81,0.63,0.76,0.65,0.71,0.5,0.5,0.7,177.8,male
Masanori Kanehara,26.0,12.0,170.18,61.23,170.18,Orthodox,41.0,1.88,0.49,1.63,0.62,1.44,0.5,0.63,0.9,170.18,male
Sheldon Westcott,10.0,3.0,185.42,77.11,180.34,Southpaw,39.0,2.26,0.4,3.73,0.37,3.23,0.37,0.14,0.0,180.34,male
Edgar Garcia,14.0,5.0,177.8,77.11,180.34,Orthodox,40.0,3.16,0.29,4.23,0.6,2.21,0.57,0.5,0.6,180.34,male
Sarah Kaufman,18.0,4.0,165.1,61.23,167.64,Orthodox,38.0,6.65,0.46,4.0,0.62,0.38,0.57,0.81,0.0,167.64,female
Danny Castillo,17.0,10.0,175.26,70.31,180.34,Orthodox,44.0,2.57,0.42,1.96,0.62,2.95,0.38,0.63,0.2,180.34,male
Hayder Hassan,6.0,3.0,177.8,77.11,182.88,Missing,41.0,2.11,0.46,3.16,0.48,0.0,0.0,0.25,0.0,182.88,male
Marcio Alexandre Junior,17.0,4.0,182.88,83.91,190.5,Southpaw,34.0,1.61,0.45,2.89,0.42,0.35,0.2,0.66,0.7,190.5,male
Marcin Wrzosek,12.0,4.0,175.26,70.31,182.88,Missing,36.0,3.47,0.43,4.07,0.43,3.0,0.25,0.33,0.0,182.88,male
Konstantin Erokhin,9.0,3.0,180.34,104.33,182.88,Orthodox,41.0,1.07,0.36,1.83,0.47,0.0,0.0,0.7,0.0,182.88,male
Mike Pierce,17.0,7.0,172.72,77.11,180.34,Orthodox,43.0,2.62,0.42,2.36,0.62,3.08,0.42,0.71,0.2,180.34,male
Abner Lloveras,20.0,9.0,180.34,70.31,182.88,Missing,41.0,6.27,0.49,6.87,0.43,2.0,0.2,0.0,0.0,182.88,male
John Howard,24.0,13.0,170.18,77.11,182.88,Orthodox,41.0,2.15,0.5,3.08,0.51,2.7,0.49,0.53,0.4,182.88,male
Andreas Stahl,10.0,4.0,180.34,77.11,182.88,Orthodox,35.0,2.83,0.37,4.74,0.57,1.55,0.66,0.8,0.0,182.88,male
Emily Kagan,3.0,3.0,160.02,52.16,182.88,Missing,42.0,2.6,0.36,5.29,0.38,1.86,0.14,0.5,0.0,182.88,female
Benson Henderson,24.0,7.0,175.26,77.11,177.8,Southpaw,40.0,2.93,0.45,1.79,0.63,2.4,0.45,0.63,0.8,177.8,male
Yoshihiro Akiyama,14.0,6.0,177.8,77.11,190.5,Orthodox,48.0,3.1,0.41,3.62,0.57,2.29,0.67,0.92,1.0,190.5,male
Dongi Yang,13.0,3.0,177.8,83.91,185.42,Southpaw,39.0,3.55,0.51,3.21,0.63,1.7,0.41,0.61,0.5,185.42,male
Yui Chul Nam,18.0,8.0,175.26,65.77,182.88,Orthodox,42.0,3.53,0.51,2.0,0.48,1.33,0.16,0.57,0.3,182.88,female
Leo Kuntz,18.0,4.0,177.8,70.31,182.88,Orthodox,40.0,1.68,0.32,3.8,0.45,1.99,0.25,0.33,0.7,182.88,male
Scott Jorgensen,15.0,12.0,165.1,61.23,167.64,Orthodox,41.0,3.37,0.4,3.41,0.65,2.61,0.45,0.59,0.7,167.64,male
Vernon Ramos Ho,3.0,1.0,167.64,77.11,182.88,Orthodox,31.0,4.0,0.25,8.0,0.55,0.0,0.0,0.0,0.0,182.88,male
Valmir Lazaro,15.0,5.0,182.88,70.31,185.42,Orthodox,38.0,4.87,0.37,4.09,0.61,1.33,0.4,0.96,0.0,185.42,male
Akbarh Arreola,23.0,11.0,177.8,70.31,180.34,Southpaw,41.0,2.32,0.45,4.01,0.56,1.07,1.0,0.33,0.4,180.34,male
Anthony Perosh,15.0,10.0,190.5,92.99,190.5,Orthodox,51.0,2.27,0.43,3.77,0.53,2.03,0.22,0.33,1.1,190.5,male
Richie Vaculik,10.0,4.0,167.64,56.7,175.26,Orthodox,40.0,3.69,0.46,4.09,0.57,3.0,0.45,0.31,1.0,175.26,male
Danny Martinez,21.0,8.0,167.64,56.7,170.18,Orthodox,38.0,2.73,0.28,3.77,0.63,3.0,0.45,0.36,0.0,170.18,male
Steve Montgomery,9.0,5.0,193.04,83.91,182.88,Southpaw,33.0,4.85,0.39,4.12,0.47,0.0,0.0,0.64,0.0,182.88,male
Steve Kennedy,24.0,8.0,180.34,77.11,182.88,Orthodox,41.0,2.28,0.35,5.52,0.45,2.51,0.33,0.0,0.0,182.88,male
Piotr Hallmann,18.0,6.0,175.26,70.31,180.34,Orthodox,36.0,3.98,0.45,3.17,0.58,2.55,0.44,0.7,0.4,180.34,male
Fabio Maldonado,23.0,11.0,185.42,92.99,190.5,Orthodox,44.0,5.29,0.58,4.31,0.53,0.44,0.57,0.61,0.6,190.5,male
Edimilson Souza,15.0,5.0,182.88,65.77,187.96,Orthodox,39.0,4.65,0.44,2.91,0.58,0.0,0.0,0.5,0.0,187.96,male
Gasan Umalatov,17.0,4.0,180.34,77.11,180.34,Orthodox,41.0,2.23,0.39,4.1,0.59,0.75,0.17,0.9,0.0,180.34,male
Bruno Korea,7.0,3.0,167.64,61.23,165.1,Missing,32.0,2.12,0.34,3.96,0.42,0.0,0.0,0.25,0.0,165.1,male
Paddy Holohan,12.0,2.0,177.8,56.7,175.26,Orthodox,35.0,2.13,0.46,2.81,0.46,2.88,0.47,0.71,1.3,175.26,male
Jon Delos Reyes,8.0,5.0,167.64,56.7,170.18,Orthodox,36.0,2.99,0.38,4.14,0.51,3.2,0.83,0.55,1.9,170.18,male
Mickael Lebout,16.0,7.0,180.34,70.31,185.42,Orthodox,36.0,2.6,0.34,2.98,0.54,0.0,0.0,0.6,0.0,185.42,male
Aisling Daly,16.0,6.0,157.48,52.16,162.56,Orthodox,36.0,2.92,0.52,1.4,0.55,2.15,0.41,0.33,0.9,162.56,female
Ericka Almeida,7.0,3.0,167.64,52.16,182.88,Orthodox,35.0,1.07,0.39,3.33,0.43,0.5,0.33,0.37,0.0,182.88,female
Cathal Pendred,17.0,4.0,185.42,77.11,190.5,Orthodox,36.0,2.49,0.44,3.01,0.55,2.46,0.23,0.83,0.4,190.5,male
Bubba Bush,8.0,3.0,182.88,83.91,182.88,Orthodox,38.0,0.63,0.55,7.01,0.25,2.82,0.5,0.6,0.0,182.88,male
Shawn Jordan,19.0,8.0,182.88,117.93,190.5,Southpaw,39.0,2.87,0.5,3.3,0.47,1.97,0.38,0.76,0.1,190.5,male
Ruslan Magomedov,14.0,1.0,190.5,109.77,198.12,Orthodox,37.0,4.02,0.47,1.47,0.66,0.33,1.0,0.88,0.0,198.12,male
Francisco Trevino,13.0,3.0,175.26,70.31,177.8,Orthodox,42.0,2.65,0.42,2.42,0.64,0.97,0.22,0.41,0.0,177.8,male
Chris Cariaso,17.0,8.0,160.02,56.7,162.56,Southpaw,42.0,3.35,0.43,2.23,0.61,1.11,0.39,0.57,0.8,162.56,male
Chico Camus,17.0,7.0,167.64,56.7,167.64,Orthodox,39.0,2.58,0.41,2.46,0.64,0.77,0.4,0.72,0.4,167.64,male
George Roop,15.0,13.0,185.42,61.23,182.88,Orthodox,42.0,3.43,0.34,2.47,0.6,1.05,0.57,0.59,0.1,182.88,male
Katsunori Kikuno,24.0,8.0,172.72,65.77,167.64,Orthodox,42.0,2.64,0.4,2.47,0.61,1.88,0.75,0.76,0.8,167.64,male
Naoyuki Kotani,34.0,14.0,172.72,70.31,167.64,Southpaw,42.0,1.02,0.31,2.89,0.5,0.83,0.16,0.46,0.8,167.64,male
Roger Zapata,4.0,2.0,180.34,77.11,182.88,Southpaw,37.0,2.6,0.51,2.13,0.36,0.0,0.0,0.81,1.4,182.88,male
Clay Collard,14.0,7.0,180.34,65.77,185.42,Orthodox,31.0,4.22,0.32,5.0,0.5,2.81,0.39,0.71,0.5,185.42,male
Ron Stallings,14.0,8.0,187.96,77.11,190.5,Southpaw,41.0,3.22,0.6,3.26,0.51,0.0,0.0,0.71,0.0,190.5,male
Nazareno Malegarie,28.0,4.0,172.72,70.31,182.88,Missing,37.0,3.87,0.34,3.27,0.69,1.0,0.33,0.0,0.0,182.88,male
Sam Stout,20.0,12.0,175.26,70.31,177.8,Orthodox,39.0,4.17,0.28,4.08,0.57,0.63,0.38,0.77,0.1,177.8,male
Yves Jabouin,20.0,11.0,170.18,61.23,172.72,Orthodox,44.0,3.06,0.41,2.93,0.62,1.94,0.6,0.82,0.1,172.72,male
Elias Silverio,13.0,3.0,180.34,70.31,185.42,Orthodox,37.0,3.67,0.49,2.97,0.51,1.62,0.38,0.85,0.2,185.42,male
Tom Watson,17.0,9.0,185.42,83.91,185.42,Orthodox,41.0,4.01,0.44,4.41,0.5,0.15,0.07,0.43,0.0,185.42,male
Sirwan Kakai,12.0,5.0,165.1,61.23,182.88,Orthodox,34.0,3.57,0.41,4.63,0.62,4.0,0.42,0.83,0.0,182.88,male
Roman Salazar,10.0,6.0,170.18,61.23,182.88,Orthodox,36.0,1.95,0.39,2.89,0.57,1.77,0.18,0.5,0.0,182.88,male
Anthony Christodoulou,12.0,7.0,175.26,70.31,182.88,Orthodox,36.0,2.19,0.26,5.9,0.45,0.0,0.0,0.4,0.0,182.88,male
Antonio Rodrigo Nogueira,34.0,10.0,190.5,108.86,195.58,Orthodox,47.0,1.95,0.42,2.4,0.55,1.3,0.29,0.36,2.4,195.58,male
Soa Palelei,22.0,5.0,193.04,120.2,205.74,Orthodox,46.0,2.47,0.57,2.68,0.48,2.2,0.47,0.66,0.0,205.74,male
Hugo Viana,8.0,4.0,167.64,61.23,170.18,Orthodox,41.0,3.05,0.38,3.2,0.57,0.22,0.06,0.5,0.0,170.18,male
Ramsey Nijem,9.0,6.0,180.34,70.31,190.5,Orthodox,35.0,3.05,0.44,1.62,0.62,5.32,0.62,0.55,1.1,190.5,male
Jessamyn Duke,3.0,5.0,180.34,61.23,185.42,Orthodox,37.0,4.83,0.53,4.43,0.57,1.27,0.36,0.5,1.9,185.42,female
Ivan Jorge,27.0,7.0,175.26,70.31,185.42,Orthodox,43.0,3.41,0.49,2.91,0.59,1.56,0.16,0.75,0.6,185.42,male
Pawel Pawlak,12.0,3.0,182.88,77.11,185.42,Orthodox,35.0,1.67,0.33,2.22,0.53,1.0,0.37,0.7,0.0,185.42,male
Leonardo Mafra,13.0,4.0,177.8,70.31,177.8,Orthodox,34.0,4.55,0.48,4.38,0.43,2.12,0.83,0.69,0.4,177.8,male
Vaughan Lee,14.0,13.0,167.64,56.7,167.64,Orthodox,41.0,3.47,0.47,2.07,0.7,0.81,0.33,0.72,1.0,167.64,male
Hans Stringer,22.0,8.0,190.5,92.99,182.88,Orthodox,36.0,3.16,0.61,2.84,0.41,2.4,0.36,0.62,0.0,182.88,male
Paul Redmond,12.0,7.0,177.8,65.77,182.88,Orthodox,37.0,0.72,0.34,2.99,0.41,0.0,0.0,0.5,0.0,182.88,male
Marcus Brimage,7.0,7.0,162.56,61.23,180.34,Southpaw,38.0,3.97,0.35,3.64,0.56,0.56,1.0,0.8,0.0,180.34,male
Todd Duffee,9.0,3.0,190.5,117.93,198.12,Orthodox,38.0,5.93,0.37,2.87,0.56,0.72,0.25,0.9,0.0,198.12,male
Josh Thomson,22.0,9.0,177.8,70.31,180.34,Orthodox,45.0,2.59,0.47,2.12,0.64,1.92,0.39,0.54,1.3,180.34,male
Igor Araujo,25.0,9.0,185.42,77.11,195.58,Orthodox,43.0,1.52,0.42,2.86,0.49,0.86,0.15,0.22,0.6,195.58,male
Ildemar Alcantara,21.0,11.0,187.96,83.91,198.12,Orthodox,41.0,1.93,0.38,2.63,0.5,2.0,0.68,0.81,0.9,198.12,male
Andrew Craig,9.0,4.0,185.42,77.11,193.04,Orthodox,38.0,2.39,0.4,3.01,0.5,0.53,0.37,0.72,0.0,193.04,male
Dan Miller,14.0,8.0,185.42,83.91,187.96,Orthodox,42.0,2.03,0.36,3.06,0.49,1.67,0.54,0.47,1.8,187.96,male
Darrell Montague,13.0,5.0,167.64,56.7,170.18,Southpaw,36.0,1.92,0.25,5.38,0.52,0.72,0.25,0.33,1.4,170.18,male
Mike Swick,15.0,6.0,185.42,77.11,195.58,Orthodox,44.0,2.36,0.37,2.29,0.54,1.06,0.5,0.61,0.6,195.58,male
Yosdenis Cedeno,10.0,6.0,172.72,70.31,175.26,Orthodox,39.0,1.64,0.29,1.6,0.67,0.0,0.0,0.31,0.3,175.26,male
Eddie Gordon,8.0,4.0,182.88,83.91,193.04,Orthodox,40.0,2.03,0.32,2.57,0.6,1.93,0.83,0.63,0.0,193.04,male
Levan Makashvili,15.0,2.0,172.72,65.77,172.72,Orthodox,35.0,2.87,0.54,2.07,0.61,3.67,0.42,0.85,0.0,172.72,male
Joe Merritt,7.0,2.0,182.88,77.11,182.88,Orthodox,40.0,1.53,0.58,0.73,0.66,0.0,0.0,0.68,0.0,182.88,male
Lewis Gonzalez,11.0,3.0,177.8,77.11,182.88,Orthodox,36.0,1.4,0.37,1.87,0.41,2.0,0.33,0.62,0.0,182.88,male
Alan Omer,20.0,5.0,177.8,65.77,182.88,Orthodox,35.0,3.49,0.55,2.21,0.64,1.69,0.42,0.66,0.0,182.88,male
Niklas Backstrom,11.0,3.0,185.42,65.77,182.88,Orthodox,34.0,1.12,0.41,3.65,0.4,2.92,0.8,0.72,2.2,182.88,male
Antonio Dos Santos,6.0,4.0,177.8,83.91,182.88,Orthodox,35.0,5.4,0.51,3.94,0.43,0.0,0.0,1.0,0.0,182.88,male
Brian Ebersole,51.0,18.0,182.88,77.11,185.42,Southpaw,43.0,2.32,0.49,2.14,0.56,1.7,0.23,0.61,0.1,185.42,male
Justin Edwards,9.0,5.0,177.8,70.31,177.8,Orthodox,41.0,2.68,0.42,3.32,0.51,2.14,0.26,0.27,1.0,177.8,male
Ricardo Abreu,5.0,1.0,180.34,83.91,182.88,Orthodox,39.0,3.79,0.31,3.98,0.68,2.13,0.42,1.0,0.7,182.88,male
Leonardo Morales,6.0,2.0,172.72,61.23,182.88,Southpaw,31.0,2.05,0.47,2.05,0.58,0.0,0.0,0.62,0.0,182.88,male
Ryan Jimmo,19.0,5.0,185.42,92.99,185.42,Orthodox,42.0,3.12,0.66,2.77,0.46,0.45,0.28,0.87,0.0,185.42,male
Wendell Oliveira Marques,29.0,10.0,177.8,77.11,182.88,Orthodox,40.0,3.77,0.47,4.4,0.47,0.0,0.0,1.0,0.0,182.88,male
Luiz Dutra,13.0,6.0,180.34,77.11,182.88,Orthodox,41.0,3.92,0.5,4.8,0.41,0.0,0.0,1.0,0.0,182.88,male
Josh Sampo,11.0,5.0,162.56,56.7,162.56,Orthodox,39.0,1.99,0.36,2.96,0.55,1.06,0.33,0.4,2.1,162.56,male
Constantinos Philippou,13.0,5.0,180.34,83.91,185.42,Orthodox,44.0,2.19,0.35,2.73,0.54,0.4,0.42,0.65,0.3,185.42,male
Mark Munoz,14.0,6.0,182.88,83.91,180.34,Orthodox,46.0,3.12,0.51,2.26,0.57,3.17,0.29,0.57,0.6,180.34,male
Luke Barnatt,13.0,4.0,198.12,83.91,195.58,Orthodox,35.0,4.43,0.36,3.87,0.59,0.63,0.42,0.63,0.4,195.58,male
Zhang Lipeng,23.0,9.0,180.34,70.31,180.34,Southpaw,34.0,1.28,0.48,1.88,0.53,1.75,0.3,0.69,0.8,180.34,andy
Royston Wee,4.0,1.0,170.18,61.23,170.18,Orthodox,37.0,1.1,0.6,2.45,0.49,3.38,0.81,0.0,0.0,170.18,male
Roldan Sangcha'an,4.0,2.0,162.56,56.7,182.88,Orthodox,33.0,2.71,0.46,2.15,0.51,1.94,0.6,0.68,0.0,182.88,male
Nolan Ticman,4.0,3.0,167.64,56.7,182.88,Orthodox,35.0,2.57,0.47,2.53,0.67,0.0,0.0,0.6,0.0,182.88,male
Hatsu Hioki,29.0,10.0,180.34,65.77,185.42,Orthodox,40.0,2.42,0.42,2.12,0.65,2.55,0.56,0.54,0.6,185.42,female
Lisa Ellis,15.0,11.0,162.56,52.16,182.88,Missing,41.0,1.68,0.48,2.32,0.57,4.19,0.63,0.5,0.6,182.88,female
Dylan Andrews,18.0,7.0,185.42,83.91,187.96,Switch,44.0,2.21,0.5,2.72,0.46,2.83,0.5,0.57,0.4,187.96,male
Vik Grujic,6.0,6.0,180.34,77.11,185.42,Orthodox,47.0,2.24,0.48,3.39,0.41,1.18,0.33,0.26,0.4,185.42,male
Alptekin Ozkilic,9.0,5.0,165.1,56.7,165.1,Orthodox,38.0,3.81,0.32,5.72,0.59,4.21,0.58,0.75,0.0,165.1,male
Quinton Jackson,37.0,12.0,185.42,92.99,185.42,Orthodox,45.0,3.25,0.54,2.51,0.55,1.52,0.56,0.73,0.1,185.42,male
David Michaud,11.0,3.0,175.26,70.31,182.88,Orthodox,35.0,3.25,0.43,4.45,0.54,2.53,0.58,0.77,0.7,182.88,male
Chris Clements,12.0,6.0,177.8,77.11,177.8,Orthodox,48.0,3.2,0.49,2.37,0.44,0.0,0.0,0.32,0.3,177.8,male
Jessica Rakoczy,1.0,5.0,170.18,52.16,182.88,Orthodox,46.0,2.5,0.44,3.55,0.64,0.75,0.2,0.0,0.8,182.88,female
Jimy Hettes,11.0,3.0,175.26,65.77,180.34,Southpaw,36.0,3.47,0.57,3.5,0.57,5.2,0.44,0.61,1.4,180.34,male
Mirko Filipovic,35.0,11.0,187.96,104.33,185.42,Southpaw,49.0,2.11,0.5,1.89,0.63,0.19,0.4,0.78,0.3,185.42,male
Seth Baczynski,20.0,14.0,190.5,77.11,190.5,Orthodox,42.0,3.08,0.31,3.14,0.51,0.89,0.16,0.48,0.8,190.5,male
Izabela Badurek,6.0,3.0,165.1,52.16,182.88,Orthodox,32.0,3.74,0.71,4.9,0.32,1.75,0.12,1.0,0.0,182.88,female
Marcin Bandel,15.0,7.0,177.8,70.31,182.88,Orthodox,34.0,0.79,0.5,5.26,0.23,0.0,0.0,0.0,0.0,182.88,male
Rocky Lee,3.0,2.0,175.26,65.77,182.88,Orthodox,36.0,2.47,0.51,5.33,0.44,1.0,0.1,0.33,0.0,182.88,male
Robert Peralta,18.0,8.0,172.72,65.77,180.34,Orthodox,38.0,3.76,0.44,2.97,0.53,0.59,0.66,0.65,0.0,180.34,male
Justin Jones,9.0,2.0,180.34,83.91,182.88,Orthodox,36.0,1.7,0.36,3.17,0.45,1.0,0.15,0.46,0.5,182.88,male
Josh Koscheck,17.0,11.0,177.8,77.11,185.42,Orthodox,46.0,1.79,0.36,2.27,0.63,2.46,0.48,0.64,0.4,185.42,male
Shayna Baszler,15.0,11.0,170.18,61.23,182.88,Orthodox,43.0,2.49,0.3,6.36,0.51,0.67,0.18,0.44,1.3,182.88,female
Cain Carrizosa,10.0,3.0,172.72,70.31,182.88,Orthodox,37.0,2.72,0.42,5.8,0.51,0.0,0.0,0.14,0.0,182.88,male
Jorge de Oliveira,9.0,2.0,172.72,70.31,182.88,Orthodox,44.0,1.26,0.31,4.84,0.48,0.0,0.0,0.22,0.0,182.88,male
Bentley Syler,5.0,1.0,162.56,56.7,182.88,Orthodox,41.0,1.3,0.18,1.73,0.79,0.0,0.0,0.75,0.0,182.88,male
Roger Narvaez,8.0,3.0,190.5,83.91,182.88,Southpaw,40.0,2.12,0.37,3.32,0.64,0.0,0.0,0.5,0.9,182.88,male
Josh Copeland,12.0,4.0,185.42,120.2,182.88,Orthodox,41.0,1.03,0.31,3.01,0.55,0.0,0.0,0.57,0.0,182.88,male
Jake Lindsey,12.0,7.0,180.34,70.31,182.88,Switch,37.0,3.44,0.52,4.01,0.46,0.65,0.33,0.5,0.0,182.88,male
Larissa Pacheco,10.0,2.0,170.18,61.23,182.88,Orthodox,29.0,1.21,0.19,4.14,0.55,0.0,0.0,0.0,0.0,182.88,female
Ruan Potts,11.0,6.0,187.96,112.04,190.5,Orthodox,46.0,0.85,0.37,5.92,0.22,0.75,0.16,0.33,2.3,190.5,male
Alex Torres,5.0,4.0,177.8,65.77,182.88,Orthodox,35.0,2.47,0.37,2.73,0.69,2.0,0.22,0.5,0.0,182.88,male
William Macario,9.0,3.0,180.34,77.11,190.5,Orthodox,32.0,4.92,0.54,3.96,0.65,1.85,0.45,0.78,0.0,190.5,male
Josh Shockley,11.0,4.0,185.42,70.31,182.88,Orthodox,34.0,1.4,0.33,1.75,0.6,0.0,0.0,0.61,0.8,182.88,male
Patrick Walsh,10.0,3.0,180.34,83.91,182.88,Missing,35.0,2.03,0.19,2.83,0.64,3.0,0.54,1.0,1.5,182.88,male
Rodrigo de Lima,8.0,3.0,170.18,70.31,182.88,Orthodox,33.0,1.29,0.33,5.5,0.32,2.66,0.36,0.0,1.3,182.88,male
Ian McCall,13.0,5.0,165.1,56.7,162.56,Orthodox,39.0,3.59,0.39,3.25,0.67,2.08,0.3,0.88,0.0,162.56,male
Richardson Moreira,7.0,4.0,187.96,83.91,182.88,Orthodox,39.0,1.17,0.28,1.83,0.67,0.0,0.0,1.0,0.0,182.88,male
Andy Enz,10.0,4.0,190.5,83.91,198.12,Orthodox,32.0,3.51,0.23,5.32,0.57,0.0,0.0,0.58,0.0,198.12,male
Phil Davis,17.0,4.0,187.96,92.99,200.66,Orthodox,39.0,2.85,0.34,1.33,0.72,2.99,0.38,0.72,0.6,200.66,male
Akira Corassani,12.0,6.0,172.72,65.77,172.72,Orthodox,41.0,3.25,0.45,4.91,0.5,0.7,0.28,0.86,0.0,172.72,male
Andy Ogle,9.0,6.0,172.72,65.77,175.26,Orthodox,35.0,2.24,0.44,2.23,0.5,1.44,0.26,0.58,0.0,175.26,male
Stanislav Nedkov,12.0,2.0,180.34,92.99,180.34,Orthodox,42.0,3.33,0.43,5.39,0.43,2.77,0.41,0.0,0.0,180.34,male
Shane Howell,13.0,10.0,172.72,56.7,182.88,Orthodox,40.0,1.27,0.32,2.55,0.42,0.0,0.0,0.2,0.0,182.88,male
Matt Van Buren,7.0,6.0,195.58,92.99,182.88,Missing,37.0,7.73,0.45,6.82,0.49,0.0,0.0,0.5,0.0,182.88,male
Tateki Matsuda,13.0,8.0,170.18,56.7,182.88,Orthodox,38.0,3.2,0.34,3.43,0.69,0.0,0.0,0.16,0.0,182.88,male
Louis Gaudinot,8.0,4.0,160.02,56.7,160.02,Orthodox,39.0,2.34,0.37,6.42,0.48,0.57,0.4,0.31,1.1,160.02,male
Rodrigo Damm,13.0,9.0,170.18,70.31,180.34,Orthodox,44.0,3.5,0.36,5.61,0.57,0.44,0.16,0.8,0.3,180.34,male
Mats Nilsson,11.0,4.0,185.42,77.11,182.88,Orthodox,40.0,2.99,0.39,5.62,0.63,3.87,0.83,0.44,2.3,182.88,male
Alexis Dufresne,6.0,3.0,175.26,61.23,182.88,Orthodox,33.0,1.33,0.27,3.33,0.6,1.5,0.5,0.5,0.0,182.88,male
Mike Rhodes,10.0,5.0,185.42,77.11,187.96,Orthodox,34.0,3.2,0.39,4.13,0.64,0.96,0.33,0.75,0.5,187.96,male
Tom Niinimaki,22.0,8.0,175.26,65.77,175.26,Orthodox,41.0,1.91,0.54,2.31,0.58,2.97,0.46,0.33,0.5,175.26,male
Jamie Varner,21.0,11.0,172.72,70.31,180.34,Orthodox,39.0,2.92,0.34,2.55,0.58,3.49,0.53,0.66,0.8,180.34,female
Joe Ellenberger,15.0,2.0,175.26,70.31,182.88,Orthodox,39.0,1.62,0.47,3.45,0.48,3.17,0.4,0.0,1.1,182.88,male
Garett Whiteley,7.0,3.0,182.88,70.31,182.88,Orthodox,43.0,3.72,0.48,4.04,0.46,0.0,0.0,0.27,0.9,182.88,male
Dustin Kimura,11.0,3.0,170.18,61.23,180.34,Orthodox,34.0,1.33,0.21,3.82,0.51,0.93,0.37,0.5,2.2,180.34,male
Brendan Schaub,10.0,5.0,193.04,111.13,198.12,Orthodox,41.0,2.92,0.37,2.22,0.57,2.32,0.46,0.72,0.4,198.12,male
Matt Hobar,9.0,3.0,177.8,61.23,177.8,Southpaw,37.0,3.23,0.42,4.27,0.52,3.66,0.44,0.5,0.0,177.8,male
Isaac Vallie-Flagg,16.0,7.0,172.72,70.31,177.8,Orthodox,45.0,5.56,0.47,5.6,0.45,0.2,0.12,0.58,0.0,177.8,male
Yves Edwards,42.0,22.0,175.26,70.31,185.42,Southpaw,47.0,2.91,0.42,2.34,0.66,0.76,0.53,0.69,0.7,185.42,male
Juan Manuel Puig,11.0,4.0,175.26,65.77,182.88,Orthodox,34.0,4.91,0.23,7.17,0.51,0.0,0.0,0.0,0.0,182.88,male
Chris Heatherly,9.0,4.0,175.26,70.31,182.88,Orthodox,36.0,1.08,0.45,2.67,0.52,3.39,0.5,1.0,0.7,182.88,male
Humberto Brown Morrison,4.0,6.0,177.8,65.77,182.88,Missing,39.0,1.71,0.5,2.19,0.62,1.43,0.25,0.0,0.0,182.88,male
Rodolfo Rubio Perez,10.0,16.0,165.1,65.77,182.88,Orthodox,37.0,1.13,0.36,1.0,0.62,2.0,0.33,0.33,0.0,182.88,male
Charlie Brenneman,19.0,8.0,177.8,70.31,177.8,Orthodox,43.0,1.52,0.56,1.55,0.46,4.23,0.42,0.72,0.0,177.8,male
Tim Gorman,9.0,4.0,165.1,61.23,182.88,Southpaw,40.0,2.73,0.31,5.57,0.46,1.0,0.09,0.33,0.0,182.88,male
Wagner Silva,6.0,3.0,182.88,77.11,182.88,Orthodox,37.0,1.69,0.29,2.87,0.65,0.0,0.0,0.58,0.0,182.88,male
Vagner Rocha,14.0,4.0,177.8,70.31,185.42,Orthodox,41.0,2.64,0.42,4.5,0.48,1.4,0.33,0.5,1.9,185.42,male
Guto Inocente,7.0,4.0,190.5,92.99,182.88,Orthodox,37.0,4.13,0.66,2.92,0.54,0.67,0.33,0.66,0.7,182.88,male
Luke Zachrich,14.0,4.0,187.96,83.91,187.96,Orthodox,42.0,4.56,0.32,4.46,0.62,0.74,0.33,0.8,0.0,187.96,male
Jumabieke Tuerxun,19.0,4.0,170.18,61.23,182.88,Orthodox,37.0,1.6,0.28,3.08,0.59,0.47,0.11,0.66,0.9,182.88,male
Fabricio Camoes,14.0,9.0,177.8,70.31,180.34,Orthodox,45.0,1.29,0.33,1.85,0.61,2.34,0.32,0.2,1.5,180.34,male
Bruno Santos,15.0,2.0,175.26,83.91,182.88,Orthodox,36.0,1.18,0.46,2.27,0.56,3.0,0.37,0.66,0.3,182.88,male
Anthony Njokuani,16.0,12.0,185.42,70.31,190.5,Orthodox,44.0,3.94,0.46,2.41,0.65,0.5,0.45,0.53,0.2,190.5,male
Tor Troeng,16.0,7.0,187.96,83.91,182.88,Orthodox,41.0,1.16,0.46,3.26,0.32,0.62,0.07,0.66,0.3,182.88,male
Ernest Chavez,10.0,2.0,172.72,65.77,177.8,Orthodox,40.0,2.79,0.4,3.89,0.59,0.89,0.33,0.5,0.0,177.8,male
Amir Sadollah,6.0,5.0,177.8,77.11,190.5,Orthodox,43.0,4.71,0.46,3.55,0.6,0.57,0.27,0.6,0.3,190.5,male
Takenori Sato,19.0,11.0,177.8,77.11,182.88,Southpaw,38.0,0.46,0.33,12.92,0.09,0.0,0.0,0.0,0.0,182.88,male
Kazuki Tokudome,18.0,7.0,180.34,70.31,185.42,Southpaw,37.0,2.26,0.41,3.63,0.53,2.0,0.38,0.78,0.0,185.42,male
Dashon Johnson,9.0,2.0,170.18,65.77,182.88,Orthodox,36.0,1.01,0.69,3.83,0.35,0.85,0.33,0.63,0.8,182.88,male
Paulo Thiago,18.0,9.0,180.34,77.11,187.96,Orthodox,43.0,1.71,0.39,1.99,0.63,1.42,0.31,0.63,1.2,187.96,male
Johnny Bedford,21.0,13.0,177.8,61.23,180.34,Orthodox,41.0,4.53,0.5,1.75,0.63,1.83,0.62,0.62,0.0,180.34,male
Francis Carmont,25.0,12.0,190.5,92.99,198.12,Orthodox,42.0,2.22,0.42,1.64,0.59,1.79,0.36,0.73,0.6,198.12,male
Cung Le,9.0,3.0,175.26,83.91,177.8,Southpaw,51.0,4.36,0.48,2.98,0.66,1.37,0.71,0.88,0.3,177.8,male
Jianping Yang,11.0,4.0,170.18,65.77,182.88,Orthodox,35.0,1.4,0.26,2.07,0.65,1.0,0.25,0.33,0.0,182.88,male
Sai Wang,20.0,6.0,182.88,77.11,182.88,Southpaw,38.0,3.17,0.46,2.27,0.53,0.0,0.0,0.77,0.0,182.88,andy
Danny Mitchell,19.0,9.0,187.96,77.11,182.88,Orthodox,37.0,2.53,0.49,2.53,0.52,0.0,0.0,1.0,3.0,182.88,male
Roland Delorme,9.0,5.0,175.26,61.23,180.34,Orthodox,40.0,2.28,0.44,4.32,0.4,2.51,0.34,0.42,1.6,180.34,male
Anying Wang,2.0,1.0,182.88,77.11,182.88,Orthodox,32.0,1.32,0.26,1.63,0.44,0.0,0.0,0.33,0.0,182.88,male
Jack May,9.0,3.0,203.2,115.67,182.88,Switch,42.0,1.52,0.38,3.29,0.33,0.91,0.33,0.2,0.0,182.88,male
Kyle Kingsbury,11.0,6.0,193.04,92.99,200.66,Orthodox,42.0,2.97,0.4,3.81,0.51,2.64,0.41,0.52,0.0,200.66,female
Hernani Perpetuo,18.0,5.0,182.88,77.11,182.88,Orthodox,38.0,2.73,0.29,4.37,0.55,0.0,0.0,0.37,0.5,182.88,male
Steven Siler,29.0,16.0,180.34,65.77,177.8,Orthodox,37.0,3.21,0.41,2.96,0.54,0.47,0.21,0.55,1.6,177.8,male
Phil Harris,22.0,12.0,162.56,56.7,165.1,Orthodox,40.0,2.34,0.26,3.16,0.68,1.76,0.21,0.6,0.0,165.1,male
Mike King,5.0,1.0,190.5,83.91,182.88,Missing,40.0,4.44,0.58,1.29,0.72,1.75,0.25,0.4,3.5,182.88,male
Cody Donovan,8.0,5.0,190.5,92.99,187.96,Orthodox,43.0,5.61,0.59,5.44,0.45,1.67,0.28,0.0,1.7,187.96,male
Pat Healy,34.0,23.0,182.88,70.31,182.88,Orthodox,40.0,2.57,0.36,2.57,0.5,3.08,0.37,0.55,1.1,182.88,andy
Tina Lahdemaki,5.0,1.0,157.48,52.16,182.88,Orthodox,35.0,1.93,0.2,4.67,0.57,0.0,0.0,0.16,0.0,182.88,female
Daniel Spohn,15.0,6.0,193.04,92.99,200.66,Southpaw,39.0,2.42,0.49,1.6,0.53,0.0,0.0,0.28,2.5,200.66,male
Guilherme Vasconcelos,9.0,4.0,182.88,83.91,182.88,Orthodox,38.0,3.27,0.29,4.4,0.7,0.0,0.0,0.0,0.0,182.88,male
Colton Smith,7.0,4.0,182.88,70.31,180.34,Orthodox,36.0,1.64,0.41,2.3,0.51,4.09,0.36,0.25,1.4,180.34,male
Chris Indich,6.0,4.0,177.8,77.11,182.88,Missing,36.0,1.31,0.3,4.32,0.43,0.75,0.5,0.5,1.5,182.88,male
Mike Easton,13.0,6.0,167.64,61.23,177.8,Southpaw,40.0,3.51,0.37,4.28,0.61,0.75,0.22,0.66,0.0,177.8,male
Jason High,21.0,6.0,172.72,70.31,185.42,Southpaw,42.0,1.28,0.42,1.56,0.48,2.36,0.63,0.37,2.8,185.42,male
Bobby Voelker,19.0,13.0,182.88,77.11,187.96,Orthodox,44.0,4.01,0.35,5.84,0.42,1.04,0.5,0.66,0.0,187.96,male
Lance Benoist,7.0,2.0,180.34,77.11,182.88,Southpaw,35.0,3.68,0.51,2.7,0.56,1.5,0.33,0.61,0.0,182.88,male
Chris Holdsworth,6.0,0.0,180.34,61.23,182.88,Missing,36.0,1.85,0.29,1.94,0.58,3.38,0.62,1.0,2.0,182.88,male
Ben Wall,8.0,7.0,177.8,70.31,182.88,Orthodox,35.0,1.47,0.29,8.53,0.29,0.0,0.0,1.0,0.0,182.88,male
Anthony Lapsley,23.0,7.0,175.26,77.11,182.88,Southpaw,44.0,0.53,0.34,0.58,0.66,0.0,0.0,0.2,0.0,182.88,male
Estevan Payan,16.0,12.0,177.8,65.77,182.88,Orthodox,42.0,4.25,0.42,3.58,0.57,0.36,1.0,0.6,0.4,182.88,male
Mark Bocek,12.0,5.0,172.72,70.31,190.5,Orthodox,42.0,2.34,0.43,2.32,0.6,3.65,0.36,0.31,1.3,190.5,male
Ronny Markes,17.0,5.0,185.42,83.91,190.5,Orthodox,35.0,2.17,0.53,2.43,0.45,3.13,0.4,1.0,0.5,190.5,male
Thiago Perpetuo,9.0,4.0,177.8,77.11,182.88,Orthodox,36.0,5.39,0.69,3.51,0.51,2.82,0.5,0.66,0.0,182.88,male
Jake Shields,31.0,9.0,182.88,77.11,182.88,Orthodox,45.0,2.45,0.36,1.8,0.56,2.83,0.29,0.35,1.2,182.88,male
Renee Forte,8.0,4.0,170.18,70.31,180.34,Orthodox,37.0,2.08,0.32,2.12,0.63,2.32,0.58,0.66,0.0,180.34,female
Will Campuzano,14.0,6.0,175.26,56.7,177.8,Orthodox,37.0,2.43,0.31,3.82,0.57,0.88,0.45,0.48,0.2,177.8,male
Robert McDaniel,28.0,10.0,190.5,83.91,190.5,Southpaw,40.0,1.64,0.44,1.98,0.56,0.93,0.5,0.5,1.4,190.5,male
Melvin Guillard,32.0,18.0,175.26,70.31,180.34,Orthodox,40.0,2.96,0.4,1.85,0.66,1.3,0.63,0.61,0.2,180.34,male
Cyrille Diabate,19.0,10.0,198.12,92.99,205.74,Southpaw,50.0,4.06,0.71,1.78,0.6,1.17,0.83,0.53,0.2,205.74,male
John Hathaway,17.0,2.0,185.42,77.11,190.5,Orthodox,36.0,3.4,0.4,1.8,0.62,2.61,0.43,0.6,0.9,190.5,male
Ivan Menjivar,25.0,12.0,167.64,65.77,162.56,Orthodox,41.0,2.78,0.37,2.76,0.65,0.56,0.28,0.38,1.0,162.56,male
Nam Phan,21.0,17.0,167.64,61.23,177.8,Orthodox,41.0,4.52,0.37,6.55,0.59,0.18,0.18,0.6,0.2,177.8,male
Albert Cheng,7.0,4.0,180.34,77.11,182.88,Orthodox,39.0,1.0,0.41,2.6,0.71,0.0,0.0,0.0,0.0,182.88,male
TJ Waldburger,16.0,9.0,180.34,77.11,190.5,Orthodox,35.0,2.02,0.51,2.39,0.4,3.03,0.46,0.4,4.8,190.5,male
Rafaello Oliveira,17.0,8.0,172.72,70.31,180.34,Orthodox,42.0,2.19,0.33,3.38,0.59,2.49,0.36,0.11,1.6,180.34,male
Cristiano Marcello,13.0,6.0,175.26,70.31,182.88,Orthodox,46.0,2.56,0.33,3.61,0.58,0.44,0.11,0.2,0.9,182.88,male
Nick Catone,10.0,4.0,182.88,83.91,182.88,Southpaw,42.0,2.11,0.44,2.32,0.63,3.71,0.44,0.83,0.5,182.88,male
Ramiro Hernandez,19.0,9.0,175.26,61.23,182.88,Orthodox,37.0,2.72,0.28,5.51,0.64,0.0,0.0,0.0,0.0,182.88,male
Mike Rio,10.0,5.0,177.8,70.31,177.8,Orthodox,42.0,1.68,0.39,2.99,0.53,2.58,0.27,0.0,1.0,177.8,male
Brian Houston,4.0,6.0,187.96,83.91,182.88,Orthodox,42.0,1.9,0.35,3.67,0.53,0.95,1.0,0.87,0.0,182.88,male
Shunichi Shimizu,30.0,18.0,165.1,61.23,182.88,Orthodox,39.0,0.14,0.33,4.68,0.3,0.0,0.0,0.0,0.0,182.88,male
Will Chope,34.0,13.0,193.04,65.77,182.88,Switch,33.0,4.43,0.27,9.93,0.46,0.0,0.0,0.0,0.0,182.88,male
Quinn Mulhern,18.0,4.0,190.5,70.31,182.88,Orthodox,39.0,1.48,0.28,2.09,0.51,1.36,0.2,0.33,0.0,182.88,male
Dave Galera,5.0,1.0,180.34,61.23,182.88,Orthodox,46.0,1.67,0.69,0.53,0.33,0.0,0.0,0.14,2.0,182.88,male
Chris Leben,22.0,11.0,180.34,83.91,185.42,Southpaw,43.0,2.87,0.42,2.87,0.52,1.14,0.41,0.53,0.8,185.42,male
Mac Danzig,21.0,12.0,172.72,70.31,177.8,Orthodox,44.0,3.39,0.48,3.44,0.57,1.2,0.37,0.46,0.6,177.8,male
Cody McKenzie,16.0,10.0,182.88,70.31,182.88,Switch,36.0,1.74,0.34,2.5,0.67,2.5,0.25,0.14,2.5,182.88,male
Roger Bowling,12.0,6.0,175.26,70.31,172.72,Orthodox,41.0,3.9,0.47,3.86,0.51,3.09,0.43,0.27,0.9,172.72,male
Darren Uyenoyama,10.0,6.0,167.64,56.7,165.1,Orthodox,44.0,1.34,0.39,2.21,0.66,1.42,0.33,0.35,0.7,165.1,male
Pat Barry,8.0,7.0,180.34,106.59,187.96,Orthodox,44.0,2.72,0.52,3.54,0.59,0.0,0.0,0.76,0.2,187.96,andy
Julie Kedzie,16.0,13.0,165.1,61.23,182.88,Orthodox,43.0,2.9,0.36,3.18,0.46,1.14,0.23,0.78,0.0,182.88,female
Nick Ring,14.0,4.0,182.88,83.91,187.96,Southpaw,45.0,3.52,0.42,3.48,0.62,1.36,0.36,0.52,0.3,187.96,male
Peggy Morgan,4.0,4.0,185.42,61.23,182.88,Missing,44.0,2.27,0.23,8.2,0.33,0.0,0.0,0.5,0.0,182.88,female
Chael Sonnen,29.0,15.0,185.42,92.99,185.42,Southpaw,46.0,3.08,0.43,1.1,0.62,3.81,0.59,0.66,0.4,185.42,male
Edwin Figueroa,9.0,5.0,170.18,61.23,175.26,Orthodox,39.0,2.57,0.39,3.06,0.51,0.2,1.0,0.37,0.6,175.26,male
Jose Maria,37.0,7.0,165.1,56.7,182.88,Orthodox,42.0,3.2,0.53,3.98,0.52,2.32,0.27,0.33,2.3,182.88,male
Alessio Sakara,19.0,11.0,182.88,83.91,182.88,Orthodox,42.0,3.96,0.47,2.8,0.59,2.18,0.78,0.62,0.0,182.88,male
Rosi Sexton,13.0,5.0,160.02,61.23,182.88,Orthodox,46.0,3.31,0.39,7.42,0.41,0.75,0.1,0.8,0.0,182.88,female
Michael Kuiper,15.0,5.0,182.88,83.91,185.42,Orthodox,34.0,3.28,0.54,3.62,0.54,2.3,0.55,0.79,0.0,185.42,male
George Sotiropoulos,14.0,7.0,177.8,70.31,180.34,Orthodox,46.0,2.61,0.27,2.52,0.67,2.32,0.31,0.53,1.6,180.34,male
Adlan Amagov,14.0,2.0,187.96,77.11,193.04,Orthodox,37.0,3.29,0.47,0.82,0.78,5.84,0.56,1.0,0.0,193.04,male
Jeremy Larsen,8.0,5.0,177.8,65.77,177.8,Orthodox,39.0,4.87,0.48,5.75,0.57,2.49,0.33,0.0,0.0,177.8,male
Dustin Pague,12.0,11.0,175.26,61.23,187.96,Orthodox,36.0,1.65,0.53,2.96,0.41,1.03,0.44,0.55,2.6,187.96,male
Thiago Silva,19.0,6.0,187.96,92.99,187.96,Orthodox,41.0,3.92,0.5,2.55,0.67,1.03,0.47,0.7,0.7,187.96,male
Matt Hamill,12.0,8.0,185.42,92.99,193.04,Orthodox,47.0,3.69,0.42,3.8,0.61,3.0,0.34,0.91,0.0,193.04,male
Joey Beltran,17.0,14.0,185.42,83.91,190.5,Orthodox,42.0,4.92,0.36,5.27,0.54,0.48,0.18,0.75,0.0,190.5,male
Rousimar Palhares,19.0,8.0,172.72,77.11,180.34,Orthodox,44.0,1.75,0.51,2.04,0.59,3.93,0.45,0.0,4.1,180.34,male
David Mitchell,22.0,7.0,182.88,77.11,190.5,Orthodox,44.0,1.74,0.32,2.06,0.55,0.66,0.5,0.29,2.0,190.5,male
Iliarde Santos,30.0,13.0,165.1,56.7,170.18,Orthodox,43.0,3.0,0.3,6.1,0.57,1.66,0.23,0.83,0.0,170.18,male
Mike Ricci,11.0,5.0,182.88,70.31,193.04,Southpaw,38.0,1.8,0.32,1.64,0.65,0.67,1.0,0.54,0.0,193.04,male
Nandor Guelmino,11.0,5.0,190.5,104.33,182.88,Missing,48.0,3.62,0.56,3.16,0.33,0.0,0.0,0.42,0.0,182.88,male
Marcos Vinicius,23.0,11.0,175.26,56.7,182.88,Orthodox,44.0,1.93,0.49,2.91,0.47,0.0,0.0,0.25,0.5,182.88,male
Joao Zeferino,21.0,9.0,180.34,77.11,182.88,Orthodox,38.0,0.83,0.36,2.6,0.48,0.5,0.05,0.5,1.0,182.88,male
Keith Wisniewski,28.0,15.0,182.88,77.11,182.88,Orthodox,42.0,2.32,0.52,4.86,0.42,1.57,0.4,0.78,0.3,182.88,male
Yuri Villefort,10.0,5.0,182.88,77.11,185.42,Orthodox,33.0,3.18,0.43,5.42,0.55,2.0,0.35,0.4,0.3,185.42,male
Brandon Vera,15.0,7.0,190.5,104.33,198.12,Orthodox,46.0,3.03,0.56,2.81,0.52,0.7,0.53,0.59,0.2,198.12,male
Pascal Krauss,11.0,2.0,185.42,77.11,182.88,Orthodox,36.0,5.45,0.47,3.88,0.59,1.53,0.5,0.6,0.9,182.88,male
Ryan Couture,11.0,5.0,177.8,70.31,185.42,Orthodox,41.0,3.54,0.45,2.87,0.54,1.55,0.29,0.46,1.3,185.42,male
Jared Hamman,14.0,6.0,190.5,83.91,190.5,Orthodox,42.0,5.15,0.42,3.93,0.55,1.57,0.46,0.3,0.0,190.5,male
Martin Kampmann,20.0,7.0,182.88,77.11,182.88,Orthodox,41.0,3.22,0.42,3.28,0.62,1.86,0.41,0.78,2.0,182.88,male
Brian Melancon,7.0,3.0,172.72,77.11,182.88,Orthodox,41.0,4.18,0.49,3.64,0.64,2.02,1.0,0.66,0.0,182.88,male
Papy Abedi,10.0,4.0,180.34,83.91,182.88,Southpaw,45.0,2.8,0.55,3.15,0.48,3.47,0.57,0.5,1.3,182.88,male
James Head,9.0,4.0,185.42,77.11,185.42,Orthodox,40.0,2.75,0.48,3.11,0.49,0.41,1.0,0.66,0.8,185.42,male
Ben Alloway,18.0,8.0,180.34,77.11,193.04,Orthodox,43.0,1.28,0.49,1.9,0.59,0.62,0.5,0.26,0.0,193.04,male
Mike Brown,26.0,9.0,167.64,65.77,177.8,Orthodox,48.0,2.98,0.44,2.45,0.6,3.23,0.4,0.66,0.6,177.8,male
Vinny Magalhaes,14.0,9.0,190.5,92.99,190.5,Orthodox,39.0,2.14,0.24,3.97,0.68,1.55,0.44,0.66,0.8,190.5,male
Sheila Gaff,9.0,7.0,165.1,61.23,182.88,Orthodox,34.0,1.6,0.5,2.89,0.28,0.0,0.0,0.2,0.0,182.88,female
Josh Clopton,6.0,2.0,167.64,65.77,182.88,Orthodox,42.0,1.6,0.64,2.87,0.5,2.0,0.66,0.75,0.0,182.88,male
Ednaldo Oliveira,17.0,3.0,195.58,92.99,182.88,Orthodox,40.0,1.03,0.22,1.8,0.52,0.0,0.0,0.42,0.0,182.88,male
Bristol Marunde,16.0,10.0,185.42,77.11,190.5,Orthodox,41.0,1.42,0.21,4.4,0.47,1.6,0.33,0.14,0.0,190.5,male
Aaron Riley,30.0,14.0,172.72,70.31,175.26,Southpaw,43.0,3.45,0.34,3.78,0.61,1.18,0.34,0.6,0.1,175.26,male
John Albert,6.0,5.0,172.72,61.23,172.72,Orthodox,37.0,3.05,0.49,2.82,0.35,0.0,0.0,0.5,6.1,172.72,male
Roger Gracie,8.0,2.0,193.04,83.91,200.66,Orthodox,42.0,1.78,0.35,1.79,0.61,1.87,0.53,0.6,1.9,200.66,male
Dave Herman,22.0,6.0,193.04,109.77,195.58,Orthodox,39.0,4.98,0.6,3.78,0.48,1.49,1.0,0.58,0.0,195.58,male
Sean Pierson,14.0,6.0,182.88,77.11,193.04,Southpaw,48.0,3.84,0.39,3.73,0.64,0.39,0.18,0.66,0.4,193.04,male
John Maguire,24.0,9.0,175.26,70.31,175.26,Southpaw,40.0,1.41,0.41,2.44,0.65,2.8,0.46,0.77,1.1,175.26,male
Eddie Mendez,8.0,3.0,177.8,83.91,182.88,Missing,40.0,1.71,0.33,3.43,0.11,0.0,0.0,0.0,0.0,182.88,male
Karlos Vemola,17.0,5.0,182.88,83.91,190.5,Orthodox,38.0,1.67,0.44,2.13,0.37,1.93,0.25,0.31,1.7,190.5,male
TJ Grant,21.0,5.0,177.8,70.31,182.88,Orthodox,40.0,3.95,0.54,3.21,0.56,1.63,0.43,0.36,0.6,182.88,male
Nah-Shon Burrell,15.0,7.0,180.34,77.11,182.88,Orthodox,34.0,4.83,0.47,3.45,0.56,0.0,0.0,0.52,0.3,182.88,male
Brian Bowles,10.0,3.0,170.18,61.23,177.8,Orthodox,43.0,2.36,0.26,2.98,0.64,1.39,0.7,0.54,1.4,177.8,male
John Cholish,8.0,3.0,180.34,70.31,187.96,Orthodox,40.0,2.65,0.49,2.29,0.73,1.82,0.31,0.78,0.4,187.96,male
Roger Hollett,13.0,5.0,180.34,92.99,182.88,Orthodox,45.0,1.83,0.47,6.47,0.34,1.0,0.28,0.3,0.0,182.88,male
Azamat Gashimov,8.0,3.0,167.64,56.7,182.88,Orthodox,33.0,1.24,0.21,4.75,0.53,1.69,0.25,0.0,0.0,182.88,male
Alan Belcher,18.0,8.0,187.96,83.91,190.5,Orthodox,39.0,2.7,0.41,3.1,0.59,0.44,0.26,0.55,0.9,190.5,male
Cheick Kongo,27.0,10.0,193.04,108.86,208.28,Orthodox,48.0,3.33,0.56,1.28,0.54,2.3,0.56,0.52,0.2,208.28,male
Leonard Garcia,18.0,13.0,177.8,65.77,172.72,Orthodox,44.0,2.77,0.24,4.79,0.52,0.3,0.26,0.42,0.5,172.72,male
Clifford Starks,13.0,3.0,182.88,83.91,198.12,Orthodox,42.0,1.94,0.33,2.49,0.58,1.94,1.0,0.6,0.0,198.12,male
Gilbert Smith,12.0,6.0,175.26,83.91,182.88,Southpaw,42.0,1.09,0.41,2.73,0.35,3.51,0.6,0.0,1.2,182.88,male
Collin Hart,6.0,3.0,185.42,83.91,182.88,Orthodox,34.0,6.33,0.44,7.53,0.51,2.0,0.16,0.5,0.0,182.88,male
Jimmy Quinlan,3.0,1.0,182.88,83.91,182.88,Orthodox,37.0,2.08,0.7,5.94,0.16,4.46,0.25,0.0,0.0,182.88,male
Bart Palaszewski,36.0,17.0,175.26,65.77,177.8,Orthodox,40.0,2.67,0.32,3.97,0.57,0.65,0.31,0.53,0.5,177.8,male
Justin Lawrence,10.0,4.0,172.72,65.77,170.18,Orthodox,33.0,3.84,0.35,2.83,0.67,0.72,0.28,0.73,0.0,170.18,male
Philip De Fries,12.0,6.0,195.58,113.4,200.66,Orthodox,37.0,2.3,0.47,3.0,0.37,3.29,0.42,1.0,0.6,200.66,male
Pablo Garza,12.0,4.0,185.42,65.77,185.42,Orthodox,40.0,3.37,0.44,2.7,0.5,0.94,0.25,0.15,1.3,185.42,male
Adam Cella,6.0,8.0,187.96,77.11,182.88,Missing,38.0,1.91,0.42,2.61,0.51,3.92,0.75,0.5,1.3,182.88,male
Chris Spang,6.0,3.0,187.96,77.11,182.88,Orthodox,36.0,1.83,0.36,1.95,0.6,0.0,0.0,0.5,0.9,182.88,male
Besam Yousef,7.0,4.0,180.34,77.11,182.88,Orthodox,39.0,3.14,0.53,3.98,0.38,1.33,0.66,0.5,0.0,182.88,male
Colin Fletcher,14.0,8.0,187.96,70.31,182.88,Orthodox,41.0,3.1,0.34,2.97,0.62,0.0,0.0,0.27,0.0,182.88,male
Antonio Carvalho,15.0,6.0,175.26,65.77,177.8,Orthodox,44.0,3.03,0.29,3.62,0.64,0.0,0.0,1.0,0.0,177.8,male
Issei Tamura,10.0,8.0,165.1,61.23,160.02,Orthodox,40.0,1.89,0.53,4.58,0.44,0.92,0.25,0.33,0.0,160.02,male
Reuben Duran,11.0,7.0,170.18,61.23,180.34,Orthodox,40.0,3.19,0.49,2.61,0.5,0.98,0.23,0.25,0.7,180.34,male
Wanderlei Silva,35.0,13.0,180.34,92.99,187.96,Orthodox,47.0,2.79,0.4,2.19,0.6,0.97,0.53,0.62,0.6,187.96,male
Brian Stann,12.0,6.0,185.42,92.99,187.96,Orthodox,43.0,3.28,0.42,2.65,0.59,0.12,0.12,0.6,0.3,187.96,male
Riki Fukuda,24.0,9.0,182.88,83.91,185.42,Southpaw,43.0,4.24,0.43,3.71,0.64,2.17,0.43,0.7,0.0,185.42,female
Josh Neer,36.0,16.0,180.34,77.11,182.88,Orthodox,41.0,3.29,0.46,3.63,0.58,1.09,0.34,0.46,1.3,182.88,male
Lavar Johnson,18.0,10.0,193.04,108.86,208.28,Orthodox,46.0,5.39,0.55,2.54,0.55,0.61,0.66,0.54,0.6,208.28,male
Anton Kuivanen,24.0,10.0,172.72,70.31,182.88,Orthodox,39.0,2.27,0.38,1.63,0.67,1.2,1.0,0.71,0.4,182.88,male
Matt Grice,15.0,5.0,172.72,65.77,177.8,Orthodox,42.0,4.09,0.53,2.69,0.56,2.19,0.37,0.82,0.5,177.8,male
Caros Fodor,11.0,6.0,175.26,70.31,187.96,Orthodox,40.0,2.76,0.54,2.83,0.54,2.1,0.25,0.5,0.0,187.96,male
Brock Jardine,12.0,6.0,180.34,77.11,182.88,Orthodox,38.0,1.06,0.3,3.34,0.56,0.0,0.0,0.14,0.8,182.88,male
Jon Manley,9.0,4.0,185.42,77.11,182.88,Orthodox,37.0,1.13,0.2,4.33,0.45,1.0,0.07,0.2,0.0,182.88,male
Jorge Santiago,25.0,12.0,185.42,77.11,190.5,Orthodox,43.0,1.69,0.35,2.62,0.56,0.58,0.3,0.52,0.8,190.5,male
Terry Etim,16.0,5.0,185.42,70.31,185.42,Orthodox,38.0,2.16,0.35,2.53,0.67,0.43,0.3,0.39,1.4,185.42,male
Paul Sass,14.0,2.0,182.88,70.31,185.42,Orthodox,35.0,0.53,0.26,1.9,0.51,0.53,0.16,0.33,7.4,185.42,male
Josh Grispi,14.0,5.0,180.34,65.77,187.96,Orthodox,35.0,1.44,0.41,3.71,0.5,1.97,0.36,0.16,2.2,187.96,male
Motonobu Tezuka,28.0,12.0,170.18,61.23,182.88,Southpaw,36.0,0.87,0.23,2.8,0.51,1.5,0.11,0.0,0.5,182.88,male
Ulysses Gomez,9.0,5.0,167.64,56.7,182.88,Orthodox,40.0,2.72,0.25,3.57,0.68,0.0,0.0,0.0,0.0,182.88,male
Jon Fitch,30.0,7.0,182.88,77.11,187.96,Orthodox,46.0,2.61,0.5,1.65,0.54,3.6,0.51,0.56,0.8,187.96,male
Jay Hieron,23.0,7.0,182.88,77.11,190.5,Orthodox,47.0,1.66,0.32,1.89,0.61,4.05,0.6,0.66,1.0,190.5,male
Jacob Volkmann,19.0,7.0,175.26,70.31,180.34,Southpaw,43.0,1.19,0.34,1.78,0.52,3.19,0.48,0.52,2.0,180.34,male
Mike Stumpf,11.0,4.0,177.8,77.11,182.88,Missing,37.0,3.34,0.43,8.85,0.47,1.59,0.25,0.33,0.8,182.88,male
Vladimir Matyushenko,27.0,8.0,182.88,92.99,187.96,Orthodox,53.0,1.9,0.44,1.62,0.59,3.25,0.46,0.7,0.1,187.96,male
Mike Russow,15.0,3.0,185.42,115.67,185.42,Orthodox,47.0,1.55,0.47,2.9,0.59,4.66,0.43,0.0,0.7,185.42,male
Simeon Thoresen,17.0,6.0,185.42,77.11,200.66,Orthodox,40.0,3.85,0.43,3.85,0.64,1.12,0.4,0.5,1.7,200.66,male
Milton Vieira,13.0,8.0,182.88,65.77,182.88,Orthodox,45.0,1.13,0.35,2.36,0.48,2.67,0.53,0.12,0.7,182.88,male
Diego Nunes,19.0,7.0,167.64,65.77,170.18,Orthodox,41.0,2.72,0.43,2.59,0.58,1.18,0.44,0.65,0.6,170.18,male
Wagner Prado,12.0,3.0,182.88,92.99,187.96,Southpaw,37.0,1.72,0.4,3.06,0.5,0.0,0.0,0.22,0.0,187.96,male
CJ Keith,8.0,4.0,182.88,70.31,182.88,Orthodox,37.0,0.86,0.5,1.82,0.5,0.0,0.0,0.62,0.0,182.88,male
Byron Bloodworth,6.0,3.0,172.72,61.23,182.88,Orthodox,40.0,1.82,0.28,5.18,0.5,0.0,0.0,0.0,0.0,182.88,male
Shane del Rosario,11.0,2.0,193.04,113.4,182.88,Southpaw,40.0,3.93,0.6,2.97,0.54,1.2,0.4,0.16,2.4,182.88,male
Jonathan Brookins,16.0,10.0,182.88,65.77,187.96,Southpaw,38.0,2.69,0.39,3.63,0.56,1.94,0.17,0.8,0.3,187.96,male
John Cofer,8.0,4.0,175.26,70.31,182.88,Southpaw,39.0,2.73,0.41,3.43,0.62,1.22,0.5,0.64,0.0,182.88,male
Jared Papazian,20.0,13.0,172.72,61.23,170.18,Southpaw,36.0,3.33,0.39,3.81,0.44,0.0,0.0,0.5,0.0,170.18,male
Manuel Rodriguez,11.0,5.0,175.26,77.11,182.88,Orthodox,38.0,0.81,0.33,3.23,0.38,9.09,0.75,0.0,0.0,182.88,male
Brendan Loughnane,17.0,3.0,177.8,65.77,177.8,Switch,34.0,6.23,0.63,6.7,0.53,1.5,0.3,0.92,0.0,177.8,male
Nick Penner,11.0,3.0,193.04,92.99,182.88,Southpaw,44.0,1.25,0.3,4.6,0.38,0.0,0.0,0.4,0.0,182.88,male
Henry Martinez,9.0,4.0,170.18,70.31,175.26,Southpaw,40.0,2.79,0.25,4.01,0.6,0.0,0.0,0.8,0.0,175.26,male
Marcus LeVesseur,22.0,7.0,175.26,70.31,177.8,Southpaw,41.0,2.55,0.64,3.7,0.37,3.89,0.36,0.83,0.6,177.8,male
Mark Hominick,20.0,12.0,172.72,65.77,172.72,Orthodox,41.0,4.08,0.42,4.18,0.69,0.25,0.66,0.71,0.9,172.72,male
Chad Griggs,11.0,3.0,185.42,92.99,185.42,Orthodox,45.0,2.67,0.5,2.22,0.46,1.51,0.66,0.41,0.0,185.42,male
Matthew Riddle,8.0,3.0,185.42,77.11,193.04,Southpaw,38.0,3.01,0.42,2.74,0.54,3.51,0.5,0.89,0.5,193.04,male
Rich Franklin,29.0,7.0,185.42,83.91,193.04,Southpaw,49.0,4.1,0.44,2.07,0.62,1.31,0.66,0.63,0.7,193.04,male
Zhang Tiequan,15.0,4.0,172.72,70.31,175.26,Orthodox,45.0,1.23,0.36,2.14,0.51,1.95,0.58,0.75,3.4,175.26,andy
Jeff Hougland,10.0,6.0,170.18,61.23,172.72,Orthodox,45.0,1.86,0.48,3.46,0.47,0.86,0.18,0.0,1.1,172.72,male
Yasuhiro Urushitani,21.0,8.0,165.1,56.7,182.88,Southpaw,47.0,3.47,0.39,4.71,0.65,0.0,0.0,0.8,0.0,182.88,male
Tom DeBlass,9.0,2.0,182.88,83.91,182.88,Orthodox,41.0,1.5,0.35,4.43,0.37,1.0,0.5,0.28,0.5,182.88,male
Stephan Bonnar,15.0,9.0,193.04,92.99,200.66,Orthodox,46.0,2.76,0.38,3.01,0.52,1.32,0.4,0.6,1.0,200.66,male
Joey Gambino,9.0,2.0,170.18,65.77,182.88,Orthodox,35.0,2.47,0.35,2.53,0.51,0.0,0.0,0.42,0.8,182.88,male
Luiz Cane,17.0,7.0,187.96,83.91,195.58,Southpaw,42.0,4.79,0.41,5.0,0.6,0.56,0.28,1.0,0.3,195.58,male
Aaron Simpson,12.0,5.0,182.88,77.11,185.42,Orthodox,49.0,3.6,0.52,2.53,0.56,3.78,0.34,0.83,0.5,185.42,male
Carlo Prater,31.0,18.0,180.34,70.31,182.88,Switch,42.0,2.03,0.47,4.07,0.35,0.43,0.09,0.57,1.7,182.88,male
Shane Roller,11.0,7.0,177.8,70.31,182.88,Orthodox,44.0,2.04,0.34,2.65,0.6,2.46,0.33,0.42,1.9,182.88,male
Dan Hardy,25.0,10.0,182.88,77.11,187.96,Orthodox,41.0,2.46,0.35,3.44,0.51,0.73,0.35,0.35,0.4,187.96,male
Che Mills,16.0,10.0,185.42,77.11,193.04,Orthodox,41.0,2.08,0.52,2.87,0.43,1.18,0.66,0.58,0.0,193.04,andy
Duane Ludwig,21.0,14.0,177.8,77.11,177.8,Orthodox,45.0,4.62,0.44,3.05,0.57,0.43,0.25,0.59,0.1,177.8,male
DaMarques Johnson,15.0,15.0,185.42,77.11,190.5,Orthodox,41.0,2.11,0.37,3.75,0.51,1.18,0.55,0.19,0.7,190.5,male
Jason Young,9.0,6.0,175.26,65.77,185.42,Orthodox,37.0,2.97,0.37,3.2,0.5,1.98,0.66,0.55,0.0,185.42,male
Walel Watson,14.0,10.0,180.34,61.23,190.5,Orthodox,39.0,2.1,0.29,3.79,0.43,0.0,0.0,0.61,1.4,190.5,male
Buddy Roberts,12.0,3.0,187.96,83.91,182.88,Orthodox,41.0,2.17,0.34,2.08,0.7,0.0,0.0,0.76,0.7,182.88,male
Tommy Hayden,11.0,3.0,175.26,65.77,182.88,Southpaw,38.0,1.48,0.27,2.05,0.55,3.42,0.33,0.66,0.0,182.88,male
Ken Stone,11.0,4.0,172.72,61.23,180.34,Southpaw,41.0,3.85,0.49,2.9,0.48,1.24,0.33,0.6,0.6,180.34,male
Eiji Mitsuoka,18.0,9.0,170.18,65.77,182.88,Southpaw,48.0,1.49,0.49,2.26,0.45,2.3,0.36,0.2,1.6,182.88,male
Oli Thompson,17.0,10.0,185.42,109.77,182.88,Orthodox,44.0,1.66,0.46,5.31,0.46,0.0,0.0,0.5,0.5,182.88,male
Michihiro Omigawa,17.0,14.0,167.64,65.77,172.72,Orthodox,48.0,2.01,0.39,3.06,0.64,1.19,0.36,0.49,1.5,172.72,male
Damacio Page,19.0,10.0,167.64,61.23,167.64,Orthodox,41.0,2.05,0.38,2.47,0.51,2.63,0.64,0.23,0.9,167.64,male
Josh Ferguson,10.0,5.0,165.1,56.7,182.88,Orthodox,35.0,2.13,0.43,4.18,0.32,0.59,0.11,0.54,0.0,182.88,male
Dan Stittgen,12.0,5.0,185.42,77.11,182.88,Orthodox,43.0,2.97,0.46,4.42,0.37,0.78,1.0,1.0,0.0,182.88,male
Forrest Griffin,19.0,7.0,190.5,92.99,195.58,Orthodox,45.0,4.38,0.36,2.81,0.61,1.05,0.48,0.57,0.7,195.58,male
Tito Ortiz,19.0,12.0,190.5,92.99,187.96,Orthodox,49.0,2.59,0.46,2.88,0.6,2.47,0.35,0.54,0.6,187.96,male
John Alessio,35.0,17.0,177.8,70.31,182.88,Orthodox,44.0,2.1,0.39,2.91,0.54,1.85,0.38,0.7,1.2,182.88,male
Yoislandy Izquierdo,10.0,4.0,180.34,70.31,182.88,Southpaw,40.0,2.93,0.52,1.4,0.26,0.0,0.0,0.5,0.0,182.88,male
Anistavio Medeiros,19.0,10.0,167.64,65.77,182.88,Orthodox,35.0,3.64,0.44,5.0,0.47,0.0,0.0,0.0,0.0,182.88,male
Delson Heleno,29.0,10.0,180.34,83.91,182.88,Orthodox,46.0,0.69,0.75,4.83,0.19,0.0,0.0,0.0,0.0,182.88,male
John Teixeira,21.0,2.0,170.18,65.77,182.88,Orthodox,37.0,3.36,0.35,3.2,0.63,1.0,0.27,0.71,0.7,182.88,male
Wagner Campos,12.0,10.0,167.64,65.77,182.88,Southpaw,42.0,1.54,0.41,2.53,0.51,2.71,1.0,0.0,0.0,182.88,male
Spencer Fisher,24.0,9.0,170.18,70.31,172.72,Southpaw,47.0,3.17,0.43,3.03,0.64,0.67,0.3,0.6,0.8,172.72,male
Luis Ramos,20.0,10.0,172.72,77.11,182.88,Orthodox,43.0,2.4,0.35,5.6,0.42,1.5,0.2,1.0,0.0,182.88,male
Ricardo Funch,9.0,6.0,177.8,77.11,187.96,Southpaw,43.0,2.61,0.65,3.57,0.4,1.24,0.18,0.6,0.0,187.96,male
Carlos Eduardo Rocha,9.0,4.0,177.8,77.11,185.42,Orthodox,42.0,1.24,0.34,1.85,0.55,0.0,0.0,0.52,1.4,185.42,male
Bernardo Magalhaes,13.0,4.0,175.26,70.31,182.88,Orthodox,42.0,1.8,0.27,3.37,0.68,0.0,0.0,0.0,0.5,182.88,male
Jake Hecht,11.0,4.0,182.88,77.11,185.42,Orthodox,40.0,3.26,0.47,2.76,0.56,2.04,0.37,0.4,0.0,185.42,male
Pat Schilling,5.0,2.0,172.72,65.77,182.88,Orthodox,35.0,1.87,0.26,8.24,0.52,0.0,0.0,0.0,0.0,182.88,andy
Chris Tickle,9.0,9.0,175.26,70.31,182.88,Missing,42.0,1.07,0.4,1.13,0.43,1.0,0.25,0.2,2.0,182.88,male
Chris Saunders,16.0,8.0,172.72,70.31,182.88,Missing,38.0,1.48,0.22,2.96,0.75,3.7,1.0,0.0,0.0,182.88,male
Jason Miller,23.0,10.0,185.42,83.91,182.88,Orthodox,43.0,1.83,0.43,2.3,0.49,1.31,0.28,0.43,1.3,182.88,male
Jorge Lopez,11.0,5.0,177.8,77.11,182.88,Orthodox,35.0,2.47,0.59,2.57,0.5,3.5,0.41,0.81,0.0,182.88,male
Jason MacDonald,25.0,16.0,190.5,83.91,203.2,Orthodox,48.0,1.55,0.52,2.7,0.46,1.43,0.16,0.35,2.0,203.2,male
Kamal Shalorus,9.0,5.0,172.72,70.31,172.72,Orthodox,51.0,3.06,0.32,2.99,0.7,2.07,0.5,0.8,0.0,172.72,male
Jeff Curran,36.0,18.0,167.64,61.23,175.26,Orthodox,46.0,1.54,0.31,2.48,0.6,0.35,0.12,0.35,1.2,175.26,male
Alex Soto,8.0,3.0,172.72,61.23,182.88,Southpaw,40.0,2.95,0.25,5.02,0.59,2.82,0.3,0.0,0.0,182.88,male
Nick Denis,11.0,3.0,170.18,61.23,182.88,Orthodox,40.0,6.54,0.53,5.42,0.36,2.8,1.0,0.8,0.0,182.88,male
Mike Massenzio,13.0,9.0,187.96,83.91,185.42,Southpaw,41.0,2.08,0.45,3.59,0.54,2.74,0.24,0.5,1.4,185.42,male
Miguel Torres,44.0,9.0,175.26,61.23,193.04,Orthodox,43.0,3.98,0.43,1.86,0.74,0.0,0.0,0.17,1.6,193.04,male
Eddie Yagin,16.0,7.0,170.18,65.77,182.88,Orthodox,45.0,3.13,0.3,5.77,0.42,0.0,0.0,0.62,1.0,182.88,male
Eric Wisely,26.0,9.0,172.72,65.77,182.88,Southpaw,39.0,1.42,0.47,2.08,0.56,0.0,0.0,0.27,0.9,182.88,male
Aaron Rosa,18.0,6.0,193.04,92.99,195.58,Orthodox,40.0,4.03,0.47,4.41,0.45,0.36,0.33,0.85,0.4,195.58,male
Mackens Semerzier,8.0,4.0,175.26,65.77,182.88,Orthodox,43.0,2.91,0.45,3.48,0.46,2.14,0.5,0.5,2.1,182.88,male
Norifumi Yamamoto,18.0,6.0,162.56,61.23,167.64,Southpaw,47.0,2.09,0.45,2.01,0.57,0.41,0.22,0.45,0.0,167.64,male
Steve Cantwell,7.0,6.0,187.96,83.91,190.5,Orthodox,37.0,3.63,0.34,5.76,0.55,0.65,0.3,0.8,0.7,190.5,male
Chris Cope,8.0,4.0,182.88,77.11,182.88,Orthodox,41.0,3.96,0.26,4.82,0.5,0.0,0.0,0.8,0.0,182.88,male
Jon Olav Einemo,6.0,3.0,198.12,114.76,182.88,Orthodox,48.0,2.15,0.52,3.05,0.52,1.73,0.55,0.43,0.0,182.88,male
Christian Morecraft,8.0,3.0,198.12,117.93,205.74,Orthodox,37.0,2.82,0.34,2.46,0.46,3.26,0.66,0.5,2.2,205.74,male
Jorge Rivera,20.0,9.0,185.42,83.91,185.42,Orthodox,52.0,3.16,0.48,2.64,0.54,0.84,0.5,0.63,0.1,185.42,male
Eric Schafer,14.0,8.0,190.5,83.91,193.04,Orthodox,46.0,1.89,0.34,3.38,0.56,1.81,0.36,0.5,1.8,193.04,male
Daniel Roberts,15.0,7.0,177.8,77.11,187.96,Southpaw,43.0,0.73,0.2,2.27,0.46,2.46,0.44,0.4,2.5,187.96,male
Joseph Sandoval,7.0,7.0,170.18,61.23,182.88,Southpaw,37.0,1.82,0.42,12.12,0.6,0.0,0.0,0.0,0.0,182.88,male
Brock Lesnar,5.0,3.0,190.5,120.2,205.74,Orthodox,46.0,3.53,0.72,2.11,0.5,3.9,0.55,0.6,0.5,205.74,male
Junior Assuncao,16.0,6.0,175.26,65.77,182.88,Orthodox,42.0,3.31,0.62,2.06,0.44,2.43,0.24,0.66,0.7,182.88,male
Claude Patrick,14.0,2.0,180.34,77.11,190.5,Orthodox,43.0,1.8,0.55,0.89,0.69,2.32,0.53,0.84,1.7,190.5,male
Krzysztof Soszynski,26.0,12.0,185.42,92.99,195.58,Open Stance,46.0,3.37,0.39,3.13,0.58,0.52,0.25,0.71,1.0,195.58,male
Dennis Hallman,53.0,20.0,175.26,70.31,182.88,Orthodox,48.0,1.12,0.44,1.96,0.43,1.79,0.3,0.25,2.1,182.88,male
Rich Attonito,10.0,5.0,177.8,77.11,182.88,Orthodox,46.0,2.28,0.47,2.13,0.59,0.74,0.37,0.75,0.0,182.88,male
Stephen Bass,11.0,2.0,175.26,65.77,182.88,Orthodox,41.0,4.87,0.52,5.87,0.55,0.0,0.0,0.0,0.0,182.88,male
Dustin Neace,25.0,21.0,175.26,65.77,182.88,Missing,37.0,2.08,0.32,2.66,0.56,0.0,0.0,0.0,1.7,182.88,male
Jason Brilz,22.0,6.0,180.34,92.99,180.34,Orthodox,48.0,2.66,0.4,1.78,0.65,2.37,0.25,0.25,1.3,180.34,male
Nick Pace,8.0,3.0,170.18,61.23,172.72,Orthodox,36.0,1.48,0.34,3.14,0.57,2.52,0.43,0.54,0.5,172.72,male
Shamar Bailey,16.0,11.0,175.26,70.31,190.5,Southpaw,41.0,1.56,0.2,3.91,0.69,1.5,0.33,0.37,0.0,190.5,male
Clay Harvison,13.0,6.0,185.42,77.11,187.96,Orthodox,43.0,3.29,0.48,3.91,0.58,0.66,1.0,0.68,1.3,187.96,male
Cole Escovedo,17.0,9.0,170.18,61.23,182.88,Orthodox,42.0,1.77,0.43,4.32,0.49,0.43,0.33,0.13,0.0,182.88,male
Paul Bradley,23.0,8.0,175.26,77.11,182.88,Orthodox,40.0,2.26,0.32,4.13,0.56,1.12,0.16,1.0,0.0,182.88,male
Matt Lucas,15.0,3.0,185.42,92.99,182.88,Missing,38.0,1.27,0.48,3.93,0.4,1.0,0.1,0.0,0.0,182.88,male
Edward Faaloloto,2.0,5.0,185.42,70.31,177.8,Orthodox,39.0,2.28,0.32,6.25,0.44,1.01,0.25,0.33,0.0,177.8,male
Rob Broughton,16.0,7.0,187.96,120.2,187.96,Orthodox,41.0,2.83,0.6,2.54,0.51,0.0,0.0,0.26,3.2,187.96,male
Tyson Griffin,16.0,8.0,167.64,65.77,172.72,Orthodox,39.0,3.71,0.41,2.3,0.65,1.87,0.46,0.59,0.9,172.72,male
Eliot Marshall,10.0,4.0,187.96,92.99,195.58,Orthodox,43.0,1.93,0.27,2.39,0.67,0.47,0.33,0.79,0.9,195.58,male
Danny Downes,8.0,3.0,182.88,70.31,182.88,Orthodox,37.0,1.66,0.34,3.53,0.37,0.0,0.0,0.37,0.5,182.88,male
Kenny Florian,14.0,6.0,177.8,65.77,187.96,Southpaw,47.0,2.41,0.4,1.85,0.63,2.22,0.33,0.6,1.3,187.96,male
Matt Hughes,45.0,9.0,175.26,77.11,185.42,Switch,50.0,2.14,0.53,1.36,0.53,2.95,0.5,0.35,1.2,185.42,male
Ricardo Romero,11.0,3.0,182.88,92.99,193.04,Orthodox,45.0,2.17,0.55,4.77,0.46,1.63,0.1,1.0,3.3,193.04,male
Donny Walker,15.0,10.0,175.26,61.23,182.88,Missing,44.0,1.81,0.37,3.85,0.46,0.0,0.0,0.57,1.7,182.88,male
Mike Lullo,8.0,3.0,172.72,65.77,182.88,Orthodox,44.0,2.48,0.36,4.84,0.4,1.18,0.11,0.0,0.6,182.88,male
Ian Loveland,18.0,10.0,172.72,65.77,182.88,Orthodox,40.0,2.71,0.4,2.36,0.64,1.0,0.37,0.69,0.3,182.88,male
Chris Lytle,31.0,18.0,180.34,77.11,172.72,Orthodox,49.0,3.76,0.45,3.03,0.58,0.7,0.55,0.55,2.4,172.72,male
TJ O'Brien,20.0,8.0,187.96,70.31,182.88,Orthodox,37.0,3.77,0.46,4.78,0.57,0.94,1.0,0.0,0.0,182.88,male
Jason Reinhardt,20.0,3.0,167.64,61.23,182.88,Orthodox,54.0,0.51,0.4,4.07,0.43,1.91,0.12,0.5,0.0,182.88,male
Andre Winner,21.0,11.0,180.34,70.31,185.42,Orthodox,42.0,2.52,0.33,4.57,0.51,0.0,0.0,0.74,0.0,185.42,male
Joe Stevenson,33.0,16.0,170.18,65.77,177.8,Orthodox,41.0,2.05,0.44,2.44,0.6,2.75,0.44,0.39,2.2,177.8,male
Javier Vazquez,16.0,5.0,170.18,65.77,175.26,Southpaw,46.0,2.43,0.36,1.99,0.72,2.56,0.52,0.57,1.5,175.26,male
Curt Warburton,13.0,6.0,182.88,70.31,185.42,Orthodox,38.0,2.13,0.42,3.44,0.43,2.35,0.5,0.83,0.9,185.42,male
Edward Faaloloto,2.0,5.0,177.8,70.31,177.8,Orthodox,39.0,2.28,0.32,6.25,0.44,1.01,0.25,0.33,0.0,177.8,male
Shane Carwin,12.0,2.0,187.96,120.2,203.2,Orthodox,49.0,4.38,0.47,3.53,0.53,1.42,0.33,0.42,0.0,203.2,male
Jesse Bongfeldt,16.0,5.0,182.88,83.91,182.88,Orthodox,43.0,2.91,0.62,1.01,0.5,1.51,0.33,0.33,0.0,182.88,male
Tim Credeur,12.0,4.0,190.5,83.91,190.5,Orthodox,46.0,3.59,0.3,3.13,0.57,0.41,1.0,0.5,3.3,190.5,male
Chuck O'Neil,17.0,9.0,187.96,77.11,182.88,Missing,38.0,3.13,0.37,4.4,0.72,0.0,0.0,0.0,0.0,182.88,male
Ryan McGillivray,12.0,0.0,180.34,77.11,182.88,Missing,37.0,1.27,0.2,2.2,0.52,0.0,0.0,0.44,0.0,182.88,male
Kendall Grove,23.0,17.0,198.12,83.91,200.66,Orthodox,41.0,2.31,0.41,2.4,0.54,0.49,0.45,0.56,1.7,200.66,andy
Randy Couture,19.0,11.0,185.42,92.99,190.5,Orthodox,60.0,2.85,0.57,1.53,0.59,2.78,0.46,0.58,0.5,190.5,male
Charlie Valencia,12.0,7.0,160.02,61.23,162.56,Orthodox,49.0,2.58,0.37,2.61,0.77,1.4,0.53,0.75,0.5,162.56,male
Ryan Jensen,21.0,8.0,185.42,83.91,193.04,Orthodox,46.0,2.84,0.39,2.99,0.59,1.55,0.5,0.31,1.9,193.04,male
Kyle Watson,13.0,8.0,182.88,70.31,182.88,Southpaw,44.0,3.67,0.35,3.25,0.62,0.0,0.0,1.0,0.0,182.88,female
Jon Madsen,8.0,2.0,182.88,108.86,182.88,Orthodox,44.0,2.46,0.41,1.18,0.81,1.32,0.71,0.7,0.0,182.88,male
Kris McCray,8.0,5.0,182.88,77.11,193.04,Orthodox,42.0,2.69,0.45,2.57,0.54,2.88,0.55,0.38,0.0,193.04,male
Sean McCorkle,17.0,7.0,200.66,120.2,205.74,Orthodox,47.0,0.85,0.44,2.48,0.52,2.12,0.4,0.33,4.2,205.74,male
Mario Miranda,14.0,7.0,190.5,83.91,187.96,Orthodox,44.0,1.96,0.54,2.46,0.36,1.02,0.6,0.54,0.0,187.96,male
Waylon Lowe,16.0,7.0,170.18,65.77,182.88,Southpaw,43.0,1.88,0.55,2.4,0.53,4.47,0.55,0.83,0.3,182.88,male
Ricardo Almeida,13.0,5.0,182.88,77.11,187.96,Orthodox,47.0,2.02,0.49,1.2,0.61,3.74,0.38,0.31,1.2,187.96,male
Kurt Pellegrino,16.0,7.0,172.72,70.31,177.8,Orthodox,44.0,2.45,0.43,1.94,0.63,2.9,0.54,0.69,0.8,177.8,male
Rob Kimmons,25.0,9.0,177.8,83.91,185.42,Orthodox,43.0,1.86,0.48,4.79,0.38,2.08,0.46,0.25,2.4,185.42,male
Todd Brown,16.0,4.0,180.34,92.99,182.88,Orthodox,47.0,2.15,0.45,3.85,0.48,0.0,0.0,0.5,0.0,182.88,male
Tom Blackledge,10.0,7.0,182.88,92.99,182.88,Orthodox,38.0,2.91,0.61,2.55,0.46,0.0,0.0,0.75,0.0,182.88,male
Chris Tuchscherer,21.0,4.0,187.96,117.03,193.04,Orthodox,48.0,1.35,0.31,3.17,0.47,1.19,0.18,0.0,0.6,193.04,male
Maciej Jewtuszko,12.0,3.0,182.88,70.31,182.88,Southpaw,43.0,2.29,0.45,1.39,0.66,0.0,0.0,0.42,0.9,182.88,male
Antonio Banuelos,20.0,11.0,165.1,61.23,160.02,Orthodox,44.0,2.69,0.33,3.15,0.58,1.62,0.62,0.86,0.4,160.02,male
Paul Kelly,14.0,5.0,175.26,70.31,177.8,Orthodox,39.0,3.22,0.37,2.61,0.59,1.34,0.6,0.3,1.5,177.8,male
Paul Taylor,11.0,6.0,182.88,70.31,182.88,Orthodox,44.0,4.44,0.47,4.47,0.55,0.27,0.25,0.56,0.5,182.88,male
Gabe Ruediger,18.0,8.0,177.8,70.31,182.88,Orthodox,46.0,1.7,0.31,5.16,0.41,2.04,0.11,0.28,0.0,182.88,male
Tim Hague,21.0,13.0,193.04,117.93,193.04,Orthodox,40.0,2.79,0.47,4.14,0.46,1.72,0.33,0.85,0.9,193.04,male
Mike Guymon,15.0,6.0,182.88,77.11,187.96,Orthodox,49.0,2.75,0.65,0.79,0.66,1.87,0.37,0.54,1.2,187.96,male
Willamy Freire,26.0,6.0,172.72,70.31,182.88,Orthodox,36.0,1.53,0.37,0.93,0.62,0.5,1.0,0.73,0.0,182.88,male
Amilcar Alves,15.0,12.0,182.88,77.11,182.88,Southpaw,35.0,0.5,0.46,2.02,0.3,0.0,0.0,0.53,0.0,182.88,male
Marcus Davis,22.0,11.0,177.8,77.11,177.8,Southpaw,50.0,2.72,0.39,2.79,0.65,1.6,0.48,0.47,1.4,177.8,male
Phil Baroni,15.0,18.0,175.26,77.11,182.88,Orthodox,47.0,2.77,0.45,3.93,0.4,1.46,0.47,0.6,0.5,182.88,male
Greg Soto,9.0,4.0,180.34,77.11,185.42,Orthodox,37.0,3.21,0.63,2.61,0.52,1.49,0.27,0.44,1.0,185.42,male
Antonio McKee,29.0,6.0,172.72,70.31,182.88,Southpaw,54.0,1.37,0.45,0.74,0.74,1.47,0.33,0.57,0.0,182.88,male
Joe Doerksen,51.0,16.0,182.88,83.91,190.5,Orthodox,46.0,1.43,0.42,2.79,0.5,2.02,0.33,0.33,2.3,190.5,male
Dustin Hazelett,12.0,7.0,185.42,77.11,193.04,Orthodox,37.0,2.24,0.4,3.51,0.46,0.55,0.5,0.25,4.1,193.04,male
Pat Audinwood,11.0,2.0,182.88,70.31,182.88,Orthodox,37.0,1.17,0.12,4.31,0.41,0.8,0.5,0.0,0.0,182.88,andy
Aaron Wilkinson,11.0,7.0,177.8,70.31,182.88,Orthodox,37.0,0.0,0.0,0.0,1.0,7.32,1.0,0.0,0.0,182.88,male
Tyler Toner,15.0,7.0,172.72,65.77,177.8,Orthodox,40.0,2.95,0.52,2.13,0.62,0.0,0.0,0.54,0.4,177.8,male
Sako Chivitchian,8.0,1.0,180.34,70.31,182.88,Orthodox,40.0,2.4,0.27,4.8,0.46,0.0,0.0,1.0,0.0,182.88,female
Fredson Paixao,10.0,5.0,167.64,65.77,167.64,Orthodox,44.0,1.71,0.54,2.31,0.62,0.62,0.11,0.1,2.2,167.64,male
Gerald Harris,23.0,5.0,180.34,83.91,195.58,Southpaw,44.0,1.41,0.29,1.58,0.62,2.96,0.54,0.72,0.0,195.58,male
Maiquel Falcao,37.0,10.0,180.34,83.91,182.88,Orthodox,43.0,1.67,0.55,0.53,0.86,1.0,1.0,0.71,3.0,182.88,male
Brian Foster,27.0,10.0,175.26,77.11,180.34,Orthodox,39.0,3.3,0.39,1.63,0.65,3.67,0.6,0.37,1.8,180.34,male
Karo Parisyan,24.0,11.0,177.8,77.11,182.88,Orthodox,41.0,2.49,0.41,2.19,0.58,5.27,0.59,0.59,1.0,182.88,male
Goran Reljic,15.0,8.0,190.5,92.99,205.74,Southpaw,40.0,1.69,0.37,2.69,0.59,1.69,0.5,0.33,1.1,205.74,male
Nick Osipczak,6.0,3.0,187.96,77.11,193.04,Orthodox,39.0,2.83,0.5,3.77,0.5,1.2,0.45,0.71,1.0,193.04,male
Alexandre Ferreira,18.0,6.0,170.18,92.99,182.88,Orthodox,44.0,2.57,0.6,8.14,0.42,0.0,0.0,0.0,0.0,182.88,male
Mark Scanlon,9.0,2.0,175.26,77.11,182.88,Orthodox,38.0,2.2,0.35,3.33,0.48,3.0,0.75,0.25,2.0,182.88,male
Seth Petruzelli,14.0,8.0,182.88,92.99,193.04,Orthodox,44.0,2.17,0.41,2.08,0.55,0.46,0.5,0.47,2.3,193.04,male
Gilbert Yvel,39.0,16.0,187.96,102.06,195.58,Orthodox,47.0,1.05,0.47,1.78,0.5,0.0,0.0,0.25,1.0,195.58,male
James Wilks,7.0,4.0,185.42,77.11,190.5,Orthodox,45.0,1.82,0.45,2.03,0.5,1.27,0.22,0.66,3.8,190.5,male
Vinicius Queiroz,8.0,4.0,200.66,99.79,182.88,Orthodox,40.0,3.67,0.51,4.1,0.41,5.07,0.7,1.0,0.7,182.88,male
Mark Holst,12.0,6.0,182.88,70.31,182.88,Orthodox,38.0,0.25,0.19,1.67,0.47,0.76,1.0,0.6,2.3,182.88,male
James McSweeney,15.0,15.0,193.04,104.33,195.58,Switch,43.0,3.94,0.55,4.33,0.42,0.52,0.33,1.0,1.1,195.58,male
Matt Serra,11.0,7.0,167.64,77.11,172.72,Orthodox,49.0,1.98,0.39,2.64,0.46,2.05,0.2,0.38,0.9,172.72,male
Sean Sherk,36.0,4.0,167.64,70.31,170.18,Orthodox,50.0,2.17,0.35,2.71,0.55,4.09,0.46,0.56,0.4,170.18,male
Steve Lopez,13.0,6.0,180.34,70.31,182.88,Orthodox,39.0,1.39,0.24,2.69,0.62,0.0,0.0,0.37,0.0,182.88,male
Julio Paulino,23.0,5.0,182.88,77.11,182.88,Orthodox,48.0,0.97,0.27,1.87,0.48,0.0,0.0,0.37,0.5,182.88,male
John Gunderson,35.0,16.0,175.26,70.31,175.26,Orthodox,45.0,1.04,0.27,1.71,0.58,1.67,0.33,0.11,2.0,175.26,male
Tomasz Drwal,21.0,5.0,185.42,92.99,193.04,Orthodox,42.0,3.29,0.38,2.26,0.57,3.55,0.6,0.82,0.4,193.04,male
Forrest Petz,26.0,10.0,175.26,77.11,180.34,Orthodox,48.0,2.27,0.29,2.2,0.57,1.3,1.0,0.66,0.0,180.34,male
James Toney,0.0,1.0,175.26,99.79,182.88,Orthodox,55.0,0.0,0.0,2.41,0.27,0.0,0.0,0.0,0.0,182.88,male
John Salter,14.0,3.0,185.42,83.91,187.96,Southpaw,39.0,1.68,0.32,1.68,0.68,2.85,0.46,0.66,0.5,187.96,male
Rodney Wallace,26.0,15.0,175.26,92.99,182.88,Switch,42.0,1.13,0.46,3.44,0.45,6.0,0.54,0.28,1.0,182.88,male
James Irvin,17.0,10.0,187.96,92.99,190.5,Orthodox,45.0,2.03,0.48,3.86,0.35,0.0,0.0,0.36,0.5,190.5,male
Steve Steinbeiss,9.0,4.0,190.5,83.91,190.5,Orthodox,42.0,3.92,0.55,1.86,0.49,0.44,0.5,0.58,0.0,190.5,male
Keith Jardine,17.0,11.0,187.96,83.91,193.04,Orthodox,48.0,3.25,0.36,2.98,0.59,1.18,0.45,0.62,0.7,193.04,male
Jamie Yager,8.0,4.0,185.42,83.91,182.88,Orthodox,40.0,3.08,0.39,2.55,0.63,0.0,0.0,0.66,0.0,182.88,female
Josh Bryant,15.0,4.0,177.8,83.91,182.88,Orthodox,43.0,1.1,0.2,6.1,0.43,0.0,0.0,0.0,0.0,182.88,male
James Hammortree,6.0,3.0,190.5,83.91,182.88,Orthodox,40.0,1.93,0.3,4.13,0.44,2.0,0.5,1.0,1.0,182.88,male
Chuck Liddell,21.0,8.0,187.96,92.99,193.04,Orthodox,54.0,2.97,0.35,2.71,0.56,0.44,0.75,0.81,0.0,193.04,male
David Loiseau,23.0,11.0,182.88,83.91,193.04,Orthodox,44.0,1.59,0.44,3.64,0.43,0.43,0.42,0.36,0.1,193.04,male
Jesse Lennox,14.0,4.0,175.26,77.11,182.88,Orthodox,42.0,2.69,0.32,3.2,0.64,1.22,0.66,0.63,0.3,182.88,male
Dan Lauzon,17.0,6.0,177.8,70.31,182.88,Orthodox,35.0,1.34,0.25,4.09,0.61,1.63,0.33,0.8,2.7,182.88,male
Joe Brammer,7.0,3.0,172.72,70.31,182.88,Orthodox,40.0,2.15,0.31,2.8,0.56,0.81,0.5,0.5,0.0,182.88,male
Jesse Forbes,15.0,5.0,187.96,83.91,190.5,Southpaw,39.0,2.11,0.24,4.06,0.53,1.79,0.75,0.66,1.2,190.5,male
Paul Daley,39.0,15.0,175.26,77.11,193.04,Orthodox,41.0,3.14,0.47,2.37,0.6,0.91,0.4,0.64,0.0,193.04,male
Kevin Ferguson,5.0,2.0,187.96,106.59,195.58,Orthodox,50.0,2.3,0.5,3.41,0.38,3.1,0.72,0.36,1.2,195.58,male
Jonathan Goulet,23.0,12.0,182.88,77.11,185.42,Orthodox,44.0,1.61,0.41,2.01,0.46,4.17,0.7,0.45,0.6,185.42,male
Yoshiyuki Yoshida,18.0,9.0,180.34,77.11,177.8,Southpaw,49.0,0.85,0.36,3.67,0.36,1.41,0.28,0.25,2.8,177.8,male
Renzo Gracie,13.0,7.0,177.8,83.91,182.88,Orthodox,57.0,1.71,0.41,1.67,0.55,1.13,0.2,0.4,0.8,182.88,male
Brad Blackburn,18.0,13.0,177.8,77.11,185.42,Orthodox,46.0,4.55,0.35,3.59,0.65,0.93,0.5,0.76,0.7,185.42,male
Matt Veach,17.0,5.0,180.34,70.31,182.88,Orthodox,42.0,1.12,0.28,4.91,0.44,3.64,0.38,1.0,1.5,182.88,male
Mostapha Al-Turk,6.0,6.0,187.96,111.13,195.58,Orthodox,50.0,1.36,0.19,3.61,0.53,0.0,0.0,0.0,0.0,195.58,male
Nate Quarry,12.0,4.0,182.88,83.91,182.88,Open Stance,52.0,4.96,0.44,2.8,0.66,0.25,0.33,0.6,0.0,182.88,female
Ronys Torres,35.0,5.0,170.18,70.31,182.88,Orthodox,48.0,0.87,0.26,1.93,0.57,4.0,0.47,0.16,0.5,182.88,male
Rob Emerson,18.0,12.0,175.26,70.31,177.8,Orthodox,42.0,2.5,0.3,2.83,0.64,2.02,0.52,0.65,0.4,177.8,male
Caol Uno,33.0,19.0,170.18,70.31,177.8,Southpaw,48.0,1.91,0.49,1.9,0.5,1.95,0.31,0.37,0.5,177.8,male
Lucio Linhares,19.0,8.0,187.96,83.91,182.88,Orthodox,50.0,0.99,0.22,3.47,0.34,1.86,0.5,0.5,1.9,182.88,male
Rory Markham,17.0,6.0,182.88,77.11,180.34,Orthodox,42.0,1.98,0.21,10.27,0.45,0.0,0.0,0.0,0.0,180.34,male
Paul Buentello,35.0,17.0,187.96,111.13,195.58,Orthodox,50.0,3.29,0.45,3.83,0.52,0.19,0.33,0.39,0.4,195.58,male
Shannon Gugerty,15.0,7.0,177.8,70.31,180.34,Orthodox,42.0,1.25,0.39,1.88,0.58,2.13,0.27,0.5,3.4,180.34,female
Chase Gormley,14.0,6.0,190.5,120.2,182.88,Orthodox,38.0,3.6,0.42,6.03,0.44,3.12,0.42,0.0,1.0,182.88,male
Mark Coleman,16.0,10.0,185.42,92.99,190.5,Orthodox,59.0,1.88,0.52,2.62,0.4,3.89,0.4,0.5,0.8,190.5,male
Frank Trigg,21.0,9.0,175.26,77.11,180.34,Southpaw,51.0,2.79,0.46,1.9,0.56,2.35,0.47,0.75,0.8,180.34,male
Justin Buchholz,15.0,10.0,182.88,70.31,185.42,Orthodox,40.0,2.35,0.26,4.14,0.51,0.0,0.0,0.33,0.8,185.42,male
Rolles Gracie,8.0,4.0,193.04,109.77,182.88,Orthodox,45.0,2.3,0.32,3.38,0.55,2.3,0.1,0.0,0.0,182.88,male
Jay Silva,10.0,11.0,187.96,83.91,182.88,Southpaw,38.0,1.13,0.34,3.07,0.4,0.0,0.0,0.38,1.0,182.88,male
Kyle Bradley,19.0,12.0,175.26,70.31,180.34,Orthodox,41.0,1.99,0.4,3.45,0.58,0.65,0.5,0.4,0.0,180.34,female
Wilson Gouveia,14.0,8.0,185.42,83.91,193.04,Orthodox,45.0,3.02,0.39,4.06,0.56,0.9,0.66,0.57,2.2,193.04,male
Shane Nelson,16.0,7.0,175.26,70.31,177.8,Southpaw,39.0,1.38,0.31,2.84,0.61,1.31,0.18,0.54,1.6,177.8,male
Kevin Burns,12.0,7.0,177.8,77.11,187.96,Orthodox,44.0,2.74,0.38,4.3,0.52,0.28,0.5,0.47,0.8,187.96,male
Houston Alexander,17.0,15.0,182.88,92.99,182.88,Orthodox,52.0,3.06,0.54,3.2,0.52,1.19,0.57,0.33,0.0,182.88,male
Marcus Jones,4.0,2.0,198.12,120.2,182.88,Orthodox,50.0,1.94,0.52,2.71,0.58,8.71,0.75,0.0,2.9,182.88,male
Darrill Schoonover,14.0,8.0,187.96,99.79,182.88,Orthodox,38.0,1.2,0.33,4.35,0.38,0.0,0.0,0.5,1.1,182.88,male
Justin Wren,13.0,2.0,187.96,120.2,182.88,Orthodox,36.0,3.43,0.35,2.07,0.64,0.0,0.0,1.0,0.0,182.88,male
Jake Rosholt,12.0,5.0,185.42,83.91,182.88,Orthodox,42.0,2.68,0.53,2.33,0.49,6.51,0.68,0.0,1.8,182.88,male
Brock Larson,42.0,10.0,180.34,77.11,180.34,Southpaw,46.0,1.39,0.46,1.5,0.55,2.67,0.34,0.43,2.0,180.34,male
Jason Dent,22.0,13.0,177.8,70.31,180.34,Orthodox,43.0,2.01,0.39,3.7,0.62,0.0,0.0,0.26,1.4,180.34,male
Denis Kang,35.0,16.0,180.34,83.91,195.58,Orthodox,46.0,2.27,0.35,1.65,0.67,2.51,0.65,0.38,1.2,195.58,male
Rolando Delgado,11.0,6.0,190.5,70.31,195.58,Orthodox,42.0,1.56,0.4,1.83,0.62,1.17,0.22,0.0,3.5,195.58,male
Antoni Hardonk,8.0,6.0,193.04,111.13,198.12,Orthodox,48.0,3.4,0.61,3.07,0.46,0.0,0.0,0.4,0.9,198.12,male
Razak Al-Hassan,13.0,5.0,187.96,92.99,182.88,Orthodox,41.0,3.27,0.39,3.14,0.6,0.65,0.14,0.57,0.0,182.88,male
Hermes Franca,24.0,17.0,167.64,70.31,180.34,Orthodox,49.0,1.78,0.39,2.85,0.55,1.53,0.36,0.37,2.4,180.34,male
Drew McFedries,12.0,7.0,182.88,83.91,182.88,Southpaw,45.0,5.13,0.51,4.56,0.52,1.42,1.0,0.56,0.7,182.88,male
Roger Huerta,23.0,9.0,175.26,70.31,177.8,Orthodox,40.0,3.64,0.36,2.33,0.56,2.13,0.46,0.52,0.5,177.8,male
Chris Wilson,18.0,10.0,185.42,77.11,190.5,Orthodox,46.0,2.32,0.5,1.36,0.55,1.31,0.5,0.6,1.6,190.5,male
Justin McCully,11.0,5.0,185.42,102.06,185.42,Orthodox,48.0,1.58,0.37,2.02,0.46,1.28,0.44,0.43,0.0,185.42,male
Marcus Aurelio,22.0,10.0,177.8,70.31,187.96,Orthodox,50.0,1.42,0.33,2.27,0.59,1.69,0.27,0.27,1.3,187.96,male
Dan Cramer,11.0,4.0,187.96,77.11,182.88,Orthodox,38.0,0.97,0.3,2.1,0.31,0.0,0.0,0.66,0.5,182.88,male
Danillo Villefort,15.0,5.0,185.42,83.91,182.88,Orthodox,40.0,2.86,0.37,2.4,0.68,1.71,0.66,0.33,1.7,182.88,male
Jake O'Brien,15.0,4.0,190.5,92.99,193.04,Orthodox,39.0,1.31,0.31,1.92,0.69,6.39,0.54,0.25,0.2,193.04,male
Mike Ciesnolevicz,19.0,4.0,182.88,106.59,182.88,Orthodox,44.0,0.51,0.5,4.62,0.57,0.0,0.0,0.2,5.1,182.88,male
Frank Lester,11.0,6.0,180.34,77.11,182.88,Orthodox,39.0,2.18,0.36,3.82,0.53,0.0,0.0,0.0,0.0,182.88,male
Cameron Dollar,11.0,5.0,180.34,70.31,182.88,Orthodox,36.0,5.04,0.38,2.94,0.61,0.0,0.0,0.0,0.0,182.88,male
Dale Hartt,6.0,3.0,177.8,70.31,175.26,Orthodox,44.0,1.14,0.35,1.55,0.66,1.22,1.0,0.25,2.5,175.26,male
Denis Stojnic,13.0,3.0,182.88,111.13,182.88,Orthodox,44.0,1.51,0.23,6.06,0.36,0.0,0.0,0.8,1.0,182.88,male
Xavier Foupa-Pokam,32.0,22.0,185.42,83.91,182.88,Open Stance,41.0,1.47,0.43,2.5,0.49,0.0,0.0,0.16,0.0,182.88,male
Andre Gusmao,6.0,3.0,182.88,92.99,182.88,Orthodox,46.0,2.79,0.43,3.28,0.6,0.0,0.0,0.6,0.0,182.88,male
Brandon Wolff,7.0,5.0,175.26,77.11,182.88,Orthodox,48.0,0.47,0.33,10.91,0.19,0.0,0.0,0.0,0.0,182.88,male
David Kaplan,3.0,4.0,170.18,70.31,182.88,Orthodox,44.0,2.88,0.46,4.32,0.67,4.88,0.43,0.0,0.7,182.88,male
David Bielkheden,24.0,12.0,177.8,70.31,180.34,Orthodox,44.0,1.11,0.57,1.64,0.54,2.65,0.63,0.14,0.0,180.34,male
Ryo Chonan,22.0,13.0,175.26,77.11,177.8,Orthodox,47.0,2.57,0.43,2.25,0.6,0.61,0.41,0.39,0.3,177.8,andy
Carmelo Marrero,16.0,6.0,182.88,92.99,185.42,Orthodox,43.0,0.84,0.34,2.04,0.54,3.21,0.36,0.36,0.9,185.42,male
Junie Browning,5.0,6.0,175.26,70.31,182.88,Orthodox,39.0,3.76,0.48,1.76,0.66,3.53,0.66,0.0,3.5,182.88,male
Matt Horwich,30.0,25.0,185.42,83.91,182.88,Orthodox,45.0,1.11,0.62,2.16,0.38,0.33,0.09,0.28,2.7,182.88,male
Jesse Sanders,23.0,7.0,182.88,77.11,182.88,Orthodox,38.0,0.0,0.0,6.45,0.35,0.0,0.0,0.5,0.0,182.88,male
Nissen Osterneck,12.0,4.0,187.96,83.91,182.88,Orthodox,42.0,3.15,0.58,2.9,0.41,0.63,0.12,0.42,1.3,182.88,male
Joe Vedepo,18.0,9.0,182.88,83.91,182.88,Orthodox,38.0,1.43,0.42,5.71,0.38,1.07,0.2,0.0,0.0,182.88,male
Tim McKenzie,14.0,9.0,182.88,83.91,187.96,Orthodox,41.0,1.37,0.54,2.96,0.44,0.0,0.0,0.28,2.1,187.96,male
Pete Sell,10.0,7.0,180.34,77.11,190.5,Orthodox,41.0,2.6,0.42,3.65,0.51,0.91,0.21,0.47,0.9,190.5,male
Ryan Madigan,5.0,3.0,182.88,77.11,182.88,Orthodox,38.0,0.0,0.0,3.35,0.47,0.0,0.0,0.0,0.0,182.88,male
Jason Day,19.0,12.0,182.88,83.91,182.88,Orthodox,42.0,3.61,0.54,3.46,0.47,1.13,1.0,0.0,0.0,182.88,male
Michael Patt,12.0,4.0,182.88,92.99,182.88,Orthodox,38.0,1.65,0.28,5.53,0.55,0.0,0.0,0.0,0.0,182.88,male
Brian Cobb,20.0,9.0,180.34,70.31,182.88,Orthodox,38.0,0.0,0.0,3.68,0.55,5.81,0.5,0.0,0.0,182.88,male
Per Eklund,14.0,5.0,177.8,70.31,182.88,Orthodox,38.0,2.07,0.61,2.38,0.67,2.07,0.11,0.5,3.6,182.88,male
Neil Grove,12.0,8.0,198.12,120.2,182.88,Orthodox,53.0,0.0,0.0,0.0,0.0,0.0,0.0,1.0,14.3,182.88,male
Troy Mandaloniz,3.0,2.0,175.26,77.11,182.88,Orthodox,44.0,3.52,0.56,4.71,0.63,3.1,0.66,0.57,0.0,182.88,male
Luigi Fioravanti,26.0,15.0,172.72,77.11,177.8,Orthodox,43.0,2.23,0.42,2.21,0.69,3.76,0.63,0.67,0.9,177.8,male
Rich Clementi,45.0,23.0,175.26,70.31,182.88,Southpaw,47.0,1.43,0.37,2.29,0.6,1.72,0.42,0.25,1.1,182.88,male
Derek Downey,11.0,4.0,185.42,83.91,182.88,Orthodox,43.0,0.32,1.0,3.36,0.12,2.4,0.16,0.0,0.0,182.88,male
Steve Bruno,15.0,6.0,177.8,77.11,182.88,Orthodox,42.0,0.96,0.52,3.38,0.36,1.94,0.25,0.46,0.4,182.88,male
Akihiro Gono,35.0,21.0,170.18,77.11,172.72,Switch,49.0,2.18,0.48,2.67,0.63,1.01,0.84,0.46,0.5,172.72,male
Christian Wellisch,8.0,5.0,187.96,106.14,195.58,Orthodox,48.0,3.12,0.27,3.04,0.56,1.22,0.42,0.45,1.2,195.58,male
Matt Arroyo,3.0,3.0,177.8,77.11,182.88,Orthodox,41.0,1.62,0.47,2.01,0.58,2.12,0.36,1.0,5.3,182.88,male
Jeremy Horn,91.0,22.0,185.42,83.91,187.96,Orthodox,48.0,1.19,0.39,1.99,0.55,1.83,0.38,0.29,1.1,187.96,male
Tom Egan,7.0,5.0,180.34,77.11,182.88,Orthodox,38.0,0.0,0.0,3.91,0.5,0.0,0.0,0.28,0.0,182.88,male
Alexandre Barros,22.0,11.0,175.26,77.11,182.88,Southpaw,47.0,0.98,0.4,4.05,0.36,1.84,0.5,1.0,0.0,182.88,male
Antonio Mendes,18.0,13.0,190.5,92.99,195.58,Southpaw,42.0,1.34,0.47,6.85,0.22,2.51,0.5,1.0,0.0,195.58,male
Ivan Serati,12.0,4.0,182.88,92.99,182.88,Orthodox,38.0,0.86,0.26,5.33,0.29,0.0,0.0,0.0,0.0,182.88,male
Nate Mohr,9.0,7.0,175.26,70.31,182.88,Orthodox,41.0,3.79,0.41,2.5,0.74,0.45,0.5,0.71,0.0,182.88,female
Dean Lister,13.0,7.0,185.42,83.91,190.5,Orthodox,48.0,1.26,0.35,1.89,0.61,1.58,0.15,0.5,1.1,190.5,male
Mike Wessel,15.0,8.0,182.88,117.93,182.88,Orthodox,46.0,1.82,0.56,6.43,0.22,6.29,0.5,0.0,0.0,182.88,male
Reese Andy,7.0,3.0,182.88,92.99,182.88,Orthodox,50.0,2.87,0.5,3.5,0.58,0.67,0.2,0.4,0.0,182.88,andy
Dan Evensen,11.0,4.0,190.5,113.4,182.88,Orthodox,49.0,0.27,0.1,3.86,0.38,0.0,0.0,0.0,4.0,182.88,male
Shane Primm,5.0,5.0,190.5,92.99,182.88,Orthodox,39.0,0.83,0.26,2.25,0.62,1.78,0.2,0.0,0.0,182.88,male
Jules Bruchez,1.0,2.0,182.88,92.99,182.88,Southpaw,46.0,0.69,0.5,5.52,0.46,0.0,0.0,0.0,0.0,182.88,male
John Polakowski,2.0,2.0,177.8,70.31,182.88,Orthodox,42.0,2.6,0.26,2.83,0.5,0.0,0.0,0.87,0.7,182.88,male
Nate Loughran,11.0,2.0,187.96,83.91,182.88,Orthodox,43.0,1.81,0.4,4.11,0.59,0.0,0.0,0.0,2.1,182.88,female
Brodie Farber,16.0,7.0,185.42,77.11,182.88,Orthodox,43.0,1.69,0.45,2.17,0.53,0.9,0.5,0.2,0.9,182.88,male
Johnny Rees,13.0,5.0,182.88,77.11,182.88,Orthodox,41.0,3.29,0.64,0.84,0.47,1.15,0.25,0.5,0.0,182.88,male
Corey Hill,6.0,9.0,193.04,70.31,203.2,Orthodox,45.0,3.57,0.46,1.61,0.7,3.02,0.8,1.0,0.0,203.2,male
Eddie Sanchez,15.0,8.0,187.96,104.33,187.96,Orthodox,41.0,3.45,0.43,3.3,0.43,1.13,0.26,0.42,0.0,187.96,male
Josh Hendricks,19.0,11.0,187.96,106.59,182.88,Southpaw,47.0,0.98,0.2,11.8,0.29,0.0,0.0,0.0,0.0,182.88,male
Jorge Gurgel,14.0,10.0,170.18,70.31,175.26,Orthodox,47.0,3.37,0.32,3.62,0.62,0.81,0.23,0.6,0.5,175.26,male
Alvin Robinson,15.0,9.0,175.26,70.31,172.72,Southpaw,41.0,1.57,0.5,1.29,0.51,1.24,0.5,0.25,1.2,172.72,male
Ryan Thomas,20.0,8.0,182.88,77.11,182.88,Orthodox,39.0,2.01,0.36,4.17,0.3,5.59,0.33,0.0,2.2,182.88,male
Rameau Thierry Sokoudjou,18.0,18.0,177.8,92.99,198.12,Orthodox,39.0,2.26,0.45,2.61,0.56,1.93,0.47,0.78,0.9,198.12,male
Neil Wain,13.0,4.0,177.8,109.77,182.88,Orthodox,38.0,2.64,0.5,8.57,0.43,0.0,0.0,0.5,0.0,182.88,male
Jess Liaudin,20.0,11.0,175.26,77.11,182.88,Orthodox,38.0,2.46,0.51,2.76,0.41,3.28,0.53,0.3,1.6,182.88,male
David Baron,17.0,4.0,167.64,70.31,182.88,Switch,51.0,1.17,0.3,2.1,0.56,0.0,0.0,0.14,0.7,182.88,male
Samy Schiavo,10.0,6.0,172.72,70.31,182.88,Orthodox,48.0,1.68,0.34,2.62,0.38,0.94,0.5,0.66,0.9,182.88,male
Brad Morris,10.0,6.0,187.96,92.99,182.88,Orthodox,44.0,0.5,0.62,6.95,0.27,0.0,0.0,0.0,0.0,182.88,male
Jason Lambert,26.0,13.0,190.5,83.91,190.5,Orthodox,48.0,3.21,0.58,1.84,0.5,1.35,0.36,0.28,2.4,190.5,male
Heath Herring,28.0,16.0,193.04,113.4,198.12,Orthodox,46.0,2.37,0.5,1.77,0.54,1.22,0.5,0.32,0.7,198.12,male
Luke Cummo,6.0,6.0,182.88,77.11,187.96,Orthodox,43.0,1.74,0.43,1.5,0.59,0.89,0.55,0.42,1.4,187.96,male
Cale Yarbrough,8.0,3.0,185.42,83.91,182.88,Orthodox,37.0,3.16,0.27,10.0,0.72,0.0,0.0,0.0,0.0,182.88,male
James Giboo,13.0,5.0,180.34,77.11,182.88,Orthodox,46.0,1.2,0.27,7.08,0.39,0.0,0.0,0.0,0.0,182.88,male
Evan Tanner,32.0,8.0,182.88,83.91,187.96,Orthodox,53.0,3.05,0.59,2.64,0.56,2.55,0.43,0.25,1.3,187.96,male
Dante Rivera,16.0,7.0,185.42,83.91,182.88,Southpaw,49.0,2.27,0.53,4.0,0.25,0.0,0.0,0.16,0.0,182.88,male
Marvin Eastman,18.0,15.0,175.26,83.91,185.42,Orthodox,52.0,2.21,0.35,3.92,0.42,1.38,0.33,0.81,0.0,185.42,male
Rob Yundt,9.0,5.0,185.42,83.91,182.88,Orthodox,43.0,1.37,0.41,2.55,0.31,2.94,1.0,0.0,0.0,182.88,male
Ivan Salaverry,14.0,9.0,182.88,83.91,182.88,Orthodox,53.0,3.01,0.47,1.19,0.76,0.49,0.18,0.36,2.5,182.88,male
Kazuhiro Nakamura,21.0,13.0,180.34,92.99,177.8,Orthodox,44.0,1.56,0.37,1.83,0.59,1.73,0.36,0.42,0.6,177.8,male
War Machine,14.0,5.0,180.34,77.11,182.88,Orthodox,42.0,2.32,0.6,3.17,0.43,1.16,0.5,0.4,0.0,182.88,male
Jason Tan,5.0,3.0,177.8,77.11,182.88,Orthodox,42.0,0.69,0.29,7.37,0.18,0.0,0.0,0.0,0.0,182.88,male
Travis Lutter,10.0,6.0,180.34,83.91,190.5,Orthodox,50.0,0.41,0.32,2.42,0.42,1.95,0.24,0.3,0.7,190.5,male
Kalib Starnes,17.0,11.0,190.5,83.91,187.96,Orthodox,49.0,2.71,0.48,4.43,0.53,1.46,0.33,0.25,0.6,187.96,male
Charles McCarthy,10.0,5.0,177.8,83.91,180.34,Orthodox,43.0,0.18,0.12,4.03,0.56,2.67,0.6,0.0,2.7,180.34,male
Kuniyoshi Hironaka,23.0,9.0,177.8,76.2,177.8,Orthodox,47.0,1.98,0.4,3.01,0.54,1.91,0.3,0.25,0.6,177.8,male
Din Thomas,26.0,9.0,175.26,70.31,182.88,Orthodox,47.0,1.85,0.37,2.6,0.59,1.38,0.52,0.76,1.2,182.88,male
Ryan Roberts,21.0,12.0,167.64,70.31,182.88,Orthodox,45.0,0.0,0.0,22.5,0.45,0.0,0.0,0.0,0.0,182.88,male
Jeff Cox,10.0,7.0,177.8,70.31,182.88,Orthodox,55.0,0.56,0.25,1.69,0.33,4.23,0.5,0.8,0.0,182.88,male
Roman Mitichyan,8.0,3.0,177.8,77.11,182.88,Orthodox,45.0,0.26,0.16,2.7,0.43,1.93,1.0,0.25,1.9,182.88,male
Tommy Speer,21.0,7.0,177.8,77.11,180.34,Orthodox,39.0,2.56,0.51,5.12,0.35,2.02,0.33,0.33,0.0,180.34,male
John Halverson,16.0,8.0,175.26,70.31,182.88,Southpaw,51.0,2.94,0.43,5.29,0.47,0.0,0.0,0.66,2.0,182.88,male
Tim Sylvia,31.0,10.0,203.2,120.2,203.2,Orthodox,48.0,4.23,0.41,2.61,0.61,0.11,1.0,0.75,0.1,203.2,male
David Heath,18.0,7.0,180.34,92.99,182.88,Orthodox,48.0,1.48,0.3,5.16,0.49,0.33,0.5,0.57,1.0,182.88,male
Terry Martin,23.0,11.0,172.72,83.91,180.34,Orthodox,43.0,2.82,0.43,3.13,0.54,3.1,0.42,0.92,0.0,180.34,male
Alberto Crane,15.0,5.0,165.1,70.31,182.88,Orthodox,47.0,0.43,0.25,2.61,0.57,0.0,0.0,0.5,4.0,182.88,male
Joe Veres,4.0,3.0,170.18,70.31,182.88,Orthodox,46.0,0.0,0.0,5.55,0.27,0.0,0.0,0.0,0.0,182.88,male
Colin Robinson,10.0,12.0,193.04,110.22,182.88,Orthodox,55.0,6.19,0.69,7.91,0.37,2.58,1.0,0.5,5.2,182.88,male
James Lee,15.0,3.0,180.34,92.99,182.88,Southpaw,50.0,1.4,0.42,3.72,0.27,13.95,0.5,0.0,7.0,182.88,male
Jordan Radev,23.0,5.0,170.18,83.91,182.88,Southpaw,47.0,1.35,0.23,2.38,0.66,0.0,0.0,0.8,0.0,182.88,male
Tony DeSouza,11.0,4.0,182.88,77.11,177.8,Southpaw,49.0,1.12,0.52,1.57,0.41,2.25,0.42,0.4,1.5,177.8,male
Doug Evans,13.0,10.0,175.26,70.31,182.88,Orthodox,43.0,1.79,0.35,2.55,0.55,3.19,0.83,0.69,0.6,182.88,male
Jared Rollins,8.0,4.0,175.26,77.11,182.88,Orthodox,47.0,3.33,0.57,2.41,0.39,2.5,0.5,0.5,1.2,182.88,male
Billy Miles,2.0,2.0,177.8,77.11,182.88,Orthodox,45.0,0.0,0.0,1.25,0.33,0.0,0.0,0.0,0.0,182.88,male
Dan Barrera,3.0,1.0,175.26,77.11,182.88,Orthodox,43.0,0.8,0.7,1.2,0.28,1.0,0.08,0.0,0.0,182.88,male
Richie Hightower,8.0,4.0,172.72,77.11,182.88,Orthodox,49.0,4.62,0.35,6.92,0.21,3.46,1.0,1.0,0.0,182.88,male
John Kolosci,15.0,9.0,180.34,83.91,182.88,Orthodox,49.0,0.21,0.2,0.85,0.5,0.0,0.0,0.0,0.0,182.88,male
Dorian Price,8.0,5.0,190.5,77.11,182.88,Southpaw,46.0,0.0,0.0,0.0,0.0,0.0,0.0,0.0,0.0,182.88,male
Paul Georgieff,6.0,2.0,187.96,77.11,182.88,Orthodox,41.0,2.55,0.4,2.34,0.35,0.0,0.0,0.0,0.0,182.88,male
Luke Caudillo,17.0,17.0,170.18,70.31,182.88,Orthodox,43.0,1.97,0.28,5.07,0.55,0.44,0.2,0.85,0.0,182.88,male
Jason Black,23.0,4.0,172.72,70.31,182.88,Orthodox,51.0,1.06,0.47,2.6,0.45,0.48,0.33,0.28,6.2,182.88,male
Diego Saraiva,22.0,20.0,167.64,70.31,182.88,Orthodox,41.0,1.64,0.32,3.58,0.62,1.33,0.4,0.0,0.7,182.88,male
Scott Junk,8.0,3.0,185.42,120.2,182.88,Orthodox,45.0,5.13,0.6,1.81,0.45,0.0,0.0,0.0,0.0,182.88,male
Edilberto de Oliveira,29.0,15.0,182.88,77.11,182.88,Orthodox,41.0,4.12,0.32,6.79,0.61,0.0,0.0,0.0,0.0,182.88,male
Anthony Torres,5.0,3.0,172.72,77.11,182.88,Orthodox,45.0,3.54,0.48,7.52,0.45,0.0,0.0,1.0,2.2,182.88,male
Renato Sobral,37.0,11.0,185.42,92.99,190.5,Orthodox,48.0,2.23,0.45,1.53,0.57,2.48,0.42,0.65,2.6,190.5,male
Mike Nickels,9.0,5.0,193.04,92.99,182.88,Orthodox,52.0,4.44,0.52,1.11,0.64,11.11,0.8,0.0,2.8,182.88,male
Jason Gilliam,14.0,9.0,182.88,77.11,182.88,Orthodox,38.0,0.79,0.33,3.14,0.42,0.0,0.0,0.0,0.0,182.88,male
Jens Pulver,27.0,19.0,170.18,65.77,177.8,Southpaw,49.0,2.12,0.37,3.13,0.56,0.22,0.33,0.63,0.3,177.8,male
Floyd Sword,12.0,3.0,182.88,83.91,182.88,Orthodox,47.0,0.78,0.42,1.57,0.4,0.0,0.0,0.33,0.0,182.88,male
Brandon Melendez,25.0,25.0,180.34,70.31,182.88,Southpaw,41.0,0.84,0.26,0.56,0.63,0.0,0.0,0.25,0.0,182.88,male
Andy Wang,7.0,8.0,167.64,70.31,182.88,Orthodox,46.0,3.43,0.36,10.29,0.62,0.0,0.0,0.0,0.0,182.88,male
Allen Berube,4.0,3.0,172.72,70.31,182.88,Orthodox,49.0,0.92,0.8,0.92,0.33,6.87,1.0,0.0,3.4,182.88,male
Brian Geraghty,26.0,18.0,170.18,70.31,182.88,Orthodox,43.0,0.47,0.25,9.77,0.36,0.0,0.0,0.5,0.0,182.88,male
Hector Ramirez,10.0,6.0,182.88,92.99,182.88,Orthodox,48.0,2.27,0.41,4.6,0.56,2.3,0.55,0.66,0.5,182.88,male
Rory Singer,11.0,9.0,187.96,83.91,195.58,Orthodox,47.0,2.55,0.39,2.42,0.63,0.39,0.25,0.64,0.8,195.58,male
Scott Smith,18.0,11.0,182.88,83.91,177.8,Orthodox,44.0,1.9,0.27,5.87,0.5,0.12,0.06,0.58,0.5,177.8,male
Stevie Lynch,5.0,2.0,177.8,77.11,182.88,Orthodox,38.0,2.47,0.25,7.06,0.41,0.0,0.0,0.0,0.0,182.88,male
Pete Spratt,25.0,23.0,175.26,77.11,182.88,Orthodox,53.0,1.63,0.48,1.33,0.55,0.3,1.0,0.46,0.3,182.88,male
Chad Reiner,33.0,18.0,180.34,77.11,182.88,Orthodox,42.0,0.53,0.2,1.97,0.46,0.99,0.33,0.25,2.0,182.88,male
Sean Salmon,18.0,21.0,177.8,83.91,182.88,Southpaw,46.0,1.49,0.33,2.03,0.65,4.06,0.5,0.0,0.0,182.88,male
Elvis Sinosic,7.0,11.0,190.5,92.99,195.58,Orthodox,53.0,1.13,0.37,4.6,0.53,0.0,0.0,0.0,1.2,195.58,male
Assuerio Silva,16.0,8.0,177.8,109.32,182.88,Orthodox,49.0,1.42,0.46,4.2,0.54,2.66,0.34,0.25,1.8,182.88,male
David Lee,12.0,10.0,177.8,70.31,182.88,Orthodox,38.0,1.49,0.5,3.31,0.42,0.0,0.0,0.5,0.0,182.88,male
Victor Valimaki,18.0,10.0,182.88,92.99,182.88,Orthodox,38.0,3.94,0.3,2.99,0.67,0.9,0.14,0.0,0.0,182.88,male
Brad Imes,13.0,7.0,200.66,120.2,182.88,Orthodox,47.0,2.73,0.31,4.24,0.49,1.72,0.71,0.0,1.0,182.88,male
Josh Haynes,14.0,11.0,175.26,77.11,182.88,Orthodox,46.0,1.25,0.22,4.03,0.52,0.94,0.18,0.42,0.0,182.88,male
Dokonjonosuke Mishima,21.0,7.0,170.18,70.31,182.88,Southpaw,51.0,1.06,0.41,1.22,0.52,2.47,0.4,0.25,1.4,182.88,male
Drew Fickett,42.0,21.0,177.8,70.31,177.8,Orthodox,44.0,2.33,0.41,2.29,0.57,1.3,0.35,0.3,2.2,177.8,male
Rex Holman,4.0,2.0,190.5,92.99,182.88,Southpaw,38.0,2.75,0.34,7.25,0.4,0.0,0.0,1.0,0.0,182.88,male
Sam Hoger,10.0,4.0,187.96,92.99,182.88,Orthodox,43.0,1.07,0.25,2.25,0.57,1.12,0.38,0.29,1.3,182.88,male
Chris Price,19.0,4.0,187.96,83.91,182.88,Southpaw,41.0,1.44,0.66,2.59,0.48,0.0,0.0,0.33,2.2,182.88,male
Ross Pointon,6.0,17.0,172.72,77.11,182.88,Orthodox,44.0,2.62,0.23,2.77,0.58,1.19,1.0,0.0,0.0,182.88,male
Marcio Cruz,8.0,3.0,193.04,105.23,182.88,Orthodox,45.0,2.92,0.46,1.51,0.68,0.53,0.07,0.37,1.6,182.88,male
Jeff Joslin,5.0,3.0,182.88,77.11,182.88,Orthodox,48.0,2.17,0.39,1.57,0.65,0.5,0.33,0.64,0.5,182.88,male
Shonie Carter,51.0,31.0,177.8,77.11,182.88,Southpaw,51.0,1.62,0.36,2.32,0.47,0.75,0.66,0.75,0.0,182.88,male
Dave Menne,45.0,17.0,177.8,77.11,182.88,Orthodox,49.0,1.84,0.44,1.99,0.42,0.46,0.5,0.57,2.5,182.88,male
Logan Clark,18.0,6.0,187.96,83.91,182.88,Orthodox,39.0,2.2,0.54,1.49,0.53,0.31,1.0,0.3,2.1,182.88,male
Steve Byrnes,6.0,1.0,182.88,77.11,182.88,Orthodox,38.0,1.2,0.51,2.67,0.27,3.0,0.6,0.0,4.0,182.88,male
Jeff Monson,60.0,26.0,175.26,112.04,187.96,Orthodox,53.0,0.97,0.3,2.87,0.59,1.06,0.12,0.66,0.7,187.96,male
Sherman Pendergarst,11.0,18.0,185.42,106.59,182.88,Orthodox,56.0,1.23,0.36,3.08,0.16,4.62,1.0,0.0,0.0,182.88,male
Josh Shockman,6.0,3.0,193.04,106.59,182.88,Southpaw,43.0,0.87,0.32,0.87,0.58,0.0,0.0,0.23,0.0,182.88,male
Edwin DeWees,38.0,17.0,185.42,83.91,182.88,Orthodox,41.0,1.53,0.33,6.19,0.39,2.18,0.66,0.0,3.3,182.88,male
Jeremy Jackson,9.0,5.0,177.8,77.11,182.88,Orthodox,41.0,0.71,0.27,2.03,0.25,1.52,0.4,0.58,0.0,182.88,male
Gideon Ray,17.0,15.0,177.8,83.91,182.88,Southpaw,50.0,2.08,0.4,2.58,0.53,1.49,1.0,0.0,0.0,182.88,male
Justin James,13.0,7.0,177.8,70.31,182.88,Orthodox,47.0,1.34,0.36,2.68,0.5,0.0,0.0,0.5,1.6,182.88,male
Ken Shamrock,28.0,17.0,185.42,92.99,182.88,Orthodox,60.0,1.47,0.46,4.3,0.39,0.94,0.6,0.44,2.5,182.88,male
Crafton Wallace,18.0,6.0,182.88,83.91,182.88,Orthodox,48.0,1.55,0.44,2.36,0.47,0.0,0.0,0.42,0.0,182.88,male
Mario Neto,13.0,5.0,182.88,103.87,182.88,Orthodox,38.0,1.89,0.5,1.89,0.7,2.84,1.0,0.0,0.0,182.88,male
Danny Abbadi,4.0,6.0,180.34,70.31,182.88,Orthodox,40.0,3.29,0.38,4.41,0.57,0.0,0.0,0.77,0.0,182.88,male
Rob MacDonald,5.0,4.0,190.5,92.99,198.12,Orthodox,45.0,1.8,0.5,2.04,0.46,7.19,0.8,0.8,5.4,198.12,male
Wes Combs,20.0,6.0,187.96,92.99,182.88,Orthodox,50.0,2.14,0.48,4.73,0.45,0.0,0.0,0.0,0.0,182.88,male
Cory Walmsley,8.0,2.0,182.88,92.99,182.88,Orthodox,38.0,0.79,1.0,1.18,0.5,0.0,0.0,0.0,0.0,182.88,male
Yuki Sasaki,25.0,22.0,187.96,83.91,182.88,Orthodox,47.0,1.09,0.43,1.2,0.57,0.43,1.0,0.66,0.0,182.88,female
Jason Von Flue,14.0,12.0,182.88,77.11,182.88,Orthodox,48.0,1.89,0.36,3.23,0.52,0.62,0.16,0.58,1.5,182.88,male
Kristof Midoux,6.0,10.0,185.42,99.79,182.88,Orthodox,49.0,0.7,0.43,2.89,0.49,0.0,0.0,0.0,0.0,182.88,male
Sammy Morgan,18.0,12.0,177.8,77.11,182.88,Orthodox,42.0,1.05,0.22,3.74,0.4,1.43,0.2,0.0,0.5,182.88,male
Dan Christison,20.0,7.0,203.2,120.2,182.88,Orthodox,51.0,4.23,0.51,3.88,0.54,0.0,0.0,0.37,1.1,182.88,male
Joe Jordan,49.0,14.0,167.64,70.31,182.88,Orthodox,45.0,1.85,0.25,4.27,0.59,0.0,0.0,0.66,0.0,182.88,male
Gilbert Aldana,6.0,2.0,185.42,113.4,182.88,Orthodox,46.0,2.91,0.54,6.26,0.26,2.57,0.4,0.33,0.0,182.88,male
Branden Lee Hinkle,17.0,11.0,190.5,106.59,182.88,Orthodox,50.0,2.61,0.69,3.91,0.26,4.34,0.57,0.66,4.3,182.88,male
Kristian Rothaermel,4.0,3.0,182.88,92.99,182.88,Open Stance,52.0,0.75,0.5,2.49,0.41,0.0,0.0,0.0,0.0,182.88,male
Justin Levens,10.0,7.0,180.34,83.91,182.88,Orthodox,43.0,1.24,0.47,3.15,0.37,1.69,0.5,0.33,5.1,182.88,male
Solomon Hutcherson,11.0,7.0,180.34,83.91,182.88,Southpaw,51.0,2.59,0.39,2.59,0.64,3.53,1.0,0.0,0.0,182.88,male
Royce Gracie,15.0,2.0,185.42,79.38,182.88,Southpaw,57.0,0.88,0.41,1.13,0.37,0.0,0.0,0.66,0.8,182.88,male
Fabiano Scherner,11.0,10.0,190.5,116.57,182.88,Orthodox,51.0,1.31,0.31,3.2,0.38,1.09,0.33,0.4,0.0,182.88,male
Rick Davis,3.0,1.0,175.26,70.31,182.88,Orthodox,38.0,3.09,0.5,6.19,0.64,0.0,0.0,0.0,0.0,182.88,male
Nick Thompson,38.0,14.0,185.42,77.11,187.96,Orthodox,42.0,1.87,0.42,1.8,0.49,1.06,1.0,0.35,2.6,187.96,male
David Terrell,6.0,2.0,185.42,83.91,182.88,Southpaw,46.0,2.34,0.63,2.71,0.37,5.54,0.5,0.0,5.5,182.88,male
Derrick Noble,27.0,15.0,175.26,77.11,182.88,Southpaw,45.0,6.21,0.4,3.79,0.59,0.0,0.0,0.0,0.0,182.88,male
Ansar Chalangov,14.0,5.0,175.26,77.11,182.88,Orthodox,44.0,0.68,0.66,1.69,0.54,0.0,0.0,0.0,7.6,182.88,male
Trevor Prangley,34.0,11.0,185.42,83.91,190.5,Orthodox,51.0,2.59,0.6,2.02,0.48,3.38,0.55,0.74,1.0,190.5,male
Steve Vigneault,12.0,6.0,177.8,83.91,182.88,Orthodox,46.0,2.19,0.28,5.75,0.44,0.0,0.0,1.0,0.0,182.88,male
Tom Murphy,8.0,0.0,187.96,102.97,182.88,Southpaw,49.0,2.5,0.71,0.17,0.84,7.51,0.85,0.0,2.5,182.88,male
Icho Larenas,6.0,5.0,190.5,106.59,182.88,Orthodox,44.0,0.17,0.15,2.5,0.28,0.0,0.0,0.14,0.0,182.88,male
Justin Eilers,19.0,7.0,185.42,106.59,182.88,Orthodox,45.0,2.86,0.43,5.66,0.49,0.82,0.25,0.5,0.0,182.88,male
Mike van Arsdale,8.0,5.0,187.96,92.99,182.88,Switch,58.0,1.52,0.41,1.91,0.41,1.06,0.14,0.37,0.0,182.88,male
Mike Whitehead,27.0,8.0,185.42,92.99,182.88,Orthodox,42.0,1.62,0.33,2.36,0.59,3.59,0.43,0.77,0.3,182.88,male
Alex Karalexis,10.0,6.0,172.72,70.31,167.64,Orthodox,46.0,2.57,0.42,2.39,0.54,2.7,0.45,0.86,0.9,167.64,male
Kevin Jordan,11.0,9.0,190.5,111.13,182.88,Orthodox,53.0,2.0,0.4,1.91,0.55,0.0,0.0,0.77,0.6,182.88,male
Jeff Newton,4.0,2.0,187.96,92.99,182.88,Sideways,57.0,0.28,0.2,1.41,0.52,0.0,0.0,0.0,8.5,182.88,male
Kit Cope,6.0,7.0,182.88,77.11,182.88,Orthodox,47.0,1.18,0.52,2.12,0.35,0.0,0.0,0.5,3.5,182.88,male
Kerry Schall,24.0,13.0,187.96,120.2,182.88,Orthodox,52.0,0.94,0.11,4.84,0.63,0.0,0.0,0.0,0.0,182.88,female
Sean Gannon,2.0,1.0,190.5,120.2,182.88,Southpaw,38.0,0.0,0.0,6.38,0.28,0.0,0.0,0.5,0.0,182.88,male
Keigo Kunihara,3.0,2.0,182.88,106.59,182.88,Orthodox,38.0,0.17,0.1,1.99,0.57,4.97,0.4,1.0,2.5,182.88,male
Tra Telligman,7.0,5.0,187.96,105.69,182.88,Orthodox,59.0,1.83,0.35,3.02,0.56,0.87,1.0,0.8,0.0,182.88,male
Brian Gassaway,29.0,20.0,185.42,77.11,182.88,Orthodox,51.0,0.34,0.26,3.65,0.44,0.0,0.0,0.42,0.0,182.88,male
Matt Lindland,22.0,9.0,182.88,83.91,187.96,Southpaw,53.0,2.62,0.5,1.56,0.52,3.01,0.48,0.6,1.3,187.96,male
Bill Mahood,20.0,7.0,190.5,90.72,182.88,Orthodox,57.0,1.54,0.85,3.59,0.17,0.0,0.0,0.0,3.9,182.88,male
Koji Oishi,25.0,10.0,172.72,77.11,182.88,Orthodox,46.0,1.43,0.09,17.86,0.43,0.0,0.0,0.0,0.0,182.88,male
Travis Wiuff,75.0,21.0,190.5,92.99,182.88,Orthodox,46.0,0.48,0.3,4.03,0.41,4.84,0.57,0.44,1.2,182.88,male
John Marsh,8.0,7.0,182.88,120.2,182.88,Orthodox,53.0,0.83,0.42,2.23,0.4,0.43,1.0,0.54,0.4,182.88,male
Bobby Southworth,10.0,6.0,187.96,92.99,182.88,Orthodox,54.0,0.99,0.39,1.38,0.65,3.98,0.78,0.64,1.3,182.88,male
Jason Thacker,0.0,1.0,177.8,83.91,182.88,Orthodox,48.0,0.63,0.33,17.05,0.32,0.0,0.0,0.0,0.0,182.88,male
Chris Sanford,5.0,1.0,180.34,83.91,182.88,Orthodox,56.0,0.23,0.5,3.22,0.17,0.0,0.0,0.0,3.5,182.88,male
Lodune Sincaid,15.0,9.0,175.26,83.91,182.88,Orthodox,50.0,2.72,0.42,6.17,0.57,0.0,0.0,0.75,0.0,182.88,male
Alex Schoenauer,15.0,10.0,190.5,83.91,182.88,Orthodox,47.0,1.22,0.4,2.27,0.42,0.0,0.0,0.22,4.9,182.88,male
Josh Rafferty,9.0,8.0,182.88,77.11,182.88,Orthodox,43.0,0.6,0.33,3.6,0.5,0.0,0.0,0.0,9.0,182.88,male
Mike Kyle,22.0,14.0,193.04,92.99,195.58,Orthodox,43.0,3.93,0.51,3.35,0.49,1.33,0.62,0.5,0.8,195.58,male
Renato Verissimo,7.0,5.0,185.42,77.11,182.88,Orthodox,50.0,0.92,0.48,1.87,0.47,1.46,0.3,0.5,2.5,182.88,male
Tony Fryklund,14.0,9.0,182.88,83.91,182.88,Orthodox,53.0,3.49,0.39,6.5,0.43,0.0,0.0,0.66,0.5,182.88,male
Vernon White,26.0,33.0,182.88,92.99,182.88,Southpaw,52.0,2.11,0.38,2.2,0.54,0.88,0.28,0.44,0.0,182.88,male
Ronald Jhun,24.0,26.0,180.34,77.11,182.88,Orthodox,53.0,1.45,0.57,3.01,0.5,1.81,1.0,1.0,0.0,182.88,male
Kimo Leopoldo,10.0,7.0,190.5,106.59,182.88,Orthodox,56.0,0.76,0.83,2.12,0.3,4.55,1.0,0.0,2.3,182.88,male
Curtis Stout,11.0,12.0,185.42,83.91,182.88,Southpaw,50.0,0.69,0.67,3.2,0.29,0.0,0.0,0.2,0.0,182.88,male
Tiki Ghosn,10.0,7.0,177.8,77.11,182.88,Orthodox,47.0,2.78,0.46,2.94,0.58,0.41,0.5,0.61,0.0,182.88,male
Wesley Correira,20.0,16.0,190.5,117.93,182.88,Orthodox,45.0,2.6,0.36,8.8,0.4,0.0,0.0,0.9,0.0,182.88,male
Wes Sims,24.0,14.0,208.28,117.93,182.88,Orthodox,44.0,0.98,0.51,2.95,0.37,0.0,0.0,0.4,2.3,182.88,male
Jonathan Wiezorek,11.0,2.0,190.5,113.4,182.88,Southpaw,46.0,1.27,0.58,5.47,0.31,1.91,0.2,0.0,0.0,182.88,male
Wade Shipp,11.0,5.0,190.5,111.13,182.88,Orthodox,49.0,4.29,0.86,2.14,0.0,0.0,0.0,0.75,0.0,182.88,male
Genki Sudo,15.0,4.0,175.26,70.31,182.88,Orthodox,46.0,1.55,0.39,2.23,0.33,3.58,0.6,0.5,4.2,182.88,male
Carlos Newton,16.0,14.0,175.26,77.11,182.88,Orthodox,47.0,0.65,0.41,1.55,0.44,2.47,0.7,0.43,0.9,182.88,male
Lee Murray,8.0,2.0,190.5,83.91,182.88,Orthodox,46.0,0.36,0.15,3.28,0.32,0.9,1.0,0.42,1.8,182.88,male
Falaniko Vitale,30.0,11.0,177.8,83.91,182.88,Orthodox,49.0,1.88,0.49,3.68,0.47,0.72,0.33,0.86,0.0,182.88,male
David Abbott,10.0,15.0,182.88,120.2,182.88,Switch,38.0,1.35,0.3,3.55,0.38,1.07,0.33,0.66,0.0,182.88,male
Pedro Rizzo,20.0,11.0,185.42,109.32,182.88,Orthodox,49.0,1.93,0.34,3.02,0.5,0.26,0.28,0.78,0.0,182.88,male
Ricco Rodriguez,53.0,25.0,193.04,120.2,182.88,Orthodox,46.0,1.85,0.51,1.15,0.61,2.3,0.39,0.4,1.0,182.88,male
Keith Rockel,12.0,4.0,182.88,83.91,182.88,Orthodox,38.0,1.13,0.73,0.21,0.66,4.63,0.75,1.0,4.6,182.88,male
Chris Liguori,15.0,10.0,175.26,83.91,182.88,Orthodox,38.0,0.29,0.33,1.44,0.0,0.0,0.0,0.5,0.0,182.88,male
Nick Agallar,24.0,6.0,172.72,70.31,182.88,Orthodox,45.0,0.69,0.11,4.56,0.42,0.0,0.0,0.0,0.0,182.88,male
Gan McGee,13.0,5.0,208.28,120.2,182.88,Orthodox,47.0,2.2,0.29,2.31,0.59,0.65,0.25,0.83,0.0,182.88,andy
Dave Strasser,25.0,8.0,177.8,77.11,182.88,Orthodox,54.0,3.04,0.45,1.88,0.59,0.72,0.33,0.33,0.0,182.88,male
Gerald Strebendt,9.0,7.0,175.26,70.31,182.88,Orthodox,45.0,0.0,0.0,4.0,0.38,0.0,0.0,0.0,16.4,182.88,male
Eddie Ruiz,1.0,1.0,170.18,70.31,182.88,Orthodox,56.0,0.2,0.25,1.4,0.47,2.0,0.12,0.0,0.0,182.88,male
Romie Aram,7.0,1.0,177.8,77.11,182.88,Orthodox,46.0,1.8,0.35,2.83,0.5,2.5,0.62,0.83,0.0,182.88,male
Sean Alvarez,4.0,3.0,182.88,106.59,182.88,Orthodox,52.0,0.89,0.37,3.25,0.47,0.0,0.0,0.0,0.0,182.88,male
Richard Crunkilton,19.0,4.0,170.18,70.31,182.88,Orthodox,44.0,1.72,0.41,1.45,0.58,4.08,0.61,0.65,1.3,182.88,male
Mark Weir,21.0,18.0,187.96,83.91,182.88,Southpaw,56.0,1.54,0.56,2.5,0.38,0.8,0.5,0.25,2.4,182.88,male
Alexandre Dantas,0.0,3.0,187.96,107.95,182.88,Orthodox,45.0,0.21,0.25,1.87,0.6,0.0,0.0,0.0,3.1,182.88,male
Gil Castillo,8.0,5.0,175.26,77.11,182.88,Southpaw,58.0,0.6,0.45,2.22,0.44,3.33,0.45,0.5,0.0,182.88,male
Ian Freeman,20.0,7.0,180.34,102.06,182.88,Orthodox,57.0,2.54,0.48,3.11,0.44,1.44,0.4,0.8,0.7,182.88,male
Phillip Miller,16.0,0.0,180.34,83.91,182.88,Orthodox,45.0,1.61,0.54,1.93,0.5,3.62,0.25,1.0,0.6,182.88,male
Benji Radach,21.0,7.0,177.8,83.91,182.88,Orthodox,44.0,2.62,0.49,2.31,0.51,1.06,0.41,0.71,0.4,182.88,male
Eugene Jackson,15.0,9.0,172.72,83.91,182.88,Orthodox,57.0,2.19,0.33,3.44,0.32,1.91,0.71,0.16,2.3,182.88,male
Leigh Remedios,18.0,10.0,170.18,70.31,182.88,Orthodox,48.0,0.75,0.41,1.36,0.68,0.0,0.0,0.33,0.0,182.88,female
James Zikic,21.0,10.0,187.96,92.99,182.88,Orthodox,47.0,1.47,0.35,1.6,0.44,0.5,0.25,0.74,0.5,182.88,male
Chris Haseman,20.0,17.0,180.34,92.99,182.88,Orthodox,54.0,0.93,0.7,4.67,0.28,0.0,0.0,0.4,2.0,182.88,male
Nick Serra,7.0,3.0,175.26,77.11,182.88,Orthodox,46.0,0.0,0.0,1.73,0.43,1.0,0.1,0.0,2.0,182.88,male
Zach Light,9.0,11.0,172.72,77.11,182.88,Orthodox,50.0,0.81,0.33,1.9,0.48,1.36,1.0,0.0,0.0,182.88,male
Steve Berger,21.0,23.0,180.34,77.11,182.88,Orthodox,50.0,1.0,0.27,3.26,0.36,0.84,0.4,0.16,1.7,182.88,male
Rodrigo Ruas,4.0,5.0,177.8,83.91,182.88,Orthodox,46.0,1.28,0.35,7.0,0.41,0.0,0.0,0.0,0.0,182.88,male
Joao Pierini,4.0,1.0,185.42,70.31,182.88,Switch,52.0,0.76,0.14,4.56,0.33,0.0,0.0,0.0,0.0,182.88,male
Murilo Bustamante,15.0,8.0,187.96,83.01,182.88,Orthodox,57.0,1.33,0.32,1.9,0.6,2.46,0.33,0.54,1.2,182.88,male
Tsuyoshi Kohsaka,27.0,19.0,180.34,102.06,182.88,Orthodox,54.0,1.88,0.38,4.41,0.54,1.32,0.2,0.33,0.4,182.88,male
Paul Creighton,3.0,1.0,167.64,70.31,182.88,Southpaw,53.0,0.72,0.75,4.65,0.3,5.37,0.37,0.0,0.0,182.88,male
Amar Suloev,24.0,7.0,175.26,83.01,182.88,Orthodox,47.0,1.98,0.37,2.19,0.7,0.27,1.0,0.88,0.3,182.88,male
Andrei Semenov,34.0,9.0,182.88,83.91,182.88,Orthodox,46.0,0.78,0.15,2.44,0.6,1.74,0.8,0.55,0.4,182.88,male
Hayato Sakurai,38.0,13.0,170.18,76.2,182.88,Orthodox,48.0,2.45,0.49,1.94,0.59,1.87,0.69,0.56,0.3,182.88,male
Pat Miletich,29.0,7.0,177.8,77.11,182.88,Orthodox,56.0,1.79,0.45,1.66,0.63,1.96,1.0,0.54,1.0,182.88,andy
Pete Williams,12.0,6.0,190.5,106.59,182.88,Orthodox,48.0,0.61,0.62,2.77,0.4,1.84,0.4,0.16,0.9,182.88,male
Kelly Dullanty,4.0,2.0,172.72,70.31,182.88,Orthodox,46.0,0.0,0.0,0.67,0.75,0.0,0.0,0.66,0.0,182.88,female
Jutaro Nakao,25.0,19.0,175.26,77.11,182.88,Southpaw,53.0,0.53,0.38,1.06,0.44,0.38,0.5,0.56,0.0,182.88,male
Kevin Randleman,17.0,16.0,177.8,92.99,182.88,Orthodox,52.0,1.26,0.54,1.12,0.57,2.0,0.56,0.3,0.8,182.88,male
Chris Brennan,21.0,13.0,172.72,77.11,182.88,Orthodox,52.0,0.6,0.4,0.97,0.5,0.0,0.0,0.25,2.1,182.88,male
Bobby Hoffman,36.0,10.0,187.96,111.13,182.88,Orthodox,55.0,2.02,0.7,1.32,0.19,1.17,0.5,0.0,1.2,182.88,male
Homer Moore,26.0,9.0,177.8,92.99,182.88,Orthodox,52.0,0.68,0.5,0.68,0.0,5.07,0.66,0.0,0.0,182.88,male
Roberto Traven,6.0,4.0,190.5,102.97,182.88,Orthodox,55.0,0.92,0.5,2.77,0.57,0.0,0.0,0.0,0.0,182.88,male
Fabiano Iha,9.0,5.0,172.72,70.31,182.88,Orthodox,53.0,1.73,0.47,2.49,0.42,2.88,0.4,0.5,2.9,182.88,male
Semmy Schilt,26.0,14.0,208.28,120.2,182.88,Orthodox,50.0,1.2,0.5,1.31,0.53,0.0,0.0,0.47,1.1,182.88,male
Yuki Kondo,60.0,33.0,180.34,83.01,182.88,Southpaw,48.0,1.14,0.42,2.57,0.51,0.76,0.41,0.37,0.5,182.88,female
Paul Rodriguez,10.0,9.0,170.18,70.31,182.88,Orthodox,38.0,0.84,1.0,1.68,0.68,0.0,0.0,0.5,0.0,182.88,male
Joey Gilbert,2.0,3.0,180.34,70.31,182.88,Orthodox,47.0,0.61,0.42,4.44,0.31,0.0,0.0,0.0,0.0,182.88,male
Phil Johns,30.0,14.0,157.48,77.11,182.88,Southpaw,55.0,1.2,0.66,1.8,0.5,0.0,0.0,0.5,0.0,182.88,male
Kenichi Yamamoto,5.0,12.0,182.88,77.11,182.88,Orthodox,47.0,0.3,0.46,1.93,0.38,0.0,0.0,0.1,0.3,182.88,male
Yoji Anjo,0.0,5.0,180.34,92.99,182.88,Orthodox,57.0,0.0,0.0,3.13,0.25,0.0,0.0,0.0,0.0,182.88,male
Daiju Takase,12.0,15.0,182.88,77.11,182.88,Southpaw,45.0,0.49,0.3,1.64,0.47,0.84,0.17,0.21,1.2,182.88,male
Lance Gibson,4.0,5.0,175.26,83.91,182.88,Orthodox,53.0,1.21,0.75,6.44,0.2,0.0,0.0,0.0,0.0,182.88,male
Maurice Smith,12.0,14.0,187.96,100.24,182.88,Orthodox,62.0,0.41,0.46,0.47,0.6,0.89,0.5,0.2,0.9,182.88,male
Aaron Brink,26.0,26.0,190.5,92.99,182.88,Orthodox,49.0,3.49,0.42,5.71,0.57,0.0,0.0,0.0,0.0,182.88,male
John Lewis,3.0,4.0,182.88,70.31,182.88,Southpaw,38.0,0.0,0.0,4.0,0.66,0.0,0.0,0.0,0.0,182.88,male
Mark Hughes,6.0,2.0,175.26,92.99,182.88,Southpaw,50.0,0.9,0.47,0.4,0.42,3.0,0.5,0.0,4.5,182.88,male
Alex Stiebling,19.0,11.0,187.96,92.99,182.88,Southpaw,38.0,1.77,0.42,1.45,0.52,0.35,0.66,0.66,0.7,182.88,male
Ben Earwood,12.0,3.0,172.72,77.11,182.88,Orthodox,38.0,0.5,0.55,0.2,0.33,3.0,1.0,0.0,0.0,182.88,male
Dan Severn,101.0,19.0,187.96,113.4,182.88,Southpaw,65.0,0.0,0.0,0.0,0.0,0.0,0.0,0.0,0.0,182.88,male
Laverne Clark,27.0,21.0,180.34,77.11,182.88,Orthodox,50.0,0.0,0.0,0.0,0.0,0.0,0.0,0.0,0.0,182.88,female
Tedd Williams,7.0,1.0,185.42,124.74,182.88,Orthodox,54.0,0.0,0.0,0.0,0.0,0.0,0.0,0.0,0.0,182.88,male
Tim Lajcik,7.0,6.0,185.42,102.06,182.88,Orthodox,58.0,0.0,0.0,0.0,0.0,0.0,0.0,0.0,0.0,182.88,male
Tyrone Roberts,43.0,12.0,175.26,83.91,182.88,Orthodox,38.0,0.0,0.0,0.0,0.0,0.0,0.0,0.0,0.0,182.88,male
David Dodd,4.0,7.0,187.96,90.72,182.88,Orthodox,50.0,0.0,0.0,0.0,0.0,0.0,0.0,0.0,0.0,182.88,male
Amaury Bitetti,5.0,2.0,175.26,83.91,182.88,Orthodox,38.0,0.0,0.0,0.0,0.0,0.0,0.0,0.0,0.0,182.88,male
Alex Andrade,10.0,5.0,180.34,90.72,182.88,Orthodox,49.0,0.2,0.36,2.6,0.53,0.0,0.0,0.25,0.8,182.88,male
Marcelo Aguiar,2.0,3.0,177.8,77.11,182.88,Orthodox,38.0,0.0,0.0,0.0,0.0,0.0,0.0,0.0,0.0,182.88,male
Joao Roque,7.0,2.0,167.64,70.31,182.88,Orthodox,52.0,0.0,0.0,0.0,0.0,0.0,0.0,0.0,0.0,182.88,male
Nate Schroeder,11.0,10.0,185.42,104.33,182.88,Missing,33.0,0.0,0.0,0.0,0.0,0.0,0.0,0.0,0.0,182.88,female
Adrian Serrano,56.0,29.0,172.72,77.11,182.88,Missing,60.0,0.0,0.0,0.0,0.0,0.0,0.0,0.0,0.0,182.88,male
Sanae Kikuta,31.0,9.0,175.26,90.72,182.88,Orthodox,52.0,0.7,0.45,0.9,0.52,1.6,0.63,0.25,1.8,182.88,female
Ron Waterman,16.0,6.0,187.96,127.01,182.88,Orthodox,58.0,0.84,0.5,1.37,0.42,4.19,0.69,0.5,2.8,182.88,male
Satoshi Honma,4.0,6.0,185.42,92.99,182.88,Orthodox,55.0,0.0,0.0,0.0,0.0,0.0,0.0,0.0,0.0,182.88,male
Ikuhisa Minowa,60.0,42.0,175.26,82.1,182.88,Orthodox,48.0,0.88,0.4,1.66,0.49,1.82,0.41,0.05,1.9,182.88,male
Joe Slick,16.0,5.0,182.88,90.26,182.88,Orthodox,46.0,0.0,0.0,0.0,0.0,0.0,0.0,0.0,0.0,182.88,male
Steve Judson,0.0,2.0,180.34,104.33,182.88,Orthodox,38.0,0.0,0.0,0.0,0.0,0.0,0.0,0.0,0.0,182.88,male
Jermaine Andre,14.0,4.0,170.18,90.72,182.88,Orthodox,38.0,0.0,0.0,0.0,0.0,0.0,0.0,0.0,0.0,182.88,male
Bob Cook,5.0,0.0,175.26,77.11,182.88,Orthodox,38.0,0.0,0.0,0.0,0.0,0.0,0.0,0.0,0.0,182.88,male
David Velasquez,10.0,10.0,165.1,65.77,182.88,Orthodox,38.0,0.0,0.0,0.0,0.0,0.0,0.0,0.0,0.0,182.88,male
Scott Adams,8.0,1.0,182.88,102.06,182.88,Southpaw,38.0,0.0,0.0,0.0,0.0,0.0,0.0,0.0,0.0,182.88,male
Brad Gumm,10.0,6.0,180.34,77.11,182.88,Orthodox,38.0,0.0,0.0,0.0,0.0,0.0,0.0,0.0,0.0,182.88,male
Katsuhisa Fujii,9.0,18.0,182.88,92.99,182.88,Orthodox,51.0,4.0,0.5,4.43,0.64,2.14,0.25,0.5,2.1,182.88,male
Jason DeLucia,33.0,21.0,180.34,86.18,182.88,Southpaw,54.0,0.0,0.0,0.0,0.0,0.0,0.0,0.0,0.0,182.88,male
Keiichiro Yamamiya,45.0,35.0,180.34,83.91,182.88,Southpaw,51.0,0.0,0.0,0.0,0.0,0.0,0.0,0.0,0.0,182.88,male
Masutatsu Yano,2.0,4.0,175.26,89.81,182.88,Orthodox,48.0,0.0,0.0,0.0,0.0,0.0,0.0,0.0,0.0,182.88,male
Frank Shamrock,23.0,10.0,177.8,83.91,182.88,Orthodox,51.0,4.75,0.53,4.66,0.57,0.35,0.5,0.37,1.1,182.88,male
Jason Godsey,16.0,16.0,187.96,104.33,182.88,Orthodox,38.0,0.0,0.0,0.0,0.0,0.0,0.0,0.0,0.0,182.88,male
Brad Kohler,12.0,15.0,175.26,99.79,182.88,Orthodox,59.0,0.0,0.0,0.0,0.0,0.0,0.0,0.0,0.0,182.88,male
Paul Jones,11.0,1.0,175.26,90.26,182.88,Orthodox,60.0,0.0,0.0,0.0,0.0,0.0,0.0,0.0,0.0,182.88,male
Valeri Ignatov,1.0,2.0,175.26,77.11,182.88,Orthodox,38.0,0.0,0.0,0.0,0.0,0.0,0.0,0.0,0.0,182.88,male
Lowell Anderson,0.0,1.0,167.64,72.57,182.88,Orthodox,38.0,0.0,0.0,0.0,0.0,0.0,0.0,0.0,0.0,182.88,male
Marco Ruas,9.0,4.0,185.42,95.25,182.88,Orthodox,63.0,0.0,0.0,0.0,0.0,0.0,0.0,0.0,0.0,182.88,male
Andre Pederneiras,1.0,1.0,172.72,70.31,182.88,Orthodox,57.0,0.0,0.0,0.0,0.0,0.0,0.0,0.0,0.0,182.88,male
Flavio Luiz Moura,19.0,7.0,180.34,83.01,182.88,Open Stance,38.0,0.67,0.16,0.0,0.0,0.0,0.0,0.0,0.0,182.88,male
Royce Alger,3.0,2.0,177.8,90.26,182.88,Orthodox,38.0,0.0,0.0,0.0,0.0,0.0,0.0,0.0,0.0,182.88,male
Andre Roberts,14.0,2.0,187.96,156.49,182.88,Orthodox,59.0,0.0,0.0,0.0,0.0,0.0,0.0,0.0,0.0,182.88,male
Travis Fulton,253.0,53.0,182.88,108.86,182.88,Orthodox,46.0,0.0,0.0,0.0,0.0,0.0,0.0,0.0,0.0,182.88,male
Bas Rutten,28.0,4.0,185.42,92.99,182.88,Orthodox,59.0,5.59,0.61,2.06,0.79,0.0,0.0,0.0,0.0,182.88,male
Tony Petarra,2.0,3.0,180.34,88.9,182.88,Orthodox,38.0,0.0,0.0,0.0,0.0,0.0,0.0,0.0,0.0,182.88,male
Marcelo Mello,1.0,0.0,170.18,77.11,182.88,Southpaw,38.0,0.0,0.0,0.0,0.0,0.0,0.0,0.0,0.0,182.88,male
David Roberts,5.0,8.0,185.42,77.11,182.88,Orthodox,48.0,0.0,0.0,0.0,0.0,0.0,0.0,0.0,0.0,182.88,male
Chris Condo,0.0,1.0,182.88,151.95,182.88,Orthodox,38.0,0.0,0.0,0.0,0.0,0.0,0.0,0.0,0.0,182.88,male
Guy Mezger,30.0,14.0,185.42,90.72,182.88,Orthodox,56.0,2.3,0.32,1.36,0.72,0.39,0.5,0.88,0.0,182.88,male
Gary Goodridge,23.0,22.0,190.5,112.94,182.88,Orthodox,58.0,1.84,0.56,2.14,0.48,0.4,1.0,0.53,0.8,182.88,male
Sione Latu,1.0,0.0,182.88,97.52,182.88,Missing,38.0,0.0,0.0,0.0,0.0,0.0,0.0,0.0,0.0,182.88,male
Joey Roberts,4.0,3.0,187.96,90.72,182.88,Missing,38.0,0.0,0.0,0.0,0.0,0.0,0.0,0.0,0.0,182.88,male
Jorge Patino,38.0,19.0,172.72,77.11,182.88,Orthodox,50.0,1.33,0.3,3.14,0.53,0.54,0.25,0.5,0.0,182.88,male
Jerry Bohlander,11.0,4.0,180.34,90.26,182.88,Orthodox,50.0,0.0,0.0,0.0,0.0,0.0,0.0,0.0,0.0,182.88,male
Mikey Burnett,5.0,2.0,167.64,77.11,182.88,Orthodox,49.0,0.0,0.0,0.0,0.0,0.0,0.0,0.0,0.0,182.88,male
Townsend Saunders,0.0,2.0,165.1,77.11,182.88,Orthodox,38.0,0.0,0.0,0.0,0.0,0.0,0.0,0.0,0.0,182.88,male
Darrel Gholar,5.0,6.0,172.72,88.0,182.88,Orthodox,38.0,0.0,0.0,0.0,0.0,0.0,0.0,0.0,0.0,182.88,male
Frank Caracci,2.0,3.0,180.34,77.11,182.88,Missing,38.0,0.0,0.0,0.0,0.0,0.0,0.0,0.0,0.0,182.88,male
John Lober,5.0,9.0,180.34,90.26,182.88,Orthodox,56.0,0.0,0.0,0.0,0.0,0.0,0.0,0.0,0.0,182.88,male
Ebenezer Fontes Braga,13.0,7.0,182.88,90.26,182.88,Orthodox,54.0,2.42,0.5,0.42,0.71,0.0,0.0,0.9,0.6,182.88,male
Tulio Palhares,2.0,16.0,185.42,81.65,182.88,Missing,38.0,0.0,0.0,0.0,0.0,0.0,0.0,0.0,0.0,182.88,male
Adriano Santos,0.0,1.0,185.42,81.65,182.88,Missing,38.0,0.0,0.0,0.0,0.0,0.0,0.0,0.0,0.0,182.88,male
Cesar Marscucci,3.0,2.0,185.42,81.65,182.88,Missing,38.0,0.0,0.0,0.0,0.0,0.0,0.0,0.0,0.0,182.88,male
Paulo Santos,0.0,3.0,185.42,81.65,182.88,Missing,38.0,0.0,0.0,0.0,0.0,0.0,0.0,0.0,0.0,182.88,male
Hugo Duarte,6.0,3.0,182.88,108.86,182.88,Orthodox,55.0,0.0,0.0,0.0,0.0,0.0,0.0,0.0,0.0,182.88,male
Joe Pardo,4.0,6.0,185.42,95.25,182.88,Southpaw,38.0,0.0,0.0,0.0,0.0,0.0,0.0,0.0,0.0,182.88,male
Bob Gilstrap,5.0,7.0,190.5,90.72,182.88,Orthodox,38.0,0.0,0.0,0.0,0.0,0.0,0.0,0.0,0.0,182.88,male
Allan Goes,10.0,5.0,182.88,92.99,182.88,Orthodox,52.0,0.64,0.52,1.35,0.41,1.75,0.4,0.0,2.6,182.88,male
Harry Moskowitz,6.0,12.0,195.58,124.74,182.88,Orthodox,38.0,0.0,0.0,0.0,0.0,0.0,0.0,0.0,0.0,182.88,male
Noe Hernandez,5.0,5.0,187.96,92.99,182.88,Orthodox,33.0,0.0,0.0,0.0,0.0,0.0,0.0,0.0,0.0,182.88,female
Igor Zinoviev,4.0,1.0,185.42,90.26,182.88,Orthodox,38.0,0.0,0.0,0.0,0.0,0.0,0.0,0.0,0.0,182.88,male
Kevin Jackson,4.0,2.0,177.8,90.26,182.88,Switch,38.0,0.0,0.0,0.0,0.0,0.0,0.0,0.0,0.0,182.88,male
Eugenio Tadeu,2.0,3.0,172.72,72.57,182.88,Orthodox,38.0,0.0,0.0,0.0,0.0,0.0,0.0,0.0,0.0,182.88,male
Courtney Turner,0.0,3.0,187.96,77.11,182.88,Missing,33.0,0.0,0.0,0.0,0.0,0.0,0.0,0.0,0.0,182.88,female
Josh Stuart,1.0,4.0,175.26,72.57,182.88,Missing,38.0,0.0,0.0,0.0,0.0,0.0,0.0,0.0,0.0,182.88,male
Kazushi Sakuraba,26.0,17.0,182.88,83.91,182.88,Southpaw,54.0,1.26,0.41,2.03,0.51,1.26,0.31,0.48,1.7,182.88,male
Marcus Silveira,6.0,4.0,190.5,109.77,182.88,Orthodox,38.0,0.0,0.0,0.0,0.0,0.0,0.0,0.0,0.0,182.88,male
Joe Charles,6.0,13.0,185.42,117.93,182.88,Southpaw,38.0,0.0,0.0,0.0,0.0,0.0,0.0,0.0,0.0,182.88,male
Mark Kerr,15.0,11.0,190.5,120.66,182.88,Switch,55.0,0.28,0.41,0.89,0.28,2.92,0.77,0.0,0.4,182.88,male
Dwayne Cason,1.0,1.0,177.8,96.16,182.88,Orthodox,38.0,0.0,0.0,0.0,0.0,0.0,0.0,0.0,0.0,182.88,male
Dave Beneteau,6.0,5.0,187.96,113.4,182.88,Orthodox,38.0,0.0,0.0,0.0,0.0,0.0,0.0,0.0,0.0,182.88,male
Carlos Barreto,14.0,9.0,193.04,104.33,182.88,Orthodox,38.0,0.0,0.0,0.0,0.0,0.0,0.0,0.0,0.0,182.88,male
Greg Stott,0.0,1.0,170.18,99.79,182.88,Southpaw,38.0,0.0,0.0,0.0,0.0,0.0,0.0,0.0,0.0,182.88,male
Houston Dorr,1.0,2.0,185.42,95.25,182.88,Orthodox,38.0,0.0,0.0,0.0,0.0,0.0,0.0,0.0,0.0,182.88,male
Alex Hunter,2.0,0.0,175.26,102.51,182.88,Orthodox,38.0,0.0,0.0,0.0,0.0,0.0,0.0,0.0,0.0,182.88,male
Dan Bobish,17.0,9.0,187.96,156.49,182.88,Southpaw,54.0,2.06,0.44,1.74,0.34,2.44,0.42,0.0,1.6,182.88,male
Brian Johnston,5.0,5.0,190.5,104.33,182.88,Orthodox,38.0,0.0,0.0,0.0,0.0,0.0,0.0,0.0,0.0,182.88,male
Moti Horenstein,1.0,6.0,193.04,104.33,182.88,Orthodox,38.0,0.0,0.0,0.0,0.0,0.0,0.0,0.0,0.0,182.88,male
Todd Butler,1.0,4.0,185.42,90.72,182.88,Southpaw,38.0,0.0,0.0,0.0,0.0,0.0,0.0,0.0,0.0,182.88,male
Joe Moreira,2.0,2.0,180.34,88.45,182.88,Southpaw,38.0,0.0,0.0,0.0,0.0,0.0,0.0,0.0,0.0,182.88,male
Yuri Vaulin,0.0,1.0,193.04,89.36,182.88,Southpaw,38.0,0.0,0.0,0.0,0.0,0.0,0.0,0.0,0.0,182.88,male
Sam Fulton,0.0,2.0,175.26,102.51,182.88,Missing,38.0,0.0,0.0,0.0,0.0,0.0,0.0,0.0,0.0,182.88,male
Donnie Chappell,0.0,1.0,180.34,80.74,182.88,Southpaw,38.0,0.0,0.0,0.0,0.0,0.0,0.0,0.0,0.0,182.88,male
Steven Graham,2.0,1.0,185.42,131.54,182.88,Orthodox,38.0,0.0,0.0,0.0,0.0,0.0,0.0,0.0,0.0,182.88,male
Tony Halme,0.0,4.0,190.5,136.08,182.88,Orthodox,61.0,0.0,0.0,0.0,0.0,0.0,0.0,0.0,0.0,182.88,male
Dmitri Stepanov,0.0,1.0,190.5,98.43,182.88,Orthodox,38.0,0.0,0.0,0.0,0.0,0.0,0.0,0.0,0.0,182.88,male
Enson Inoue,12.0,8.0,177.8,95.25,182.88,Orthodox,56.0,1.7,0.63,1.88,0.3,0.0,0.0,0.33,0.0,182.88,male
Christophe Leninger,3.0,4.0,182.88,90.72,182.88,Southpaw,38.0,0.0,0.0,0.0,0.0,0.0,0.0,0.0,0.0,182.88,male
Jack Nilson,2.0,6.0,182.88,90.72,182.88,Missing,38.0,0.0,0.0,0.0,0.0,0.0,0.0,0.0,0.0,182.88,male
Saeed Hosseini,0.0,1.0,182.88,90.72,182.88,Missing,38.0,0.0,0.0,0.0,0.0,0.0,0.0,0.0,0.0,182.88,male
Wes Albritton,0.0,1.0,177.8,85.28,182.88,Orthodox,38.0,0.0,0.0,0.0,0.0,0.0,0.0,0.0,0.0,182.88,male
Scott Ferrozzo,4.0,2.0,180.34,146.51,182.88,Orthodox,58.0,0.0,0.0,0.0,0.0,0.0,0.0,0.0,0.0,182.88,male
Nick Sanzo,1.0,1.0,175.26,86.18,182.88,Missing,38.0,0.0,0.0,0.0,0.0,0.0,0.0,0.0,0.0,182.88,male
Jim Mullen,0.0,2.0,185.42,97.52,182.88,Southpaw,38.0,0.0,0.0,0.0,0.0,0.0,0.0,0.0,0.0,182.88,male
Yoshiki Takahashi,30.0,27.0,180.34,90.26,182.88,Southpaw,55.0,2.26,0.51,6.47,0.44,0.0,0.0,0.66,2.3,182.88,male
Wallid Ismail,9.0,3.0,170.18,92.99,182.88,Orthodox,56.0,0.92,0.31,0.83,0.44,1.85,0.28,0.0,0.5,182.88,male
Rainy Martinez,0.0,2.0,182.88,90.26,182.88,Orthodox,38.0,0.0,0.0,0.0,0.0,0.0,0.0,0.0,0.0,182.88,male
Justin Martin,4.0,3.0,182.88,83.91,182.88,Missing,38.0,0.0,0.0,0.0,0.0,0.0,0.0,0.0,0.0,182.88,male
Eric Martin,0.0,1.0,182.88,83.91,182.88,Missing,38.0,0.0,0.0,0.0,0.0,0.0,0.0,0.0,0.0,182.88,male
Jackie Lee,0.0,1.0,175.26,86.18,182.88,Missing,35.0,0.0,0.0,0.0,0.0,0.0,0.0,0.0,0.0,182.88,andy
Don Frye,20.0,9.0,185.42,99.34,182.88,Orthodox,58.0,2.87,0.64,3.57,0.37,0.91,0.57,0.45,0.7,182.88,male
Steve Nelmark,2.0,1.0,182.88,108.86,182.88,Orthodox,38.0,0.0,0.0,0.0,0.0,0.0,0.0,0.0,0.0,182.88,male
Mark Hall,5.0,6.0,182.88,86.18,182.88,Orthodox,38.0,0.0,0.0,0.0,0.0,0.0,0.0,0.0,0.0,182.88,male
Paul Varelans,9.0,9.0,203.2,136.08,182.88,Orthodox,38.0,0.0,0.0,0.0,0.0,0.0,0.0,0.0,0.0,182.88,male
Cal Worsham,13.0,10.0,180.34,104.33,182.88,Orthodox,38.0,0.0,0.0,0.0,0.0,0.0,0.0,0.0,0.0,182.88,male
Tai Bowden,1.0,1.0,180.34,104.33,182.88,Missing,38.0,0.0,0.0,0.0,0.0,0.0,0.0,0.0,0.0,182.88,male
Jack Nilson,2.0,6.0,180.34,104.33,182.88,Missing,38.0,0.0,0.0,0.0,0.0,0.0,0.0,0.0,0.0,182.88,male
Marcus Bossett,1.0,3.0,185.42,97.52,182.88,Orthodox,38.0,0.0,0.0,0.0,0.0,0.0,0.0,0.0,0.0,182.88,male
Felix Lee Mitchell,2.0,7.0,182.88,86.18,182.88,Orthodox,38.0,0.0,0.0,0.0,0.0,0.0,0.0,0.0,0.0,182.88,male
Fabio Gurgel,3.0,2.0,182.88,92.99,182.88,Orthodox,38.0,0.0,0.0,0.0,0.0,0.0,0.0,0.0,0.0,182.88,male
Sam Adkins,7.0,20.0,190.5,102.06,182.88,Orthodox,58.0,0.0,0.0,0.0,0.0,0.0,0.0,0.0,0.0,182.88,male
Reza Nasri,0.0,1.0,180.34,92.99,182.88,Orthodox,38.0,0.0,0.0,0.0,0.0,0.0,0.0,0.0,0.0,182.88,male
Julian Sanchez,0.0,1.0,190.5,136.08,182.88,Orthodox,38.0,0.0,0.0,0.0,0.0,0.0,0.0,0.0,0.0,182.88,male
Dave Berry,0.0,1.0,190.5,102.97,182.88,Missing,38.0,0.0,0.0,0.0,0.0,0.0,0.0,0.0,0.0,182.88,male
Sam Fulton,0.0,2.0,180.34,146.51,182.88,Missing,38.0,0.0,0.0,0.0,0.0,0.0,0.0,0.0,0.0,182.88,male
John Campetella,0.0,1.0,175.26,106.59,182.88,Orthodox,38.0,0.0,0.0,0.0,0.0,0.0,0.0,0.0,0.0,182.88,male
Scott Fiedler,0.0,1.0,193.04,106.59,182.88,Orthodox,38.0,0.0,0.0,0.0,0.0,0.0,0.0,0.0,0.0,182.88,male
Felix Lee Mitchell,2.0,7.0,190.5,102.06,182.88,Orthodox,38.0,0.0,0.0,0.0,0.0,0.0,0.0,0.0,0.0,182.88,male
Geza Kalman,4.0,9.0,185.42,90.72,182.88,Missing,38.0,0.0,0.0,0.0,0.0,0.0,0.0,0.0,0.0,182.88,male
Dieusel Berto,0.0,3.0,175.26,90.72,182.88,Missing,38.0,0.0,0.0,0.0,0.0,0.0,0.0,0.0,0.0,182.88,male
Koji Kitao,1.0,2.0,200.66,158.76,182.88,Southpaw,60.0,0.0,0.0,0.0,0.0,0.0,0.0,0.0,0.0,182.88,male
Mark Schultz,1.0,1.0,175.26,90.72,182.88,Orthodox,38.0,0.0,0.0,0.0,0.0,0.0,0.0,0.0,0.0,182.88,male
Rafael Carino,2.0,1.0,203.2,111.13,182.88,Orthodox,38.0,0.0,0.0,0.0,0.0,0.0,0.0,0.0,0.0,182.88,male
Matt Andersen,14.0,8.0,187.96,104.33,182.88,Southpaw,52.0,0.0,0.0,0.0,0.0,0.0,0.0,0.0,0.0,182.88,male
Zane Frazier,4.0,11.0,195.58,113.4,182.88,Orthodox,33.0,0.0,0.0,0.0,0.0,0.0,0.0,0.0,0.0,182.88,female
Paul Herrera,1.0,1.0,177.8,83.91,182.88,Orthodox,38.0,0.0,0.0,0.0,0.0,0.0,0.0,0.0,0.0,182.88,male
Thomas Ramirez,0.0,1.0,185.42,185.97,182.88,Sideways,38.0,0.0,0.0,0.0,0.0,0.0,0.0,0.0,0.0,182.88,male
Keith Mielke,0.0,5.0,172.72,83.91,182.88,Missing,38.0,0.0,0.0,0.0,0.0,0.0,0.0,0.0,0.0,182.88,male
Oleg Taktarov,17.0,5.0,182.88,95.25,182.88,Orthodox,56.0,0.0,0.0,0.0,0.0,0.0,0.0,0.0,0.0,182.88,male
Keith Hackney,2.0,2.0,180.34,90.72,182.88,Sideways,38.0,0.0,0.0,0.0,0.0,0.0,0.0,0.0,0.0,182.88,male
Steve Jennum,2.0,3.0,177.8,97.52,182.88,Orthodox,38.0,0.0,0.0,0.0,0.0,0.0,0.0,0.0,0.0,182.88,male
Trent Jenkins,0.0,4.0,187.96,83.91,182.88,Missing,38.0,0.0,0.0,0.0,0.0,0.0,0.0,0.0,0.0,182.88,male
Scott Bessac,4.0,6.0,193.04,111.13,182.88,Missing,38.0,0.0,0.0,0.0,0.0,0.0,0.0,0.0,0.0,182.88,male
Remco Pardoel,9.0,6.0,190.5,117.93,182.88,Southpaw,38.0,0.0,0.0,0.0,0.0,0.0,0.0,0.0,0.0,182.88,male
Larry Cureton,0.0,2.0,187.96,108.86,182.88,Orthodox,38.0,0.0,0.0,0.0,0.0,0.0,0.0,0.0,0.0,182.88,male
Ryan Parker,0.0,1.0,190.5,106.59,182.88,Southpaw,38.0,0.0,0.0,0.0,0.0,0.0,0.0,0.0,0.0,182.88,male
Harold Howard,1.0,3.0,187.96,108.86,182.88,Orthodox,38.0,0.0,0.0,0.0,0.0,0.0,0.0,0.0,0.0,182.88,male
Gerry Harris,1.0,4.0,203.2,122.47,182.88,Orthodox,38.0,0.0,0.0,0.0,0.0,0.0,0.0,0.0,0.0,182.88,male
David Hood,1.0,3.0,182.88,90.72,182.88,Missing,38.0,0.0,0.0,0.0,0.0,0.0,0.0,0.0,0.0,182.88,male
Onassis Parungao,2.0,1.0,180.34,90.72,182.88,Missing,38.0,0.0,0.0,0.0,0.0,0.0,0.0,0.0,0.0,182.88,male
Francesco Maturi,0.0,1.0,180.34,90.72,182.88,Missing,38.0,0.0,0.0,0.0,0.0,0.0,0.0,0.0,0.0,182.88,male
Joel Sutton,2.0,4.0,180.34,92.99,182.88,Orthodox,38.0,0.0,0.0,0.0,0.0,0.0,0.0,0.0,0.0,182.88,male
Anthony Macias,26.0,18.0,175.26,83.91,182.88,Switch,38.0,0.0,0.0,0.0,0.0,0.0,0.0,0.0,0.0,182.88,male
Patrick Smith,20.0,17.0,187.96,102.06,182.88,Orthodox,60.0,0.0,0.0,0.0,0.0,0.0,0.0,0.0,0.0,182.88,male
Rudyard Moncayo,0.0,3.0,177.8,88.45,182.88,Orthodox,38.0,0.0,0.0,0.0,0.0,0.0,0.0,0.0,0.0,182.88,male
John Matua,1.0,4.0,187.96,181.44,182.88,Orthodox,38.0,0.0,0.0,0.0,0.0,0.0,0.0,0.0,0.0,182.88,male
He-Man Gipson,1.0,2.0,175.26,83.91,182.88,Missing,38.0,0.0,0.0,0.0,0.0,0.0,0.0,0.0,0.0,182.88,male
Jack McGlaughlin,1.0,4.0,180.34,92.99,182.88,Orthodox,38.0,0.0,0.0,0.0,0.0,0.0,0.0,0.0,0.0,182.88,male
Todd Medina,11.0,9.0,177.8,87.54,182.88,Southpaw,38.0,0.0,0.0,0.0,0.0,0.0,0.0,0.0,0.0,182.88,male
Ernie Verdicia,0.0,1.0,180.34,90.26,182.88,Orthodox,38.0,0.0,0.0,0.0,0.0,0.0,0.0,0.0,0.0,182.88,male
Jon Hess,1.0,1.0,200.66,133.81,182.88,Missing,38.0,0.0,0.0,0.0,0.0,0.0,0.0,0.0,0.0,182.88,male
Andy Anderson,0.0,1.0,167.64,108.86,182.88,Missing,49.0,0.0,0.0,0.0,0.0,0.0,0.0,0.0,0.0,182.88,male
John Dowdy,0.0,1.0,185.42,90.72,182.88,Missing,38.0,0.0,0.0,0.0,0.0,0.0,0.0,0.0,0.0,182.88,male
Asbel Cancio,0.0,1.0,177.8,102.06,182.88,Missing,38.0,0.0,0.0,0.0,0.0,0.0,0.0,0.0,0.0,182.88,male
Melton Bowen,0.0,1.0,182.88,102.06,182.88,Orthodox,54.0,0.0,0.0,0.0,0.0,0.0,0.0,0.0,0.0,182.88,male
Joe Son,0.0,4.0,162.56,107.05,182.88,Orthodox,53.0,0.0,0.0,0.0,0.0,0.0,0.0,0.0,0.0,182.88,male
Ron van Clief,0.0,1.0,177.8,86.18,182.88,Orthodox,81.0,0.0,0.0,0.0,0.0,0.0,0.0,0.0,0.0,182.88,male
Jason Fairn,4.0,5.0,185.42,104.33,182.88,Missing,38.0,0.0,0.0,0.0,0.0,0.0,0.0,0.0,0.0,182.88,male
Eldo Xavier Dias,0.0,1.0,180.34,81.65,182.88,Missing,59.0,0.0,0.0,0.0,0.0,0.0,0.0,0.0,0.0,182.88,male
Kevin Rosier,2.0,6.0,193.04,124.74,182.88,Orthodox,38.0,0.0,0.0,0.0,0.0,0.0,0.0,0.0,0.0,182.88,male
Felix Lee Mitchell,2.0,7.0,185.42,92.99,182.88,Orthodox,38.0,0.0,0.0,0.0,0.0,0.0,0.0,0.0,0.0,182.88,male
Roland Payne,0.0,1.0,175.26,92.99,182.88,Orthodox,38.0,0.0,0.0,0.0,0.0,0.0,0.0,0.0,0.0,182.88,male
Emmanuel Yarborough,1.0,2.0,203.2,349.27,182.88,Open Stance,63.0,0.0,0.0,0.0,0.0,0.0,0.0,0.0,0.0,182.88,male
Johnny Rhodes,2.0,1.0,182.88,95.25,182.88,Orthodox,38.0,0.0,0.0,0.0,0.0,0.0,0.0,0.0,0.0,182.88,male
Orlando Wiet,1.0,5.0,177.8,77.11,182.88,Southpaw,38.0,0.0,0.0,0.0,0.0,0.0,0.0,0.0,0.0,182.88,male
Fred Ettish,1.0,1.0,182.88,81.65,182.88,Southpaw,38.0,0.0,0.0,0.0,0.0,0.0,0.0,0.0,0.0,182.88,male
Scott Morris,2.0,1.0,177.8,95.25,182.88,Orthodox,38.0,0.0,0.0,0.0,0.0,0.0,0.0,0.0,0.0,182.88,male
Minoki Ichihara,0.0,1.0,170.18,80.74,182.88,Orthodox,38.0,0.0,0.0,0.0,0.0,0.0,0.0,0.0,0.0,182.88,male
Scott Baker,1.0,1.0,182.88,95.25,182.88,Missing,38.0,0.0,0.0,0.0,0.0,0.0,0.0,0.0,0.0,182.88,male
Alberta Cerra Leon,0.0,1.0,172.72,107.95,182.88,Missing,33.0,0.0,0.0,0.0,0.0,0.0,0.0,0.0,0.0,182.88,female
Robert Lucarelli,0.0,1.0,187.96,111.13,182.88,Missing,38.0,0.0,0.0,0.0,0.0,0.0,0.0,0.0,0.0,182.88,male
Frank Hamaker,1.0,0.0,187.96,111.13,182.88,Missing,38.0,0.0,0.0,0.0,0.0,0.0,0.0,0.0,0.0,182.88,male
Thaddeus Luster,0.0,1.0,190.5,95.25,182.88,Missing,38.0,0.0,0.0,0.0,0.0,0.0,0.0,0.0,0.0,182.88,male
David Levicki,1.0,3.0,195.58,124.74,182.88,Missing,38.0,0.0,0.0,0.0,0.0,0.0,0.0,0.0,0.0,182.88,male
Ray Wizard,0.0,1.0,187.96,102.06,182.88,Missing,38.0,0.0,0.0,0.0,0.0,0.0,0.0,0.0,0.0,182.88,male
Sean Daugherty,0.0,2.0,182.88,79.38,182.88,Missing,48.0,0.0,0.0,0.0,0.0,0.0,0.0,0.0,0.0,182.88,male
Missing,14.39911218724778,6.11138014527845,178.38426150121066,76.87685230024213,182.88,Missing,38.0,2.9326230831315576,0.4060290556900727,3.388567393058918,0.488910411622276,1.3935431799838578,0.3225706214689265,0.4949717514124294,0.602179176755448,182.88,male
